opp_id,source,funder,program,url,type,amount_min,amount_max,deadline,open_date,status,eligibility,categories,geography,summary,first_seen,last_checked,score,score_reasons,decision,notes
ca-1074,grants.ca.gov,Department of Water Resources,2018-2019 Urban Streams Restoration Program Solicitation,https://water.ca.gov/Programs/Integrated-Regional-Water-Management/Riverine-Stewardship-Program/Riverine-Stewardship-Grants,state,,,2019-08-30,2019-07-02,closed,Nonprofit; Public Agency; Tribal Government,Disadvantaged Communities; Disaster Prevention & Relief; Environment & Water; Parks & Recreation,"The geographic scope of the USRP is statewide. Only projects benefiting disadvantaged communities may apply for planning-only grants, and these communities are exempt from the 20% match eligibility requirement.","Since 1985, the Urban Streams Restoration Program provided more than 270 grants in accordance with California Water Code Section 7048, ranging from $1,000 to $1 million to communities throughout California. We fund planning and implementation projects that protect infrastructure by restoring streams",2026-09-29,2026-09-29,0,closed,,
ca-1092,grants.ca.gov,Department of Water Resources,2018-2019 San Joaquin Fish Population Enhancement Program,https://water.ca.gov/Programs/Integrated-Regional-Water-Management/Riverine-Stewardship-Program/Riverine-Stewardship-Grants,state,,,2019-11-15,2019-07-02,closed,Nonprofit; Public Agency; Tribal Government,"Agriculture; Disadvantaged Communities; Environment & Water; Science, Technology, and Research & Development","Limited in geographic scope to the tributaries of the San Joaquin River, including the Cosumnes, Mokelumne, Calaveras, Stanislaus, Tuolumne, and the Merced rivers, and the San Joaquin River between its confluence with the Mokelumne River and its confluence with the Merced River. All projects must benefit native fishes in the lower San Joaquin River watershed","SJFPEP funds projects through local assistance grants or direct expenditures to improve conditions for survival of various life stages of salmonids and other native fish populations in the lower San Joaquin River watershed, and to reduce vulnerability of native fishes to water diversions, predation,",2026-09-29,2026-09-29,0,closed,,
ca-1050,grants.ca.gov,CA Natural Resources Agency,Urban Greening,https://resources.ca.gov/grants/urban-greening,state,,,2020-07-15,2020-06-09,closed,Nonprofit; Public Agency,"Disadvantaged Communities; Environment & Water; Housing, Community and Economic Development; Parks & Recreation","Statewide. Priority will be given to projects that are in and serve disadvantaged and/or low income communities.  If a project does not qualify as a disadvantaged community under CalEnviroScreen 3.0 or a low-income community, it must be located in an urban area. ",Support the development of green infrastructure projects that reduce greenhouse gas emissions and provide multiple benefits.,2026-09-29,2026-09-29,0,closed,,
ca-2082,grants.ca.gov,Department of Housing and Community Development,Emergency Solutions Grants Program–Coronavirus (ESG-CV),https://www.hcd.ca.gov/grants-funding/active-funding/esg.shtml,state,,,2020-07-20,2020-07-14,closed,Nonprofit; Public Agency,"Housing, Community and Economic Development","State ESG–funded activities may serve the entire service area of the applicable Continum of Care (COC) service area, but must serve non-entitlement areas within the service area.  For a list of CoC Service Areas eligible to participate in the State’s ESG program, refer to Appendix A of the current NOFA.","The Emergency Solutions Grant (ESG) program provides grant funding to (1) engage homeless individuals and families living on the street, (2) rapidly re-house homeless individuals and families, (3) help operate and provide essential services in emergency shelters for homeless individuals and families",2026-09-29,2026-09-29,0,closed,,
ca-1575,grants.ca.gov,Department of Health Care Access and Information,Psychiatric Education Capacity Expansion (PECE) Grant Program Psychiatric Mental Health Nurse Practitioner (PMHNP),https://oshpd.ca.gov/ml/v1/resources/document?rs:path=/Loan-Repayments-Scholarships-Grants/Documents/WET/2020-21_WET_PECE_PMHNP_Grant_Guide.pdf,state,,,2020-08-01,2020-05-26,closed,Public Agency,Education; Health & Human Services,Programs must be located in the state of California.,To increase the supply of psychiatrists and public mental health nurse practitioners (PMHNPs) trained to work in the local public mental health system (PMHS).,2026-09-29,2026-09-29,0,closed,,
ca-1578,grants.ca.gov,Department of Health Care Access and Information,Workforce Education and Training (WET) Psychiatric Education Capacity Expansion (PECE) Psychiatry Residency Grant Program,https://oshpd.ca.gov/ml/v1/resources/document?rs:path=/Loan-Repayments-Scholarships-Grants/Documents/WET/2020-21_WET_PECE_Psychiatric_Residency_Grant_Guide.pdf,state,,,2020-08-01,2020-07-10,closed,Public Agency,Education; Health & Human Services,Programs must be located in the state of California.,To increase the supply of psychiatrists and psychiatric mental health nurse practitioners (PMHNPs) trained to work in the local public mental health system (PMHS).,2026-09-29,2026-09-29,0,closed,,
ca-1644,grants.ca.gov,Department of Justice (Office of the Attorney General),Tobacco Grant Program FY2020-21 Request for Proposals,https://oag.ca.gov/tobaccogrants,state,,,2020-08-07,2020-07-07,closed,Public Agency,"Education; Law, Justice, and Legal Services","This grant opportunity is geographically limited to the state of California, and applicants should be able to demonstrate significant tobacco products usage within their jurisdiction.","The California Healthcare, Research and Prevention Tobacco Tax Act of 2016 (Prop 56) provides local public agencies with funding to promote a healthier California by reducing illegal sales and marketing of cigarettes and tobacco products, including e-cigarettes, to minors. The Office of the Attorney",2026-09-29,2026-09-29,0,closed,,
ca-2208,grants.ca.gov,Department of Social Services,UUM Legal Services Program,https://www.cdss.ca.gov/inforesources/immigration/unaccompanied-undocumented-minors,state,,,2020-08-07,2020-07-14,closed,Nonprofit,"Law, Justice, and Legal Services",CA,"The Welfare and Institutions Code(WIC) sections 13300-13302 authorize the CDSS to provide grants to qualified nonprofit legal services organizations to provide legal services to eligible UUMs, as defined in Section 279(g)(2) of Title 6 of the United States Code, who are transferred to the care and c",2026-09-29,2026-09-29,0,closed,,
ca-3180,grants.ca.gov,Department of Resources Recycling and Recovery,Farm and Ranch Solid Waste Cleanup and Abatement Grant Program (FY 2020-21) 1st Cycle,https://www.calrecycle.ca.gov/lea/grantsloans/farmranch/fy202021,state,,200000,2020-08-13,2020-07-30,closed,Public Agency; Tribal Government,Environment & Water,"The parcel where the site is located is zoned or authorized for agricultural/rangeland use, consistent w/the definition of Farm & Ranch Property. The site is used, has been used, or could be used for agricultural/rangeland activities. The site is or was (for sites previously remediated) an illegal disposal site.","Funding is primarily used to pay for the removal and proper disposal of small nuisance illegal dump sites, including, but not limited to, non-hazardous solid waste, tires, incidental amounts of household hazardous materials, and for site security measures to prevent the recurrence of illegal disposa",2026-09-29,2026-09-29,0,closed,,
ca-3024,grants.ca.gov,Department of Conservation,2019-20 Sustainable Agricultural Lands Conservation Program (SALC) Agricultural Conservation Acquisition Grants,https://www.conservation.ca.gov/dlrp/grant-programs/SALCP,state,,,2020-08-28,2020-02-25,closed,Nonprofit; Public Agency; Tribal Government,Agriculture; Environment & Water,State of California,Protect agricultural lands to support infill & compact development and to further the purposes of AB 32 by avoiding increases in the greenhouse gas emissions associated with the conversion of agricultural land to non-agricultural uses.,2026-09-29,2026-09-29,0,closed,,
ca-3021,grants.ca.gov,Department of Conservation,2019-20  Sustainable Agricultural Lands Conservation Program (SALC) Land Use Planning Grants,https://www.conservation.ca.gov/dlrp/grant-programs/SALCP,state,,,2020-08-28,2020-02-25,closed,Nonprofit; Public Agency; Tribal Government,Agriculture; Environment & Water,State of California,Protect agricultural lands to support infill & compact development and to further the purposes of AB 32 by avoiding increases in the greenhouse gas emissions associated with the conversion of agricultural land to non-agricultural uses.,2026-09-29,2026-09-29,0,closed,,
ca-1581,grants.ca.gov,Air Resources Board,Sustainable Transportation Equity Project (STEP) – Implementation Grant,https://ww3.arb.ca.gov/msprog/lct/opportunitiesgov/step.htm,state,,,2020-08-31,2020-06-04,closed,Nonprofit; Public Agency; Tribal Government,"Disadvantaged Communities; Housing, Community and Economic Development; Transportation",CA,"STEP aims to address community residents’ transportation needs, increase residents’ access to key destinations (e.g., schools, grocery stores, workplaces, daycare facilities, community centers, medical facilities), and reduce greenhouse gas emissions.",2026-09-29,2026-09-29,0,closed,,
ca-1017,grants.ca.gov,Air Resources Board,Sustainable Transportation Equity Project (STEP) – Planning and Capacity Building,https://ww3.arb.ca.gov/msprog/lct/opportunitiesgov/step.htm,state,,,2020-08-31,2020-06-04,closed,Nonprofit; Public Agency; Tribal Government,"Disadvantaged Communities; Housing, Community and Economic Development; Transportation",CA,"STEP is a new transportation equity pilot that aims to address community residents’ transportation needs, increase access to key destinations, and reduce greenhouse gas emissions by funding planning, clean transportation, and supporting projects.",2026-09-29,2026-09-29,0,closed,,
ca-1686,grants.ca.gov,Coastal Conservancy,Sea Otter Recovery Grants,https://scc.ca.gov/2020/07/09/sea-otter-recovery-grants-2021/,state,,,2020-09-01,2020-07-10,closed,Nonprofit; Public Agency; Tribal Government,Environment & Water,CA,"Grants for research, science, protection, or programs related to the Federal Sea Otter Recovery Plan or improving the nearshore ocean ecosystem, including activities to reduce sea otter mortality and for public outreach activities that encourage taxpayers to make contributions by voluntary checkoff ",2026-09-29,2026-09-29,0,closed,,
ca-3120,grants.ca.gov,Department of Fish and Wildlife,2021 Native Wildlife Rehabilitation Voluntary Tax Contribution Fund Grants Program,http://nrm.dfg.ca.gov/FileHandler.ashx?DocumentID=181805,state,,,2020-09-01,2020-08-01,closed,Individual; Nonprofit,"Environment & Water; Science, Technology, and Research & Development","Eligible projects may be any nonprofit organization that operates a permitted wildlife rehabilitation facility, or as an authorized satellite facility (sub-permittee), anywhere in California.","The California Department of Fish and Wildlife (CDFW) has established a grants program to support and advance the recovery and rehabilitation of injured, sick or orphaned wildlife in the state.    Funds may be used to support operations, ongoing facility needs, innovation in wildlife care (e.g. reha",2026-09-29,2026-09-29,0,closed,,
ca-3504,grants.ca.gov,CA Department of Food and Agriculture,Vertebrate Pest Control Research Program,https://www.cdfa.ca.gov/plant/ipc/vertebrates/vertebrates_hp.htm,state,,,2020-09-02,2020-08-19,closed,Business; Individual; Nonprofit; Public Agency; Tribal Government,"Agriculture; Environment & Water; Food & Nutrition; Health & Human Services; Science, Technology, and Research & Development",Proposals that originate from outside of California are considered if the proposal includes relevance to vertebrate pest concerns within California. ,Research proposals are currently being accepted by the California Department of Food and Agriculture’s (CDFA) Vertebrate Pest Control Program (VPCP) within the Integrated Pest Control Branch.  Proposals may focus on research and/or education projects to enhance control measures of vertebrate pests t,2026-09-29,2026-09-29,0,closed,,
ca-1593,grants.ca.gov,State Treasurer's Office,Children’s Hospital Program of 2018 -Eligible Hospitals,https://www.treasurer.ca.gov/chffa/hospital.asp,state,,115000000,2020-09-10,2020-07-08,closed,Nonprofit; Public Agency,Health & Human Services,None.,"The purpose of the program is to improve the health and welfare of California’s critically ill children, by providing a stable and ready source of funds for capital improvement projects for eligible hospitals.",2026-09-29,2026-09-29,0,closed,,
ca-3369,grants.ca.gov,Tahoe Conservancy,Proposition 1 Grant Program,https://tahoe.ca.gov/conservancys-proposition-1-grant-program/,state,,,2020-09-11,2020-08-10,closed,Nonprofit; Public Agency; Tribal Government,Environment & Water,Lake Tahoe Basin,"The principal goal of the Conservancy 's Proposition 1 grant program is to support implementation of the Lake Tahoe Environmental Improvement Program by providing funding for multi-benefit stormwater, watershed and ecosystem restoration, aquatic invasive species, forest health, and sustainable commu",2026-09-29,2026-09-29,0,closed,,
ca-3168,grants.ca.gov,Department of Conservation,2020 Sustainable Groundwater Management Watershed Coordinator Grants,https://www.conservation.ca.gov/dlrp/grant-programs/watershed,state,,,2020-09-15,2020-07-29,closed,,Environment & Water,State of CA,The purpose of the Sustainable Groundwater Management Watershed Coordinator Grant Program is to fund watershed coordinator to support implementation of groundwater sustainability plans consistent with Proposition 50 water bond funding.                    ,2026-09-29,2026-09-29,0,closed,,
ca-1917,grants.ca.gov,Department of Housing and Community Development,Community Development Block Grant (CDBG),https://www.hcd.ca.gov/grants-funding/active-funding/cdbg.shtml#funding,state,,,2020-09-15,2020-07-13,closed,Public Agency; Tribal Government,"Housing, Community and Economic Development",Any California city or county is eligible to apply for CDBG program funding except a city or county that participates in the HUD-administered CDBG entitlement program.,The California Department of Housing and Community Development’s Community Development Block Program (CDBG) partners with rural cities and counties to improve the lives of their low- and moderate-income residents through the creation and expansion of community and economic development opportunities ,2026-09-29,2026-09-29,0,closed,,
ca-3480,grants.ca.gov,CA Department of Food and Agriculture,2021 Noxious Weed Grant Program,https://www.cdfa.ca.gov/plant/IPC/encycloweedia/encycloweedia_hp.html,state,,32000,2020-09-18,2020-08-19,closed,Public Agency,Agriculture; Environment & Water,The project site must be located within the state of California.,The California Department of Food and Agriculture's (CDFA) 2021 Noxious Weed Grant Program (NWGP) will award grants to eligible applicants within the State of California for the implementation of an integrated weed management plan.,2026-09-29,2026-09-29,0,closed,,
ca-3720,grants.ca.gov,CA Natural Resources Agency,Museum Grant Program,https://resources.ca.gov/grants/california-museum,state,,2000040000,2020-09-18,2020-08-27,closed,Nonprofit; Public Agency; Tribal Government,Disadvantaged Communities; Education; Libraries and Arts,Statewide.,"The program seeks projects that assist the California Cultural and Historical Endowment in supporting and enhancing museums services that recognize the importance of making art, science, history and culture available to the residents of California, with an emphasis on underserved communities.    Pri",2026-09-29,2026-09-29,0,closed,,
ca-1905,grants.ca.gov,Wildlife Conservation Board,Stream Flow Enhancement Program 2020 Proposal Solicitation Notice,https://nrm.dfg.ca.gov/FileHandler.ashx?DocumentID=180640&inline,state,,,2020-10-01,2020-07-10,closed,Nonprofit; Public Agency; Tribal Government,Environment & Water,CA,"Wildlife Conservation Board's Stream Flow Enhancement Program's Solicitation is seeking multi-benefit projects that result in enhanced stream flow. The primary focus is on enhancing flow in streams that support anadromous fish; support special status, threatened, endangered, or at-risk species; and/",2026-09-29,2026-09-29,0,closed,,
ca-3117,grants.ca.gov,CA Energy Commission,GFO-20-303 – Advanced Plug Load and Smart Exterior Lighting Systems,https://www.energy.ca.gov,state,,,2020-10-05,2020-07-28,closed,Nonprofit; Public Agency,Energy,"All test, demonstration or deployment sites (Groups 2 and 3) must be located in a California electric IOU service territory (Pacific Gas and Electric Co., San Diego Gas and Electric Co., or Southern California Edison Co.).  In addition, for Group 3 projects, all demonstration sites must be located in disadvantaged or low-income communities and meet the requirements of the Group 3 Scoring Requirements in Section IV.F, Scoring Criteria 8.",The purpose of this solicitation is to fund applied research and technology demonstration projects to advance innovative technologies for controlling plug load and exterior lighting energy use.,2026-09-29,2026-09-29,0,closed,,
ca-1194,grants.ca.gov,Department of Pesticide Regulation,Department of Pesticide Regulation Research Grants Program,https://www.cdpr.ca.gov/docs/pestmgt/grants/research/index.htm,state,,50000500000,2020-10-09,2020-09-01,closed,Business; Individual; Nonprofit; Public Agency; Tribal Government,"Agriculture; Disadvantaged Communities; Education; Employment, Labor & Training; Environment & Water; Food & Nutrition; Housing, Community and Economic Development; Parks & Recreation; Science, Technology, and Research & Development","Projects must primarily benefit the people of California. Work may be conducted outside of California, but justification must be provided.",DPR's Research Grants Program provides funding to develop practices that reduce the use of and risk from pesticides which are of human health or environmental concern in California.,2026-09-29,2026-09-29,0,closed,,
ca-2955,grants.ca.gov,Department of Health Care Access and Information,Licensed Mental Health Services Provider Education Program,https://oshpd.ca.gov/loans-scholarships-grants/loan-repayment/lmhspep/,state,,,2020-10-13,2020-08-03,closed,Individual,Disadvantaged Communities; Health & Human Services,"Eligible sites include Publicly Funded or Public Mental Health Facilities, Non-Profit Mental Health Facilities that contract with a county entity to provide mental health services, and/or Health Professional Shortage Area- Mental Health (HPSA-MH) .","The Licensed Mental Health Service Provider Education Program provides loan repayment assistance for mental healthcare professionals providing direct care in a publicly funded or public mental health facility, a nonprofit mental health facility that contracts with a county entity to provide mental h",2026-09-29,2026-09-29,0,closed,,
ca-4055,grants.ca.gov,Department of Cannabis Control,Public University Research Grants,https://bcc.ca.gov/about_us/research_grant.html,state,,12000000,2020-10-19,2020-09-17,closed,Public Agency,"Consumer Protection; Disadvantaged Communities; Environment & Water; Health & Human Services; Law, Justice, and Legal Services",CA,"The Bureau of Cannabis Control (Bureau) is accepting proposals from public universities in California for research projects related to the implementation and effect of Proposition 64, the voter initiative passed in November 2016, which legalized the non-medicinal adult-use of cannabis.",2026-09-29,2026-09-29,0,closed,,
ca-4214,grants.ca.gov,Department of Housing and Community Development,Emergency Solutions Grants Program–Coronavirus (ESG-CV) Round 2,https://www.hcd.ca.gov/grants-funding/active-funding/esg.shtml,state,,,2020-10-21,2020-10-06,closed,Nonprofit; Public Agency,"Housing, Community and Economic Development","State ESG–funded activities may serve the entire service area of the applicable Continum of Care (COC) service area, but must serve non-entitlement areas within the service area.  For a list of CoC Service Areas eligible to participate in the State’s ESG program, refer to Appendix A of the current NOFA.","The Emergency Solutions Grant (ESG) program provides grant funding to (1) engage homeless individuals and families living on the street, (2) rapidly re-house homeless individuals and families, (3) help operate and provide essential services in emergency shelters for homeless individuals and families",2026-09-29,2026-09-29,0,closed,,
ca-4106,grants.ca.gov,CA Department of Food and Agriculture,2020 CalAgPlate Grant Program Request for Grant Proposals,https://www.cdfa.ca.gov/egov/calagplate/,state,,2500204000,2020-10-22,2020-09-25,closed,Nonprofit; Public Agency; Tribal Government,"Agriculture; Education; Employment, Labor & Training; Food & Nutrition",CA,"The CalAgPlate program funds projects that support agricultural education, agricultural career awareness and development, agriculture career training, and agriculture leadership development to assist students at the kindergarten through twelfth grade (K-12), post-secondary, and adult education level",2026-09-29,2026-09-29,0,closed,,
ca-4052,grants.ca.gov,CA Department of Food and Agriculture,2021 Specialty Crop Block Grant Program Request for Concept Proposals,https://www.cdfa.ca.gov/Specialty_Crop_Competitiveness_Grants/docs/2021-SCBGP_ProposedProgramPriorities.pdf,state,,50000450000,2020-10-23,2020-09-18,closed,Business; Nonprofit; Public Agency; Tribal Government,"Agriculture; Disadvantaged Communities; Education; Employment, Labor & Training; Environment & Water; Food & Nutrition; Science, Technology, and Research & Development",CA,The California Department of Food and Agriculture's (CDFA) Specialty Crop Block Grant Program (SCBGP) funds projects that enhance the competitiveness of California specialty crops. The SCBGP is designed to support all sectors of California's specialty crop industry and improve the performance of Cal,2026-09-29,2026-09-29,0,closed,,
ca-3516,grants.ca.gov,CA Volunteers,2021 AmeriCorps State Grant Funding Opportunity,https://www.californiavolunteers.ca.gov/grants/americorps/2021rfa,state,,,2020-10-27,2020-09-17,closed,Nonprofit; Public Agency; Tribal Government,"Disadvantaged Communities; Disaster Prevention & Relief; Education; Employment, Labor & Training; Environment & Water; Food & Nutrition; Health & Human Services; Housing, Community and Economic Development; Law, Justice, and Legal Services; Libraries and Arts; Parks & Recreation; Veterans & Military",Only applicants that propose to operate within California are eligible to apply.,AmeriCorps is a national service program that provides opportunities for Americans each year to serve their country as AmeriCorps members by engaging in intensive results-driven service that addresses community problems. An AmeriCorps member is an individual who engages in community service through ,2026-09-29,2026-09-29,0,closed,,
ca-3909,grants.ca.gov,Department of Housing and Community Development,2020 General CalHome Notice of Funding Availability,http://www.hcd.ca.gov/grants-funding/active-no-funding/calhome.shtml,state,,,2020-10-29,2020-09-03,closed,Nonprofit; Public Agency,"Housing, Community and Economic Development",Defer to NOFA.,The purpose of CalHome is to enable low and very low-income households to become or remain homeowners.,2026-09-29,2026-09-29,0,closed,,
ca-4262,grants.ca.gov,Governor's Office of Emergency Services,2020-21 Community Power Resiliency Allocation to Tribes RFP,https://www.caloes.ca.gov/pages/Grant-Details.aspx?itemID=419&ItemTitle=2020-21%20Community%20Power%20Resiliency%20Allocation%20to%20Special%20Districts%20RFP,state,,1150000,2020-10-30,2020-10-09,closed,Tribal Government,Disadvantaged Communities; Disaster Prevention & Relief; Energy,CA,The purpose of the Community Power Resiliency Allocation to Tribes Program is to support California federally recognized tribes with additional preparedness measures in response to power outage events.,2026-09-29,2026-09-29,0,closed,,
ca-4256,grants.ca.gov,Governor's Office of Emergency Services,2020-21 Community Power Resiliency Allocation to Special Districts RFP,https://www.caloes.ca.gov/pages/Grant-Details.aspx?itemID=419&ItemTitle=2020-21%20Community%20Power%20Resiliency%20Allocation%20to%20Special%20Districts%20RFP,state,,1300000,2020-10-30,2020-10-09,closed,Public Agency,Disadvantaged Communities; Disaster Prevention & Relief; Energy,CA,The purpose of the Community Power Resiliency Allocation to Special Districts Program is to support California special districts with additional preparedness measures in response to power outage events.,2026-09-29,2026-09-29,0,closed,,
ca-4244,grants.ca.gov,Governor's Office of Emergency Services,2020-21 Community Power Resiliency Allocation to Cities Program RFP,https://www.caloes.ca.gov/pages/Grant-Details.aspx?itemID=418&ItemTitle=2020-21%20Community%20Power%20Resiliency%20Allocation%20to%20Cities%20Program%20RFP,state,,1300000,2020-10-30,2020-10-09,closed,Public Agency,Disadvantaged Communities; Disaster Prevention & Relief; Energy,"To be eligible to receive funds, the entity must be a California incorporated city.Community Power Resiliency Allocation to Cities Program RFP Cal OES FY 20-21 Page 2, Part I",The purpose of the Community Power Resiliency Allocation to Cities Program is to support California incorporated cities with additional preparedness measures in response to power outage events.     ,2026-09-29,2026-09-29,0,closed,,
ca-3992,grants.ca.gov,Governor's Office of Business and Economic Development,California Community Reinvestment Grants Program,https://www.business.ca.gov/CalCRG,state,,100000900000,2020-11-02,2020-09-28,closed,Nonprofit; Public Agency,"Disadvantaged Communities; Employment, Labor & Training; Health & Human Services; Housing, Community and Economic Development; Law, Justice, and Legal Services",The CalCRG program statute requires programs and services to be provided to communities disproportionately impacted by past federal and state drug policies. Applicants must provide services in one or more of the identified CalCRG eligible counties or census tracts in California.,"The CalCRG program awards grants to Local Health Departments and qualified Community-based Nonprofit Organizations to support job placement, mental health treatment, substance use disorder treatment, system navigation services, legal services to address barriers to reentry, and linkages to medical c",2026-09-29,2026-09-29,0,closed,,
ca-3219,grants.ca.gov,Department of Resources Recycling and Recovery,Farm and Ranch Solid Waste Cleanup and Abatement Grant Program (FY 2020-21) 2nd Cycle,https://www.calrecycle.ca.gov/lea/grantsloans/farmranch/fy202021,state,,200000,2020-11-05,2020-08-14,closed,Public Agency; Tribal Government,Environment & Water,"The parcel where the site is located is zoned or authorized for agricultural/rangeland use, consistent w/the definition of Farm & Ranch Property. The site is used, has been used, or could be used for agricultural/rangeland activities. The site is or was (for sites previously remediated) an illegal disposal site.","Funding is primarily used to pay for the removal and proper disposal of small nuisance illegal dump sites, including, but not limited to, non-hazardous solid waste, tires, incidental amounts of household hazardous materials, and for site security measures to prevent the recurrence of illegal disposa",2026-09-29,2026-09-29,0,closed,,
ca-4100,grants.ca.gov,CA Natural Resources Agency,Youth Community Access (2020),https://resources.ca.gov/grants/youth,state,,,2020-11-16,2020-09-23,closed,Nonprofit; Public Agency; Tribal Government,"Disadvantaged Communities; Education; Environment & Water; Health & Human Services; Housing, Community and Economic Development; Libraries and Arts; Parks & Recreation",Statewide.,"Support youth access to natural and cultural resources with a focus on low-income and disadvantaged communities including, but not limited to, community education and recreational amenities to support youth substance use prevention and early intervention.",2026-09-29,2026-09-29,0,closed,,
ca-4235,grants.ca.gov,CA State Library,Library Services and Technology Act Local and Collaborative Competitive Grant,https://www.library.ca.gov/grants/library-services-technology-act/,state,,10000250000,2020-11-20,2020-10-12,closed,Public Agency,"Disadvantaged Communities; Education; Employment, Labor & Training; Libraries and Arts",Grant is limited to California.,The California State Library’s competitive LSTA grant opportunities help California’s libraries respond effectively to local needs and align services with local community aspirations; support experimentation and research and development in California’s libraries; and provide training and support in ,2026-09-29,2026-09-29,0,closed,,
ca-1689,grants.ca.gov,Department of Water Resources,Coastal Watershed Flood Risk Reduction,https://water.ca.gov/Work-With-Us/Grants-And-Loans/Coastal-Watershed-Flood-Risk-Reduction,state,,,2020-11-20,2020-07-08,closed,Nonprofit; Public Agency; Tribal Government,Disadvantaged Communities; Disaster Prevention & Relief; Environment & Water,"Eligible projects must be located in California Coastal Watersheds, including the North Coast, San Francisco Bay, Central Coast, and South Coast watersheds. However, projects in the Sacramento-San Joaquin River Delta are excluded. Priority points will be given to projects in the Federal Emergency Management Agency’s (FEMA)’s Coastal V/VE and Coastal A/AE zones, FEMA’s Coastal Special Flood Hazard Areas (SFHAs).",To provide grants for applicants to implement flood risk reduction projects with fish and wildlife habitat enhancements in coastal watersheds.,2026-09-29,2026-09-29,0,closed,,
ca-4307,grants.ca.gov,Department of Resources Recycling and Recovery,FY 2020-21 and 2021-22 Beverage Container Recycling Grant Program RBC 32-33,https://calrecycle.ca.gov/bevcontainer/grants/bevcontainer/fy2020-22,state,,,2020-12-01,2020-10-15,closed,Nonprofit; Public Agency; Tribal Government,"Disadvantaged Communities; Education; Environment & Water; Housing, Community and Economic Development; Libraries and Arts; Parks & Recreation",The project(s) must be located in California.,"The purpose of the grant is to issue up to $1,500,000 annually in the form of grants for beverage container recycling and litter reduction programs to promote increased recycling of beverage containers throughout California and reduce beverage container litter in the waste stream.",2026-09-29,2026-09-29,0,closed,,
ca-4363,grants.ca.gov,Employment Development Department,VETERANS’ EMPLOYMENT-RELATED ASSISTANCE PROGRAM,https://www.edd.ca.gov/Jobs_and_Training/WDSFP_Workforce_Development_Solicitations_for_Proposals.htm,state,,250000500000,2020-12-08,2020-10-26,closed,Business; Nonprofit; Public Agency,"Employment, Labor & Training; Veterans & Military",CA,The goal of this initiative is to promote the use of regional industry-sector strategies as the framework to help unemployed and underemployed veterans with significant barriers to employment transition from military careers to rewarding civilian employment.,2026-09-29,2026-09-29,0,closed,,
ca-2028,grants.ca.gov,Department of Parks and Recreation,Statewide Park Development and Community Revitalization Program (SPP) PROP 68,https://www.parks.ca.gov/?page_id=29939,state,,2000008500000,2020-12-14,2020-07-13,closed,Nonprofit; Public Agency,Disadvantaged Communities; Environment & Water; Health & Human Services; Parks & Recreation,"Statewide. Use the Community FactFinder Tool to find competitive project sites.  See the Community FactFinder Video and Handbook for more information at www.parks.ca.gov/spp See the Application Guide ""Project Selection Criteria"" numbers 1, 2, and 3 on pages 15-19 at www.parks.ca.gov/spp Priority is given to projects that create new parks in an economically disadvantaged, park deficient community.    ","Create new parks, expand, or improve existing parks, to increase park access in under-served communities throughout California.  ",2026-09-29,2026-09-29,0,closed,,
ca-4495,grants.ca.gov,CA Department of Food and Agriculture,Pet Lover’s License Plate Grant Program,http://www.cdfa.ca.gov/SpayNeuter/,state,,500050000,2020-12-18,2020-11-19,closed,Nonprofit; Public Agency,Animal Services,CA,"The California Department of Food and Agriculture (CDFA) is pleased to announce a competitive solicitation process to award up to $330,000 in funding under the California Pet Lover’s License Plate grant program to help stop pet overpopulation in California.",2026-09-29,2026-09-29,0,closed,,
ca-3924,grants.ca.gov,Department of Housing and Community Development,"2019 CalHome Disaster Assistance, Round 2, Supplement",http://www.hcd.ca.gov/grants-funding/active-no-funding/calhome.shtml,state,,,2020-12-21,2020-09-11,closed,Nonprofit; Public Agency,"Housing, Community and Economic Development","Limited to Butte, Lake, Los Angeles, Mendocino, Napa, Nevada, Orange, San Diego, Santa Barbara, Shasta, Sonoma, and Ventura Counties",The purpose of CalHome is to enable low- and very low-income households to become or remain homeowners.,2026-09-29,2026-09-29,0,closed,,
ca-3432,grants.ca.gov,Victim Compensation Board,Trauma Recovery Center (TRC) Grant,https://victims.ca.gov/board/grants.aspx,state,,,2020-12-30,2020-11-30,closed,Business; Individual; Nonprofit; Public Agency; Tribal Government,Disadvantaged Communities; Health & Human Services,Statewide,The Trauma Recovery Center (TRC) Grant funds centers throughout California that assist victims of violent crime. These centers provide wrap-around services and assist victims who are typically unserved and underserved communities.,2026-09-29,2026-09-29,0,closed,,
ca-2910,grants.ca.gov,Public Utilities Commission,California Advanced Services Fund (CASF) Adoption Account,https://www.cpuc.ca.gov/General.aspx?id=6442457502,state,,,2021-01-01,2020-07-02,closed,Nonprofit; Public Agency,Disadvantaged Communities,CA,"The CASF Broadband Adoption Account provides grants that will increase publicly available or after-school broadband access and digital inclusion, such as grants for digital literacy training programs and public education to communities with limited broadband adoption.          ",2026-09-29,2026-09-29,0,closed,,
ca-2118,grants.ca.gov,Department of Housing and Community Development,Mobilehome Park Rehabilitation and Resident Ownership Program (MPRROP),http://www.hcd.ca.gov/grants-funding/active-funding/mprrop.shtml,state,,,2021-01-06,2020-07-14,closed,Nonprofit; Public Agency,"Housing, Community and Economic Development",CA,"Funds for conversion, acquisition and/or rehabilitation of existing mobilehome parks in order to preserve them as a source of affordable housing and to assist park residents with needed repairs, accessibility upgrades or replacement of mobilehomes.",2026-09-29,2026-09-29,0,closed,,
ca-4486,grants.ca.gov,Department of Fish and Wildlife,California State Duck Stamp Project,http://nrm.dfg.ca.gov/FileHandler.ashx?DocumentID=184695,state,,,2021-01-22,2020-11-16,closed,Nonprofit; Public Agency,Environment & Water,CA,"The goals of the Stamp Project, as described in legislation, are to protect, preserve, restore, enhance, and develop migratory waterfowl breeding and wintering habitat, evaluate habitat projects, and conduct waterfowl resource assessments and other waterfowl related research. To achieve these goals ",2026-09-29,2026-09-29,0,closed,,
ca-4534,grants.ca.gov,Board of State and Community Corrections,Proposition 64 Public Health and Safety Grant Program Cohort 2,http://www.bscc.ca.gov/s_cppgrantfundedprograms/,state,,12000000,2021-01-29,2020-11-20,closed,Public Agency,"Disadvantaged Communities; Education; Employment, Labor & Training; Environment & Water; Health & Human Services; Law, Justice, and Legal Services",Must be in the State of California.,"The purpose of this grant program is to fund projects that assist with law enforcement efforts, fire protection efforts, or other local projects addressing public health and safety associated with the implementation of the Control, Regulate and Tax Adult Use of Marijuana Act (AUMA).",2026-09-29,2026-09-29,0,closed,,
ca-5011,grants.ca.gov,CA Department of Food and Agriculture,Fertilizer Research and Education Program 2021,http://www.cdfa.ca.gov/is/ffldrs/frep/CompetitiveGrantProgram.html,state,,10000225000,2021-01-29,2020-12-14,closed,Business; Individual; Nonprofit; Public Agency; Tribal Government,Agriculture,"Concept proposals may originate from outside California, but at least some of the work must be performed in California, and all the work must be relevant to California agriculture.",Proposals must focus on at least one of the priority areas and may focus on research and/or education projects to provide growers and industry with cost-effective practices to improve the efficient use of fertilizer and minimize environmental impacts. All projects should have strong scientific merit,2026-09-29,2026-09-29,0,closed,,
ca-1590,grants.ca.gov,State Treasurer's Office,Investment in Mental Health Wellness Grant Program for Children and Youth,https://www.treasurer.ca.gov/chffa/imhwa/index.asp,state,,,2021-01-29,2020-07-03,closed,Nonprofit; Public Agency,Health & Human Services,None.,"Is intended to improve access to mental health crisis services in California for children and youth, ages 21 and under by funding a statewide expansion of mobile crisis support teams (MCSTs), crisis stabilization and Children’s Crisis Residential Program beds, and family respite care via grants avai",2026-09-29,2026-09-29,0,closed,,
ca-4681,grants.ca.gov,CA Department of Food and Agriculture,CDFA Pierce's Disease and Glassy-winged Sharpshooter Board Research and Outreach Program,https://fps.ucdavis.edu//vit2/index.cfm?,state,,,2021-01-31,2020-12-08,closed,Business; Individual; Nonprofit; Public Agency; Tribal Government,"Agriculture; Environment & Water; Food & Nutrition; Science, Technology, and Research & Development",California state law prohibits paying expenses for travel to or within certain states within the U.S. Please see https://oag.ca.gov/ab1887 for more information.,"The California Department of Food and Agriculture's Pierce's Disease and Glassy-Winged Sharpshooter Board (CDFA PD/GWSS Board) provides funding support to research and outreach projects focused on protecting vineyards, preventing the spread of pests and diseases, and delivering practical and sustain",2026-09-29,2026-09-29,0,closed,,
ca-2073,grants.ca.gov,Department of Housing and Community Development,Community Development Block Grant-Corona Virus (CDBG-CV1),https://www.hcd.ca.gov/grants-funding/active-funding/cdbg.shtml#funding,state,,,2021-02-01,2020-07-13,closed,Public Agency,"Housing, Community and Economic Development","Any California city or county is eligible to apply for CDBG-CV1 funding except a city or county that participates in the HUD-administered CDBG Entitlement program either as a direct entitlement, or as part of an Urban County consortium. Incorporated cities located in an Urban County as defined by 42 U.S.C. 5302(a)(6) must formally elect to be excluded from participation in the Urban County entitlement status.",The Department of Housing and Community Development’s (HCD) Community Development Block Program (CDBG) partners with rural cities and counties to improve the lives of their low- and moderate-income residents through the creation and expansion of community and economic development opportunities in su,2026-09-29,2026-09-29,0,closed,,
ca-3441,grants.ca.gov,Department of Resources Recycling and Recovery,Farm and Ranch Solid Waste Cleanup and Abatement Grant Program (FY 2020-21) 3rd Cycle,https://www.calrecycle.ca.gov/lea/grantsloans/farmranch/fy202021,state,,50000200000,2021-02-04,2020-11-06,closed,Public Agency; Tribal Government,Environment & Water,"The parcel where the site is located is zoned or authorized for agricultural/rangeland use, consistent w/the definition of Farm & Ranch Property. The site is used, has been used, or could be used for agricultural/rangeland activities. The site is or was (for sites previously remediated) an illegal disposal site.","Funding is primarily used to pay for the removal and proper disposal of small nuisance illegal dump sites, including, but not limited to, non-hazardous solid waste, tires, incidental amounts of household hazardous materials, and for site security measures to prevent the recurrence of illegal disposa",2026-09-29,2026-09-29,0,closed,,
ca-4531,grants.ca.gov,Board of State and Community Corrections,Adult Reentry Grant Program Warm Handoff Reentry Services Cohort II,http://www.bscc.ca.gov/s_correctionsplanningandprograms/,state,,1500000,2021-02-05,2020-11-20,closed,Nonprofit,"Disadvantaged Communities; Education; Employment, Labor & Training; Food & Nutrition; Health & Human Services; Housing, Community and Economic Development; Law, Justice, and Legal Services; Transportation",CA,The Adult Reentry Grant program provides funding for community-based organizations to deliver reentry services for people formerly incarcerated in state prison.,2026-09-29,2026-09-29,0,closed,,
ca-1191,grants.ca.gov,Department of Pesticide Regulation,Pest Management Alliance Grant,https://www.cdpr.ca.gov/docs/pestmgt/grants/alliance/app_materials.htm,state,,50000400000,2021-02-08,2021-01-07,closed,Business; Individual; Nonprofit; Public Agency; Tribal Government,"Agriculture; Disadvantaged Communities; Education; Employment, Labor & Training; Environment & Water; Food & Nutrition; Housing, Community and Economic Development; Parks & Recreation; Science, Technology, and Research & Development","Projects must primarily benefit the people of California. Work may be conducted outside of California, but justification must be provided.","DPR's Pest Management Alliance Grants Program provides funding for projects that promote the implementation and adoption of effective integrated pest management (IPM) in an agricultural, urban, or wildlands setting.",2026-09-29,2026-09-29,0,closed,,
ca-4717,grants.ca.gov,CA Department of Food and Agriculture,2021 California Farm to School Incubator Grant Program,https://cafarmtofork.cdfa.ca.gov/CaFarmtoSchoolProgram.htm,state,,,2021-02-16,2020-12-21,closed,Business; Nonprofit; Public Agency; Tribal Government,Agriculture; Education; Food & Nutrition,CA,"The California Department of Food and Agriculture’s (CDFA) California Farm to School Incubator Grant Program will award competitive grants to support innovative local and regional farm to school projects. CDFA is looking to support programs that promote innovation in nutrition education, sustainable",2026-09-29,2026-09-29,0,closed,,
ca-5185,grants.ca.gov,CA State Library,Virtual Youth Programming,https://www.library.ca.gov/grants/library-services-technology-act/virtual-programming/#about,state,,1200013000,2021-02-16,2021-01-19,closed,Public Agency,Libraries and Arts,Only California public libraries are eligible for this opportunity.,This new initiative helps libraries purchase technology and develop content to create meaningful and rewarding online programming for school-aged audiences.,2026-09-29,2026-09-29,0,closed,,
ca-5116,grants.ca.gov,Governor's Office of Emergency Services,California Comprehensive School Security (CCSS) Program – RFP,https://www.caloes.ca.gov/pages/Grant-Details.aspx?itemID=429&ItemTitle=2021-22CaliforniaComprehensiveSchoolSecurity(CCSS)Program-RFP,state,,150000,2021-02-16,2021-01-12,closed,Public Agency,Consumer Protection; Disadvantaged Communities; Education,CA,The “California Comprehensive School Security” (CCSS) Program is meant to assist local school districts in identifying and addressing the needs or gaps in school violence prevention and intervention.,2026-09-29,2026-09-29,0,closed,,
ca-5284,grants.ca.gov,Department of Housing and Community Development,Community Development Block Grant-Mitigation Resilience Planning and Public Services (CDBG-MIT PPS),https://www.hcd.ca.gov/community-development/disaster-recovery-programs/cdbg-dr/cdbg-mit-2017/index.shtml,state,,,2021-02-19,2021-01-26,closed,Nonprofit; Public Agency,"Housing, Community and Economic Development",CA,"To assist local jurisdictions with mitigation-related planning and public services needs to support risk reduction from the three primary hazards (wildfire, flooding, and earthquake). The Resilience Planning and Public Services Program funds jurisdictions/entities, to create projects that address ri",2026-09-29,2026-09-29,0,closed,,
ca-5245,grants.ca.gov,Governor's Office of Emergency Services,2020-21 EMPG For Federally-Recognized Tribes In California RFP,https://www.caloes.ca.gov/pages/Grant-Details.aspx?itemID=430&ItemTitle=2020-21EMPGForFederally-RecognizedTribesInCaliforniaRFP,state,,,2021-02-26,2021-01-22,closed,Tribal Government,"Disadvantaged Communities; Disaster Prevention & Relief; Energy; Environment & Water; Health & Human Services; Housing, Community and Economic Development",CA,"The purpose of the EMPG for Federally-Recognized Tribes in California (FY 2020 Tribal EMPG) is to assist federally-recognized tribes in preparing for all hazards. Funds provided under this Program must be used to support activities that effectively contribute to the tribe’s capability to prevent, pr",2026-09-29,2026-09-29,0,closed,,
ca-5197,grants.ca.gov,Department of Fish and Wildlife,Environmental Enhancement Fund,https://wildlife.ca.gov/OSPR/Science/Environmental-Enhancement-Fund/About,state,,,2021-03-01,2021-01-20,closed,Nonprofit; Public Agency,Environment & Water; Parks & Recreation,"Projects located within or immediately adjacent to waters of the state, as defined in California Government Code (of Section 8670.3).","The objective of this grant program is to award grants to nonprofit organizations, cities, counties, cities and counties, districts, state agencies, and departments; and, to the extent permitted by federal law, to federal agencies to support environmental enhancement projects located within or immed",2026-09-29,2026-09-29,0,closed,,
ca-4022,grants.ca.gov,Department of Parks and Recreation,Grants and Cooperative Agreements Program,http://ohv.parks.ca.gov/?page_id=23747,state,,,2021-03-01,2021-01-11,closed,Nonprofit; Public Agency; Tribal Government,Education; Environment & Water; Parks & Recreation,All Projects shall reside on public lands within the State of California.,"The purpose of the Grants program is to provide for well managed OHV Recreation by providing financial assistance to eligible agencies and organizations that develop, maintain, operate, expand, support, or contribute to well managed, high-quality, OHV Recreation areas, roads, and trails, and to resp",2026-09-29,2026-09-29,0,closed,,
ca-5440,grants.ca.gov,Workforce Development Board,Workforce Accelerator Fund 9.0,https://cwdb.ca.gov/initiatives/workforce-accelerator-fund/,state,,,2021-03-08,2021-02-01,closed,Nonprofit; Public Agency; Tribal Government,"Employment, Labor & Training",Statewide,"Goals: Improve labor market & skills outcomes through the development of strategies that fill gaps, accelerate processes, or customize services to ensure greater access to workforce services & employment opportunities. Implement, replicate and scale innovations that emerged from previous Accelerator",2026-09-29,2026-09-29,0,closed,,
ca-5434,grants.ca.gov,CA Department of Food and Agriculture,Prevention of Animal Homelessness and Cruelty Voluntary Tax Contribution Fund,http://www.cdfa.ca.gov/SpayNeuter/,state,,750022500,2021-03-10,2021-02-11,closed,Nonprofit; Public Agency,Health & Human Services,Statewide,"The California Department of Food and Agriculture’s (CDFA) Prevention Fund Program is supported by California taxpayer contributions and anticipates awarding up to $250,000 on a competitive basis to be distributed to municipal animal control agencies, and eligible society for the prevention of anima",2026-09-29,2026-09-29,0,closed,,
ca-5548,grants.ca.gov,CA Department of Food and Agriculture,Vertebrate Pest Control Research Program,https://www.cdfa.ca.gov/plant/ipc/vertebrates/vertebrates_hp.htm,state,,,2021-03-15,2021-02-25,closed,Business; Individual; Nonprofit; Public Agency; Tribal Government,"Agriculture; Disadvantaged Communities; Environment & Water; Food & Nutrition; Health & Human Services; Science, Technology, and Research & Development",Proposals that originate from outside of California are considered if the proposal includes relevance to vertebrate pest concerns within California. ,Research proposals are currently being accepted by the California Department of Food and Agriculture’s (CDFA) Vertebrate Pest Control Program (VPCP) within the Integrated Pest Control Branch.  Proposals may focus on research and/or education projects to enhance control measures of vertebrate pests t,2026-09-29,2026-09-29,0,closed,,
ca-5554,grants.ca.gov,CA Department of Food and Agriculture,Climate Smart Agriculture Technical Assistance Grants,https://www.cdfa.ca.gov/oefi/technical/index.html,state,,,2021-03-22,2021-02-25,closed,Nonprofit; Public Agency,Agriculture,CA,This grant solicitation is being conducted to ensure there are Technical Assistance Providers available to provide outreach to farmers and ranchers about Climate Smart Agriculture programs and assist them in accessing a diversity of funding sources.,2026-09-29,2026-09-29,0,closed,,
ca-1668,grants.ca.gov,Coastal Conservancy,Explore the Coast,http://scc.ca.gov/grants,state,,100050000,2021-03-22,2021-02-17,closed,Nonprofit; Public Agency; Tribal Government,Disadvantaged Communities; Education; Environment & Water; Parks & Recreation,Projects must involve visiting the coast of California or the shore of San Francisco Bay. The Conservancy is very interested in supporting programs that bring participants to the coast from throughout the state of California.,"The ocean, coast, and beaches have long been recognized and used as spaces of joy, relaxation, and healing. The State Coastal Conservancy's Explore the Coast grant program seeks to provide coastal experiences for people and communities who face challenges or barriers to accessing or enjoying the coa",2026-09-29,2026-09-29,0,closed,,
ca-5683,grants.ca.gov,Governor's Office of Business and Economic Development,California Small Business COVID-19 Relief Grant Program Round 4 – Non Profit Cultural Institutions,https://careliefgrant.com/arts-and-culture/,state,,,2021-03-26,2021-03-16,closed,Nonprofit,"Disaster Prevention & Relief; Housing, Community and Economic Development",Eligible businesses must have a physical address and operate in California. Please see https://careliefgrant.com/arts-and-culture/ for additional eligibility information.,"The Arts and Cultural Program will support California eligible nonprofit cultural institutions defined as registered 501(c)(3) nonprofit entities that satisfy the criteria for a qualified small business, but with no limitation on annual gross revenue. Grants range from $5,000 to $25,000.    Lendistr",2026-09-29,2026-09-29,0,closed,,
ca-3894,grants.ca.gov,Department of Justice (Office of the Attorney General),Tobacco Grant Program FY 2021-22 Request for Proposals,https://oag.ca.gov/tobaccogrants,state,,,2021-04-14,2021-03-17,closed,Public Agency,"Education; Law, Justice, and Legal Services","This grant opportunity is geographically limited to the state of California, and applicants should be able to demonstrate significant tobacco products usage within their jurisdiction.","The purpose of this grant offered through the Office of the Attorney General, California Department of Justice Tobacco Grant Program is to promote a healthier California by reducing illegal sales and marketing of cigarettes and tobacco products, including e-cigarettes, to minors.",2026-09-29,2026-09-29,0,closed,,
ca-5677,grants.ca.gov,Ocean Protection Council,Prop 1 Coastal Environmental Justice Solicitation,https://www.opc.ca.gov/prop1/,state,,1000005000000,2021-04-23,2021-03-15,closed,Nonprofit; Public Agency; Tribal Government,Disadvantaged Communities; Environment & Water,"For this solicitation, OPC is seeking projects that are located within or near a Community, and that are no more than 4 miles from the coast, preferably within 3 miles of the coast. Please see OPC's Priority Areas Map on the Prop 1 webpage to determine if your project is within or near a Community. Please see the solicitation for geographic requirements.          ","This grant round seeks to advance coastal projects that directly benefit communities entitled to environmental justice and that improve water quality through restoration, habitat enhancement, and resilience to climate change.",2026-09-29,2026-09-29,0,closed,,
ca-5431,grants.ca.gov,Department of Housing and Community Development,2021  Community Development Block Grant NOFA,https://www.hcd.ca.gov/grants-funding/active-funding/cdbg.shtml,state,,,2021-04-30,2021-02-10,closed,Public Agency,"Housing, Community and Economic Development",CA,"The primary objective of the CDBG program is the development of viable rural communities, for persons of low and moderate-income through the following activity types: economic development, housing, public facilities, public improvements and public services.     ",2026-09-29,2026-09-29,0,closed,,
ca-5704,grants.ca.gov,Department of Resources Recycling and Recovery,Local Conservation Corps Grant Program,https://calrecycle.ca.gov/funding/localcc/fy202122,state,,17700911770115,2021-04-30,2021-03-18,closed,Nonprofit; Public Agency,"Disadvantaged Communities; Education; Employment, Labor & Training; Environment & Water",All services are to be provided within the State of California.,"The Local Conservation Corps (LCC) Grant Program provides grants to certified community conservation corps to serve youth 18-25 years of age with a 3 component program including job skills in recycling, education and career education.  LCCs provide beverage container litter reduction programs, and w",2026-09-29,2026-09-29,0,closed,,
ca-5533,grants.ca.gov,Department of Forestry and Fire Protection,Rural Fire Capacity,http://www.fire.ca.gov/programs/fire-protection/cooperative-efforts/,state,,50020000,2021-05-04,2021-02-23,closed,Nonprofit; Public Agency; Tribal Government,Disadvantaged Communities; Disaster Prevention & Relief,"Rural area/community with a population of 10,000 or less.","The Rural Fire Capacity (RFC) Program is a Federally-funded grant program that allows California to provide local and rural fire departments with minor firefighting, training, communications and safety equipment for their volunteer firefighters. ",2026-09-29,2026-09-29,0,closed,,
ca-5428,grants.ca.gov,Department of Housing and Community Development,Community Developmental Block Grant- Coronavirus Rounds 2 and 3 NOFA (CDBG-CV2 and 3 NOFA),https://www.hcd.ca.gov/grants-funding/active-funding/cdbg.shtml,state,,,2021-05-07,2021-02-10,closed,Public Agency; Tribal Government,"Housing, Community and Economic Development",CA,"CDBG-CV is a one time assistance through the CARES-Act to prevent, prepare for, and respond to COVID-19 though support of eligible economic development, housing, public facilities, public improvements and public service activities.",2026-09-29,2026-09-29,0,closed,,
ca-5863,grants.ca.gov,Employment Development Department,Campesino de California Outreach Grant – Complaint System PY 21-22,https://edd.ca.gov/Jobs_and_Training/WDSFP_Workforce_Development_Solicitations_for_Proposals.htm,state,,,2021-05-07,2021-04-06,closed,Business; Nonprofit; Public Agency; Tribal Government,"Agriculture; Disadvantaged Communities; Employment, Labor & Training",Proposals must demonstrate that effective and timely assistance will be provides to MSFWs seeking to file complaints. Target populations must include MSFWs in hard to reach and underrepresented high-density agricultural areas.,The goal of this initiative is to create partnerships with organizations currently serving the Migrant and Seasonal Farmworker community to reduce barriers and expand access points to the Employment Service and Employment-Related Law Complaint System.,2026-09-29,2026-09-29,0,closed,,
ca-5962,grants.ca.gov,CA Department of Food and Agriculture,California Underserved and Small Producers Program,https://www.cdfa.ca.gov/CUSP/,state,,25000150000,2021-05-10,2021-04-27,closed,Nonprofit; Public Agency; Tribal Government,Agriculture; Disadvantaged Communities,CA,"The California Underserved and Small Producers (CUSP) Grant Program is designedto facilitate direct assistance to individual small-scale, mid-scale and sociallydisadvantaged farmers and ranchers who need support applying for economic reliefgrant programs and assistance with business planning and mar",2026-09-29,2026-09-29,0,closed,,
ca-1221,grants.ca.gov,Strategic Growth Council,AHSC Round 6,https://sgc.ca.gov/programs/ahsc/resources/,state,,100000030000000,2021-06-08,2021-02-26,closed,Business; Nonprofit; Public Agency; Tribal Government,"Disadvantaged Communities; Housing, Community and Economic Development; Transportation",AHSC is a statewide grant program committed to geographic equity.   Project Area type targets are as follows:(A) Target forty five (45) percent of funds available as designated in the NOFA to TOD Project Area applications.(B) Target thirty five (35) percent of funds available as designated in the NOFA to ICP Project Area applications.(C) Target ten (10) percent of funds available as designated in the NOFA to RIPA applications.,"The Affordable Housing and Sustainable Communities (AHSC) Program makes it easier for Californians to drive less by making sure housing, jobs, and key destinations are accessible by walking, biking, and transit.   https://sgc.ca.gov/programs/ahsc/",2026-09-29,2026-09-29,0,closed,,
ca-1611,grants.ca.gov,Department of Toxic Substances Control,Brownfields Revolving Loan Fund (RLF) Program,https://dtsc.ca.gov/revolving-loan-fund-rlf-program/,state,,,2021-06-30,2020-07-14,closed,Nonprofit; Public Agency; Tribal Government,Environment & Water,Within State of California,The purpose of the Brownfields Revolving Loan Fund (RLF) Program is to facilitate the reuse/redevelopment of contaminated sites by making low-cost financing available for the cleanup of eligible publicly or privately-held properties.,2026-09-29,2026-09-29,0,closed,,
ca-5986,grants.ca.gov,Department of Housing and Community Development,Veterans Housing and Homeless Prevention/HCD,https://www.hcd.ca.gov/grants-funding/active-funding/vhhp.shtml,state,,,2021-07-31,2021-05-05,closed,Business; Individual; Nonprofit; Public Agency; Tribal Government,"Housing, Community and Economic Development",CA,"The VHHP program finances the development of affordable rental and Transitional Housing for Veterans, with an emphasis on housing Extremely Low- Income Veterans experiencing Homelessness. The VHHP program is administered by the Department, in collaboration with the California Department of Veterans ",2026-09-29,2026-09-29,0,closed,,
ca-6169,grants.ca.gov,Board of State and Community Corrections,Proud Parenting Grant Program,https://www.bscc.ca.gov/s_correctionsplanningandprograms/,state,,1100000,2021-08-06,2021-06-11,closed,Nonprofit; Public Agency; Tribal Government,"Disadvantaged Communities; Education; Employment, Labor & Training; Health & Human Services; Law, Justice, and Legal Services",CA,The intent of the Proud Parenting Program is to support young parents who are or were involved in the juvenile systems and/or who are considered crossover youth within the child welfare system. This grant program assists participants and their children by supporting approaches that increase parentin,2026-09-29,2026-09-29,0,closed,,
ca-6334,grants.ca.gov,CA Department of Food and Agriculture,2021 Specialty Crop Block Grant Program H.R. 133 Stimulus Funding,https://www.cdfa.ca.gov/Specialty_Crop_Competitiveness_Grants/docs/2021_SCBGP_HR133_RequestForProposals_Routed.pdf,state,,2500001000000,2021-08-08,2021-07-13,closed,Business; Nonprofit; Public Agency; Tribal Government,"Agriculture; Disadvantaged Communities; Education; Employment, Labor & Training; Food & Nutrition",CA,The California Department of Food and Agriculture's (CDFA) Specialty Crop Block Grant Program (SCBGP) funds projects that enhance the competitiveness of California specialty crops. The SCBGP is designed to support all sectors of California's specialty crop industry and improve the performance of Cal,2026-09-29,2026-09-29,0,closed,,
ca-6235,grants.ca.gov,Department of Resources Recycling and Recovery,Farm and Ranch Solid Waste Cleanup and Abatement Grant Program,https://calrecycle.ca.gov/lea/grantsloans/farmranch,state,,,2021-08-12,2021-06-29,closed,Public Agency; Tribal Government,Agriculture; Disadvantaged Communities; Environment & Water,"Sites must be located on 'Farm and Ranch' property, defined in CCR Section 17991(d) as range or agricultural land used for activities such as, but not limited to, commercial livestock/crop production (various). The site need not have active sales or production, but shall be appropriately zoned/otherwise authorized for agricultural activities. Appurtenant easements or right-of-ways such as, but not limited to, public roads and utilities included.","Provides funding to help cleanup and prevent illegal dumping on 'farm and/or ranch' property, as defined in California Code of Regulations (CCR), Section 17991(d). Usually three application cycles are available each fiscal year; this is the first cycle. CalRecycle offers this Program pursuant to Sec",2026-09-29,2026-09-29,0,closed,,
ca-6190,grants.ca.gov,Governor's Office of Emergency Services,2021-22 Unserved/Underserved Child and Youth Advocacy (XY) Program RFP,https://www.caloes.ca.gov/pages/Grant-Details.aspx?itemID=461&ItemTitle=2021-22Unserved/UnderservedChildandYouthAdvocacy(XY)ProgramRFP,state,,194000,2021-08-12,2021-06-15,closed,Nonprofit,"Consumer Protection; Disadvantaged Communities; Health & Human Services; Law, Justice, and Legal Services",CA,The XY Program is to provide advocacy and support services to unserved/underserved child and youth victims of crime. This can be accomplished by maintaining and/or enhancing the existing efforts to commit staff time to specifically address the needs of the identified child and youth victim populatio,2026-09-29,2026-09-29,0,closed,,
ca-6646,grants.ca.gov,CA Department of Food and Agriculture,Vertebrate Pest Control Research Program,https://www.cdfa.ca.gov/plant/ipc/vertebrates/vertebrates_hp.htm,state,,,2021-09-01,2021-08-18,closed,Business; Individual; Nonprofit; Public Agency; Tribal Government,"Agriculture; Disadvantaged Communities; Environment & Water; Food & Nutrition; Health & Human Services; Science, Technology, and Research & Development",Proposals that originate from outside of California are considered if the proposal includes relevance to vertebrate pest concerns within California. ,Research proposals are currently being accepted by the California Department of Food and Agriculture’s (CDFA) Vertebrate Pest Control Program (VPCP) within the Integrated Pest Control Branch.  Proposals may focus on research and/or education projects to enhance control measures of vertebrate pests t,2026-09-29,2026-09-29,0,closed,,
ca-6328,grants.ca.gov,Coastal Conservancy,Sea Otter Recovery Grants,https://scc.ca.gov/files/2021/07/SCC_Grant_Application-Sea-Otter-2021.pdf,state,,,2021-09-01,2021-07-07,closed,Nonprofit; Public Agency; Tribal Government,Environment & Water,CA,Coastal Conservancy grants funded by the California Sea Otter Fund can be used for a variety of activities related to southern sea otter recovery and improving the nearshore ecosystem.    ,2026-09-29,2026-09-29,0,closed,,
ca-10427,grants.ca.gov,Department of Conservation,2020-21 Sustainable Agricultural Lands Conservation Program (SALC) Agricultural Conservation Acquisition Grants,https://www.conservation.ca.gov/dlrp/grant-programs/SALCP,state,,,2021-09-10,2021-04-29,closed,Nonprofit; Public Agency; Tribal Government,Agriculture; Environment & Water,State of California,"Permanently protect croplands, rangelands, and lands utilized for the cultivation of traditional resources from conversion to non-agricultural uses.​ Protecting these lands promotes smart growth within existing jurisdictions, ensures open space remains available, and supports healthy agricultural an",2026-09-29,2026-09-29,0,closed,,
ca-10433,grants.ca.gov,Department of Conservation,2020-2021 Sustainable Agricultural Lands Conservation Program (SALC) Land Use Planning Grants,https://www.conservation.ca.gov/dlrp/grant-programs/SALCP,state,,,2021-09-10,2021-04-28,closed,Nonprofit; Public Agency; Tribal Government,Agriculture; Environment & Water,State of California,"To protect critical agricultural lands, to support infill & compact development, and to avoid increases in the greenhouse gas emissions associated with the conversion of agricultural land to non-agricultural uses. Planning grants support the development of local and regional land use policies and ec",2026-09-29,2026-09-29,0,closed,,
ca-3027,grants.ca.gov,Department of Conservation,California Farmland Conservancy Program 2021,https://www.conservation.ca.gov/dlrp/grant-programs/cfcp,state,,,2021-09-10,2021-04-02,closed,Nonprofit,Agriculture; Environment & Water,State of California,"The California Farmland Conservancy Program seeks to encourage the long-term, private stewardship of agricultural lands through planning and the voluntary use of agricultural conservation easements. The CFCP provides grant funding for easement and planning projects that support agricultural land con",2026-09-29,2026-09-29,0,closed,,
ca-6574,grants.ca.gov,CA Department of Corrections and Rehabilitation,VICTIM IMPACT GRANT,https://www.cdcr.ca.gov/rehabilitation/grants/,state,,,2021-09-20,2021-08-06,closed,Nonprofit,"Law, Justice, and Legal Services","If the applicant is a multistate organization with headquarters in another state, the applicant must have physical offices in California and currently provide services to California residents.","Victim Impact programs are victim-focused restorative justice programs provided by volunteers/community based organizations. These programs must employ restorative justice principles, have an emphasis on offender accountability, and provide opportunities for offenders to understand the impact of the",2026-09-29,2026-09-29,0,closed,,
ca-6364,grants.ca.gov,CA State Library,Community Connections,https://library.ca.gov/grants/community-connections,state,,3000060000,2021-09-28,2021-07-27,closed,Public Agency,Disadvantaged Communities; Health & Human Services; Libraries and Arts,This grant opportunity is available to public libraries in California.,"The purpose of this project is to eliminate barriers that prevent people from accessing vital community resources, particularly in the areas of housing, health, nutrition, employment, and education through establishing community resource navigators in up to ten California Public Libraries.   ",2026-09-29,2026-09-29,0,closed,,
ca-6580,grants.ca.gov,Governor's Office of Business and Economic Development,California Community Reinvestment Grants Program,https://www.business.ca.gov/CalCRG,state,,100000900000,2021-09-29,2021-08-23,closed,Nonprofit; Public Agency,"Disadvantaged Communities; Employment, Labor & Training; Health & Human Services; Housing, Community and Economic Development; Law, Justice, and Legal Services",The CalCRG program statute requires programs and services to be provided to communities disproportionately impacted by past federal and state drug policies. Applicants must provide services in one or more of the identified CalCRG eligible counties or census tracts in California.,"The CalCRG program awards grants to Local Health Departments and qualified Community-based Nonprofit Organizations to support job placement, mental health treatment, substance use disorder treatment, system navigation services, legal services to address barriers to reentry, and linkages to medical c",2026-09-29,2026-09-29,0,closed,,
ca-6826,grants.ca.gov,CA Department of Food and Agriculture,2021 CalAgPlate Grant Program,https://www.cdfa.ca.gov/egov/calagplate/,state,,2500190000,2021-09-30,2021-09-03,closed,Nonprofit; Public Agency; Tribal Government,"Agriculture; Education; Employment, Labor & Training; Food & Nutrition",CA,"The CalAgPlate program funds projects that support agricultural education, agricultural career awareness and development, agriculture career training, and agriculture leadership development to assist students at the kindergarten through twelfth grade (K-12), post-secondary, and adult education level",2026-09-29,2026-09-29,0,closed,,
ca-6895,grants.ca.gov,Governor's Office of Business and Economic Development,California Small Business COVID-19 Relief Grant Program – Round 8 Nonprofit and Cultural Institutions,https://www.careliefgrant.com/arts-and-culture,state,,,2021-09-30,2021-09-15,closed,Nonprofit,"Disaster Prevention & Relief; Housing, Community and Economic Development",Eligible businesses and nonprofits must have a physical address and operate in California. Please see https://careliefgrant.com/arts-and-culture/ for additional eligibility information.,"The Arts and Cultural Program will support California eligible nonprofit cultural institutions defined as registered 501(c)(3) nonprofit entities that satisfy the criteria for a qualified small business, but with no limitation on annual gross revenue. Grants range from $5,000 to $25,000.    Visit ht",2026-09-29,2026-09-29,0,closed,,
ca-5182,grants.ca.gov,Air Resources Board,2021 AB 617 Community Air Grants Program,https://ww2.arb.ca.gov/capp-cag,state,,300000,2021-10-01,2021-07-02,closed,Nonprofit; Tribal Government,"Disadvantaged Communities; Education; Employment, Labor & Training; Energy; Environment & Water; Health & Human Services; Housing, Community and Economic Development; Law, Justice, and Legal Services; Science, Technology, and Research & Development","Projects must be wholly located in and benefit disadvantaged and/or low-income communities, as identified pursuant to California Health and Safety Code sections 39711 and 39713 (added and amended by Senate Bill 535 and AB 1550), or on Tribal lands.  Specific project census tract location(s) must be included in application narrative.  CARB’s priority population investments mapping tool may be utilized for location identification purposes.",The purpose of Community Air Grants is to provide community-based organizations with logistical and technical assistance to support their efforts in improving local air quality. Projects are intended to further the purposes of AB 617 and AB 32 by designing and executing projects that build capacity ,2026-09-29,2026-09-29,0,closed,,
ca-6679,grants.ca.gov,Department of Public Health,Stop Tobacco Access to Kids Enforcement (STAKE) Grant Program 2021-2022,https://www.cdph.ca.gov/Programs/CEH/DFDCS/Pages/FDBPrograms/STAKEProgram.aspx,state,,,2021-10-01,2021-09-02,closed,Public Agency,Consumer Protection; Education; Health & Human Services,CA,"The purpose of this Request for Applications (RFA) is to fund multiple, qualified local law enforcement agencies with grants to provide training and enforcement of state and local laws related to the illegal sales of tobacco products to minors, to increase investigative activities, and compliance ch",2026-09-29,2026-09-29,0,closed,,
ca-6511,grants.ca.gov,Governor's Office of Emergency Services,Domestic Violence American Rescue Plan (RP) Program RFP,https://www.caloes.ca.gov/cal-oes-divisions/grants-management/search-for-grants?k=RP,state,,65000,2021-10-04,2021-08-02,closed,Business; Nonprofit; Public Agency; Tribal Government,"Consumer Protection; Disadvantaged Communities; Disaster Prevention & Relief; Health & Human Services; Law, Justice, and Legal Services","Applicants that are non-governmental organizations must be registered with the California Department of Justice’s Registry of Charitable Trusts with a “current”, “exempt”, or “pending” status. Check nonprofit status.",The purpose of the RP Program is to ensure the continuity of domestic violence services and/or response to COVID-19 by providing funding for non-shelter supportive services and/or prevention activities.,2026-09-29,2026-09-29,0,closed,,
ca-6802,grants.ca.gov,Department of Public Health,"CG 21-10198, African American/Black Statewide Coordinating Bridge",https://tcfor.catcp.org/index.cfm?fuseaction=opportunities.viewOpp&oppID=97,state,,1605000,2021-10-06,2021-08-09,closed,Nonprofit; Public Agency,Health & Human Services,Statewide,"Fund one public or private-nonprofit agency to ensure an African American/Black Statewide Coordinating Center (SCC) is fully functional through April 23, 2023.",2026-09-29,2026-09-29,0,closed,,
ca-6337,grants.ca.gov,CA Department of Food and Agriculture,2022 Specialty Crop Block Grant Program,https://www.cdfa.ca.gov/Specialty_Crop_Competitiveness_Grants/docs/2022_SCBGP_RequestForConceptProposals.pdf,state,,,2021-10-08,2021-09-07,closed,Business; Nonprofit; Public Agency; Tribal Government,"Agriculture; Disadvantaged Communities; Education; Employment, Labor & Training; Environment & Water; Food & Nutrition; Science, Technology, and Research & Development",CA,The California Department of Food and Agriculture's (CDFA) Specialty Crop Block Grant Program (SCBGP) funds projects that enhance the competitiveness of California specialty crops. The SCBGP is designed to support all sectors of California's specialty crop industry and improve the performance of Cal,2026-09-29,2026-09-29,0,closed,,
ca-6823,grants.ca.gov,Department of Parks and Recreation,Outdoor Equity Grants Program,https://www.parks.ca.gov/?page_id=30443,state,,,2021-10-08,2021-09-03,closed,Nonprofit; Public Agency; Tribal Government,"Disadvantaged Communities; Education; Employment, Labor & Training; Environment & Water; Parks & Recreation; Science, Technology, and Research & Development",Statewide in California,"Funds services/program operations including activities in a community and trips to natural areas throughout California.  Focuses on delivering environmental education and outdoor recreational activities, service learning, career pathways, and leadership opportunities through activities in the commun",2026-09-29,2026-09-29,0,closed,,
ca-6625,grants.ca.gov,Governor's Office of Emergency Services,2021-22 Homeless Youth Emergency Services and Housing (YE) Program RFP,https://www.caloes.ca.gov/cal-oes-divisions/grants-management/search-for-grants?k=Homeless,state,,22500005000000,2021-10-18,2021-08-17,closed,Nonprofit,"Disadvantaged Communities; Disaster Prevention & Relief; Health & Human Services; Housing, Community and Economic Development",All California Counties.,"The purpose of the YE Program is to establish or expand access to a range of housing options that meet the needs of youth experiencing homelessness, and to provide crisis intervention and stabilization services so that the immediate crises these youth face can be resolved and they can focus on their",2026-09-29,2026-09-29,0,closed,,
ca-6577,grants.ca.gov,Department of Housing and Community Development,CalHome Program Disaster Assistance,https://www.hcd.ca.gov/grants-funding/active-no-funding/calhome.shtml,state,,,2021-10-28,2021-08-06,closed,Nonprofit; Public Agency; Tribal Government,"Housing, Community and Economic Development",CA,"The purpose of the CalHome program is to support existing Homeownership programs for Low and Very Low-Income Households, and thereby increase Homeownership, encourage neighborhood revitalization and sustainable development, and maximize use of existing homes. CalHome funds may assist in the repair a",2026-09-29,2026-09-29,0,closed,,
ca-6475,grants.ca.gov,Department of Health Care Access and Information,Licensed Mental Health Services Provider Education Program,https://oshpd.ca.gov/loans-scholarships-grants/loan-repayment/lmhspep/,state,,,2021-10-29,2021-09-01,closed,Individual,"Employment, Labor & Training; Health & Human Services","Eligible sites include Publicly Funded or Public Mental Health Facilities, Non-Profit Mental Health Facilities that contract with a county entity to provide mental health services, and/or Health Professional Shortage Area- Mental Health (HPSA-MH) . ",The Licensed Mental Health Services Provider Education Program (LMHSPEP) aims to increase the number of appropriately trained Mental Health providers in California and encourages those professionals to provide direct patient care in Medically Underserved Areas in California. ,2026-09-29,2026-09-29,0,closed,,
ca-6160,grants.ca.gov,State Treasurer's Office,Investment in Mental Health Wellness Grant Program for Children and Youth (3rd Round),https://www.treasurer.ca.gov/chffa/imhwa/index.asp,state,,,2021-10-29,2021-06-09,closed,Nonprofit; Public Agency,Health & Human Services,None.,"Is intended to improve access to mental health crisis services in California for children and youth, ages 21 and under by funding a statewide expansion of mobile crisis support teams (MCSTs), crisis stabilization and Children’s Crisis Residential Program beds, and family respite care via grants avai",2026-09-29,2026-09-29,0,closed,,
ca-7066,grants.ca.gov,Department of Fish and Wildlife,2022 Native Wildlife Rehabilitation Grants Program,https://wildlife.ca.gov/Conservation/Laboratories/Wildlife-Health/Rehab,state,,300019000,2021-11-01,2021-10-05,closed,Nonprofit,"Environment & Water; Parks & Recreation; Science, Technology, and Research & Development",Statewide,"The California Department of Fish and Wildlife has established a competitive grant program to support and advance the recovery and rehabilitation of injured, sick, or orphaned wildlife, and conservation education. Funds may be used to support facility operations, improvement and/or innovation in car",2026-09-29,2026-09-29,0,closed,,
ca-6928,grants.ca.gov,Employment Development Department,Equity and Special Populations Program Year 2021-22 Solicitation for Proposals,https://www.edd.ca.gov/Jobs_and_Training/WDSFP_Workforce_Development_Solicitations_for_Proposals.htm,state,,,2021-11-01,2021-09-16,closed,Business; Nonprofit; Public Agency; Tribal Government,"Disadvantaged Communities; Disaster Prevention & Relief; Education; Employment, Labor & Training; Housing, Community and Economic Development; Law, Justice, and Legal Services; Veterans & Military",Other population(s) in the chosen geographic location disproportionately impacted by COVID-19 may be eligible to apply. Applicants choosing to serve other special populations must provide justification and supporting evidence to clearly and convincingly demonstrate disproportionate impact by COVID-19.  . ,"Applicants will design, develop, and implement projects that accelerate equity in employment and tailor re-employment strategies for special populations and residents of geographic locations most impacted by the novel coronavirus-2019 (COVID-19). The projects will create effective linkages with Cali",2026-09-29,2026-09-29,0,closed,,
ca-2064,grants.ca.gov,Coastal Commission,WHALE TAIL® Grants,https://www.coastal.ca.gov/whaletailgrant,state,,150000,2021-11-05,2021-08-25,closed,Individual; Nonprofit; Public Agency; Tribal Government,Disadvantaged Communities; Education; Environment & Water,"Grant projects must engage audiences within California, with a priority for communities that have historically received fewer opportunities for coastal and marine education and stewardship.","WHALE TAIL® Grants help people connect to the California coast and its watersheds through experiential education, stewardship, and outdoor experiences. WHALE TAIL® Grants focus on reaching communities that have historically received fewer marine education and stewardship opportunities, and strive fo",2026-09-29,2026-09-29,0,closed,,
ca-6937,grants.ca.gov,CA State Library,Stronger Together: Improving Library Access,https://www.library.ca.gov/grants/stronger-together-mobile-library/,state,,50000250000,2021-11-15,2021-09-20,closed,Public Agency,Disadvantaged Communities; Disaster Prevention & Relief; Education; Libraries and Arts,Organizations must be located in California.,The Stronger Together: Improving Library Access opportunity provides grants to local libraries so they can acquire bookmobiles and community outreach vehicles and offer programs that improve library access and program delivery. ,2026-09-29,2026-09-29,0,closed,,
ca-6601,grants.ca.gov,Department of Resources Recycling and Recovery,Farm and Ranch Solid Waste Cleanup and Abatement Grant Program,https://calrecycle.ca.gov/lea/grantsloans/farmranch,state,,,2021-11-18,2021-08-13,closed,Public Agency; Tribal Government,Agriculture; Disadvantaged Communities; Environment & Water,"Sites must be located on 'Farm and Ranch' property, defined in CCR Section 17991(d) as range or agricultural land used for activities such as, but not limited to, commercial livestock/crop production (various). The site need not have active sales or production, but shall be appropriately zoned/otherwise authorized for agricultural activities. Appurtenant easements or right-of-ways such as, but not limited to, public roads and utilities included.","Provides funding to help cleanup and prevent illegal dumping on 'farm and/or ranch' property, as defined in California Code of Regulations (CCR), Section 17991(d). Usually three application cycles are available each fiscal year; this is the second cycle. CalRecycle offers this Program pursuant to Se",2026-09-29,2026-09-29,0,closed,,
ca-7153,grants.ca.gov,Governor's Office of Emergency Services,2021-22 California State Nonprofit Security Grant Program (CSNSGP) RFP,https://www.caloes.ca.gov/cal-oes-divisions/grants-management/search-for-grants?k=CSNSGP,state,,200000,2021-11-19,2021-10-15,closed,Nonprofit,Consumer Protection; Disaster Prevention & Relief,CA,"The purpose of the CSNSGP is to provide funding support for target hardening and other physical security enhancements to nonprofit organizations that are at high risk for violent attacks and hate crimes due to ideology, beliefs, or mission.",2026-09-29,2026-09-29,0,closed,,
ca-1989,grants.ca.gov,Sierra Nevada Conservancy,Resilient Sierra Nevada Communities Directed Grant Program,https://sierranevada.ca.gov/funding/snc-grants/,state,,,2021-11-22,2020-07-13,closed,Nonprofit; Public Agency; Tribal Government,"Disadvantaged Communities; Disaster Prevention & Relief; Environment & Water; Housing, Community and Economic Development",The Sierra Nevada region stretches from Modoc County in the north to Kern County in the south and covers 25 million acres and all or part of 22 counties.,"The Resilient Sierra Nevada Communities Directed Grant Program is a multi-disciplinary grant program that will provide resources for capacity building and technical support to local agencies, organizations, and tribes. These funds can be used to design, manage, and implement projects that will incre",2026-09-29,2026-09-29,0,closed,,
ca-7319,grants.ca.gov,CA Department of Food and Agriculture,Climate Smart Agriculture Technical Assistance Grant Program,https://www.cdfa.ca.gov/oefi/technical/,state,,120000,2021-11-24,2021-10-27,closed,Nonprofit; Public Agency,Agriculture,The organization must have business address within California.,To support technical assistance to California farmers as they participate in the California Department of Food and Agriculture’s Climate Smart Agriculture Programs.,2026-09-29,2026-09-29,0,closed,,
ca-7295,grants.ca.gov,Department of Public Health,Tobacco Enforcement Section Stop Tobacco Access to Kids Enforcement (STAKE) Grant Program 2021-2022,https://www.cdph.ca.gov/Programs/CEH/DFDCS/Pages/FDBPrograms/STAKEProgram.aspx,state,,,2021-11-30,2021-11-01,closed,Public Agency,"Law, Justice, and Legal Services",CA,"The purpose of this Request for Applications (RFA) is to fund multiple, qualified local law enforcement agencies with grants to provide training and enforcement of state and local laws related to the illegal sales of tobacco products to minors, increasing investigative activities, and compliance che",2026-09-29,2026-09-29,0,closed,,
ca-7108,grants.ca.gov,Governor's Office of Business and Economic Development,Grantmaking Entity for CA Microbusiness Grant Program,https://cdn.calosba.ca.gov/wp-content/uploads/2021-22-MBCRG-Program-Announcement.pdf,state,,,2021-11-30,2021-10-11,closed,Public Agency,"Disadvantaged Communities; Disaster Prevention & Relief; Employment, Labor & Training; Housing, Community and Economic Development",California,The MBCRG Program provides grant funding to administer to administer grants to microbusinesses. Open only to eligible grantmaking entities defined as a county government (Round 1). The intent of the funding is for the awarded grantmaking entities to provide relief to the microbusinesses and entrepre,2026-09-29,2026-09-29,0,closed,,
ca-7012,grants.ca.gov,CA Department of Veterans Affairs,Veterans Support to Self-Reliance,http://www.calvet.ca.gov/VetServices/Pages/Veterans-Support-to-Self-Reliance.aspx,state,,3000000,2021-12-01,2021-10-01,closed,Nonprofit,"Disadvantaged Communities; Housing, Community and Economic Development; Veterans & Military",CA,"The California Department of Veterans Affairs (CalVet) is announcing the availability of approximately $3 million to provide consultation, administrative support, and technical assistance to CalVet for the Veteran Support to Self-Reliance Pilot Grant Program.  The successful Proposer will provide cl",2026-09-29,2026-09-29,0,closed,,
ca-7072,grants.ca.gov,CA Department of Food and Agriculture,Proactive Integrated Pest Management (IPM) Solutions Program,https://www.cdfa.ca.gov/oefi/opca/proactive-ipm.html,state,,250000500000,2021-12-06,2021-10-05,closed,Nonprofit; Public Agency; Tribal Government,Agriculture,The project lead(s) and/or collaborators must have access to a quarantine facility if the project involves biological control or testing products on insects that are not yet established in California.,The goal of the Proactive IPM Solutions grant program is to anticipate which exotic pests are likely to arrive in California and to identify and test IPM strategies that can be rapidly implemented if the pests become established in California. CDFA is responsible for preventing and mitigating invasi,2026-09-29,2026-09-29,0,closed,,
ca-6418,grants.ca.gov,Department of Pesticide Regulation,DPR Research Grants Program,https://www.cdpr.ca.gov/docs/pestmgt/grants/research/index.htm,state,,500003750000,2021-12-09,2021-09-09,closed,Business; Individual; Nonprofit; Public Agency; Tribal Government,"Agriculture; Disadvantaged Communities; Education; Employment, Labor & Training; Environment & Water; Food & Nutrition; Housing, Community and Economic Development; Parks & Recreation; Science, Technology, and Research & Development","Projects must primarily benefit the people of California. Work may be conducted outside of California, but justification must be provided.","The Department of Pesticide Regulation's (DPR) Research Grants Program provides funding to develop integrated pest management (IPM) practices that reduce the risks from pesticides which are high-risk, of regulatory concern, or are of human health or environmental concern in California.",2026-09-29,2026-09-29,0,closed,,
ca-7541,grants.ca.gov,Governor's Office of Emergency Services,2021-22 EMPG for Federally-Recognized Tribes in California RFP,https://www.caloes.ca.gov/cal-oes-divisions/grants-management/search-for-grants?k=EMPG,state,,198260,2021-12-10,2021-11-08,closed,Tribal Government,"Disaster Prevention & Relief; Health & Human Services; Housing, Community and Economic Development",All California Counties.,"The purpose of the EMPG for Federally-Recognized Tribes in California (FY 2021 Tribal EMPG) is to assist federally-recognized tribes in preparing for all hazards. Funds provided under this Program must be used to support activities that effectively contribute to the tribe’s capability to prevent, pr",2026-09-29,2026-09-29,0,closed,,
ca-7544,grants.ca.gov,Governor's Office of Emergency Services,2021-22 EMPG Program – American Rescue Plan Act (EMPG-ARPA) for Federally-Recognized Tribes in California RFP,https://www.caloes.ca.gov/cal-oes-divisions/grants-management/search-for-grants?k=ARPA,state,,,2021-12-10,2021-11-08,closed,Tribal Government,"Disadvantaged Communities; Disaster Prevention & Relief; Energy; Housing, Community and Economic Development",Restricted to federally-recognized tribes in California.,The purpose of the EMPG-ARPA for Federally-Recognized Tribes in California (FY 2021 Tribal EMPG-ARPA) is to assist federally-recognized tribes in preparing for all hazards. Funds provided under this Program must be used to support activities that effectively contribute to the tribe’s capability to p,2026-09-29,2026-09-29,0,closed,,
ca-7478,grants.ca.gov,CA Department of Food and Agriculture,2022 CNIP Expansion – WIC and Senior Farmers’ Market Nutrition Program,https://cafarmtofork.cdfa.ca.gov/cnip.html,state,,,2021-12-13,2021-11-08,closed,Business; Nonprofit,Agriculture; Disadvantaged Communities; Food & Nutrition,CA,"The California Nutrition Incentive Program (CNIP) encourages the purchase and consumption of healthy, California–grown fresh fruits and vegetables by nutrition benefit clients. This grant will provide funding to organizations to provide incentives to WIC and Senior Farmers Market Nutrition Program s",2026-09-29,2026-09-29,0,closed,,
ca-7757,grants.ca.gov,Department of Resources Recycling and Recovery,Edible Food Recovery Grant Program,https://calrecycle.ca.gov/climate/grantsloans/foodwaste/fy202123,state,,250000,2021-12-16,2021-11-24,closed,Public Agency; Tribal Government,Agriculture; Disadvantaged Communities; Environment & Water; Food & Nutrition,CA,"Using Circular Economy Funds, this competitive grant program will provide funding to support new and expanded edible food recovery and food waste prevention projects (food recovered for people or source reduction) in California. Projects must reduce the amount of food being disposed in landfills, th",2026-09-29,2026-09-29,0,closed,,
ca-7811,grants.ca.gov,Department of Social Services,Stop the Hate Program Fund,https://cdss.ca.gov/inforesources/cdss-programs/civil-rights/care-funding,state,,50350,2021-12-17,2021-12-08,closed,Nonprofit,Health & Human Services,CA,"​The purpose of this funding is to provide support and services to victims and survivors of hate incidents and hate crimes and their families, facilitate hate incident or hate crime prevention measures, and create more inclusive regional and local communities, especially for those who are historical",2026-09-29,2026-09-29,0,closed,,
ca-7069,grants.ca.gov,CA Department of Food and Agriculture,Biologically Integrated Farming Systems (BIFS) Program,https://www.cdfa.ca.gov/oefi/opca/bifs.html,state,,5000001000000,2021-12-20,2021-10-05,closed,Nonprofit; Public Agency; Tribal Government,Agriculture,The project lead(s) and their institutions must be based in California; out-of-state collaborators are allowed.,"The goal of the revitalized Biologically Integrated Farming Systems grant program is to provide outreach of innovative, biologically integrated plant-based farming systems that reduce chemical pesticide inputs. Projects from this program should demonstrate IPM-based alternative pest management optio",2026-09-29,2026-09-29,0,closed,,
ca-7403,grants.ca.gov,CA Department of Food and Agriculture,Healthy Soils Program (HSP) – Demonstration Projects,https://www.cdfa.ca.gov/oefi/healthysoils/DemonstrationProjects.html,state,,250000,2021-12-31,2021-11-01,closed,Nonprofit; Public Agency; Tribal Government,Agriculture,The organization must have business address within California.,"The HSP Demonstration Projects aim to improve soil health, sequester carbon and reduce atmospheric greenhouse gases (GHGs) funding on-farm demonstration projects that collect data and/or showcase conservation management practices that mitigate GHG emissions and increase soil health, and creating a p",2026-09-29,2026-09-29,0,closed,,
ca-8201,grants.ca.gov,CA Department of Food and Agriculture,Beet Curly Top Virus Control Program Grants,https://www.cdfa.ca.gov/plant/ipc/curlytopvirus/ctv_hp.htm,state,,100000,2022-01-10,2021-12-21,closed,Business; Individual; Nonprofit; Public Agency; Tribal Government,"Agriculture; Environment & Water; Science, Technology, and Research & Development",CA,"CDFA may consider funding projects that develop new management methods for treating the Beet Curly Top Leaf Hopper, the primary vector of the Beet Curly Top Virus or development of enhancements to other program areas that will mitigate the virus. ",2026-09-29,2026-09-29,0,closed,,
ca-97070,grants.ca.gov,Behavioral Health Services Oversight and Accountability Commission,RFA_MHSSA_002,https://bhsoac.ca.gov/connect/grant-funding-opportunities/request-for-application-rfa-for-mental-health-student-services-act-mhssa/,state,,25000006000000,2022-01-14,2021-11-01,closed,Public Agency,Disadvantaged Communities; Education; Health & Human Services,"The Applicant can meet the Economically Disadvantaged Communities requirement of their proposed program in one of the following ways: At least 50% of the schools are Title 1, or At least 50% of the schools are on the Free and Reduced-Price Meal program, or At least 50% of the students enrolled are on the Free and Reduced-Price Meal program.","The Commission will award grants to county mental health or behavioral health departments to fund partnerships between county mental health departments and local education entities. Grants awarded shall be used to provide support services that include suicide prevention, drop-out prevention, placeme",2026-09-29,2026-09-29,0,closed,,
ca-7129,grants.ca.gov,Department of Water Resources,2021 Urban and Multibenefit Drought Relief Program,https://water.ca.gov/Water-Basics/Drought/Urban-Multi-Benefit-Drought,state,,,2022-01-14,2021-10-28,closed,Nonprofit; Public Agency; Tribal Government,Disadvantaged Communities; Disaster Prevention & Relief; Environment & Water,CA,"The Urban and Multibenefit Drought Relief Program offers financial assistance to address drought impacts through implementation of projects with multiple benefits. For communities, including Tribes, facing the loss or contamination of their water supplies due to the drought; to address immediate dro",2026-09-29,2026-09-29,0,closed,,
ca-7189,grants.ca.gov,CA Department of Food and Agriculture,State Water Efficiency and Enhancement Program (SWEEP),https://www.cdfa.ca.gov/oefi/sweep,state,,200000,2022-01-18,2021-10-19,closed,Business; Individual; Tribal Government,Agriculture; Environment & Water,The project location must be within California.,To incentive California farmers to implement irrigation systems that conserve water and reduce greenhouse gas (GHG) emissions from irrigation water pumping.,2026-09-29,2026-09-29,0,closed,,
ca-7292,grants.ca.gov,Department of Housing and Community Development,No Place Like Home Program Round 4 Competitive Notice of Funding Availability,https://www.hcd.ca.gov/grants-funding/active-funding/nplh.shtml,state,,,2022-01-19,2021-10-25,closed,Public Agency,"Housing, Community and Economic Development",CA,"The No Place Like Home (NPLH) Program provides loans to eligible counties to acquire, design, construct, rehabilitate or preserve permanent supportive housing for persons who are experiencing homelessness, chronic homelessness or who are at risk of chronic homelessness, and who are in need of mental",2026-09-29,2026-09-29,0,closed,,
ca-8462,grants.ca.gov,CA Department of Food and Agriculture,Pet Lover’s License Plate Grant Program,http://www.cdfa.ca.gov/SpayNeuter/,state,,2500050000,2022-01-28,2022-01-07,closed,Nonprofit; Public Agency,Animal Services,CA,The purpose of this program is to help stop pet overpopulation in California by providing funds for spay/neuter services to municipalities and non‐profit organizations in California. The revenue received from the sale and renewal of the license plate is awarded annually through grant agreements to e,2026-09-29,2026-09-29,0,closed,,
ca-8150,grants.ca.gov,CA Department of Food and Agriculture,Fertilizer Research and Education Program 2022,https://www.cdfa.ca.gov/is/ffldrs/frep/pdfs/2022_RFP.pdf,state,,225000,2022-01-28,2021-12-13,closed,Individual; Nonprofit; Public Agency; Tribal Government,Agriculture; Disadvantaged Communities; Education; Environment & Water,"Concept proposals may originate from outside California, but at least some of the work must be performed in California, and all the work must be relevant to California agriculture.","The Fertilizer Research and Education Program (FREP) funds and facilitates research to advance the environmentally safe and agronomically sound use and handling of fertilizing materials. FREP serves growers, agricultural supply and service professionals, extension personnel, public agencies, consult",2026-09-29,2026-09-29,0,closed,,
ca-7144,grants.ca.gov,CA Department of Food and Agriculture,CDFA PIERCE'S DISEASE AND GLASSY-WINGED SHARPSHOOTER BOARD RESEARCH AND OUTREACH PROGRAM,https://fps.ucdavis.edu/vit2/rfp/CDFA-PD-GWSS.pdf,state,,,2022-01-31,2021-12-01,closed,Individual; Nonprofit; Public Agency; Tribal Government,"Agriculture; Environment & Water; Food & Nutrition; Science, Technology, and Research & Development",California state law prohibits paying expenses for travel to or within certain states within the U.S. Please see https://oag.ca.gov/ab1887 for more information.,"The California Department of Food and Agriculture's Pierce's Disease and Glassy-winged Sharpshooter Board (CDFA PD/GWSS Board) provides funding support to research and outreach projects focused on protecting vineyards, preventing the spread of pests and diseases, and delivering practical and sustain",2026-09-29,2026-09-29,0,closed,,
ca-8324,grants.ca.gov,Victim Compensation Board,Trauma Recovery Center Grant,https://victims.ca.gov/board/grant-opportunities/,state,,,2022-02-02,2022-01-03,closed,Business; Individual; Nonprofit; Public Agency; Tribal Government,Disadvantaged Communities; Health & Human Services,Statewide,The TRC Grant funds centers throughout California that assist victims of violent crime. These centers provide wrap-around services and assist victims who are typically part of unserved and underserved communities.,2026-09-29,2026-09-29,0,closed,,
ca-7715,grants.ca.gov,CA Department of Food and Agriculture,Water Efficiency Technical Assistance Program,https://www.cdfa.ca.gov/oefi/technical/weta.html,state,,500000,2022-02-03,2021-11-23,closed,Nonprofit; Public Agency; Tribal Government,Agriculture,The organization must have business address within California.,The Water Efficiency Technical Assistance (WETA) grant program is designed to facilitate technical assistance to agricultural operations for on-farm water and energy use efficiency and nutrient management.,2026-09-29,2026-09-29,0,closed,,
ca-8639,grants.ca.gov,Commission on the Status of Women and Girls,Women’s Recovery Response Grant Funding Opportunity,https://women.ca.gov/womens-recovery-response/,state,,25000250000,2022-02-04,2022-01-24,closed,Nonprofit; Public Agency; Tribal Government,"Disadvantaged Communities; Employment, Labor & Training; Housing, Community and Economic Development; Veterans & Military",CA,The California Commission on the Status of Women and Girls (CCSWG) is soliciting applications for the Women’s Recovery Response Grant Program to support the existing and emerging needs of women in California who have been disproportionately impacted by the COVID-19 pandemic.     ,2026-09-29,2026-09-29,0,closed,,
ca-8297,grants.ca.gov,Department of Resources Recycling and Recovery,Farm and Ranch Solid Waste Cleanup and Abatement Grant Program,https://calrecycle.ca.gov/lea/grantsloans/farmranch,state,,,2022-02-10,2021-12-28,closed,Public Agency; Tribal Government,Agriculture; Disadvantaged Communities; Environment & Water; Parks & Recreation,"Sites must be located on 'Farm and Ranch' property, defined in CCR Section 17991(d) as range or agricultural land used for activities such as, but not limited to, commercial livestock/crop production (various). The site need not have active sales or production, but shall be appropriately zoned/otherwise authorized for agricultural activities. Appurtenant easements or right-of-ways such as, but not limited to, public roads and utilities included.","Provides funding to cleanup and prevent illegal dumping on 'farm and/or ranch' property, as defined in California Code of Regulations (CCR), Section 17991(d). Usually three application cycles are available each fiscal year; this is the third cycle. CalRecycle offers this Program pursuant to Section ",2026-09-29,2026-09-29,0,closed,,
ca-7751,grants.ca.gov,Department of Resources Recycling and Recovery,Farm and Ranch Solid Waste Cleanup and Abatement Grant Program,https://calrecycle.ca.gov/lea/grantsloans/farmranch/fy202122,state,,,2022-02-10,2021-11-24,closed,Public Agency; Tribal Government,Agriculture; Disadvantaged Communities; Environment & Water,"Sites must be located on 'Farm and Ranch' property, defined in CCR Section 17991(d) as range or agricultural land used for activities such as, but not limited to, commercial livestock/crop production (various). The site need not have active sales or production, but shall be appropriately zoned/otherwise authorized for agricultural activities. Appurtenant easements or right-of-ways such as, but not limited to, public roads and utilities included.","Provides funding to help cleanup and prevent illegal dumping on 'farm and/or ranch' property, as defined in California Code of Regulations (CCR), Section 17991(d). Usually three application cycles are available each fiscal year; this is the second cycle. CalRecycle offers this Program pursuant to Se",2026-09-29,2026-09-29,0,closed,,
ca-7673,grants.ca.gov,Board of State and Community Corrections,California Violence Intervention and Prevention (CalVIP) Grant Program,http://www.bscc.ca.gov/s_cpgpcalvipgrant/,state,,16000000,2022-02-11,2021-11-19,closed,Nonprofit; Public Agency,"Disadvantaged Communities; Education; Employment, Labor & Training; Health & Human Services",CA,"CalVIP grants must be used to support, expand, and replicate evidence-based violence reduction initiatives that seek to interrupt cycles of violence.  Strategies eligible for funding could include but are not limited to: hospital-based violence intervention programs, evidence-based street outreach p",2026-09-29,2026-09-29,0,closed,,
ca-8174,grants.ca.gov,CA State Library,Stronger Together: Out of School Time,https://www.library.ca.gov/grants/out-of-school/,state,,50000100000,2022-02-11,2021-12-17,closed,Public Agency,Libraries and Arts,Eligible entities must be within California,To help local libraries improve or expand library services to out-of-school time youth.,2026-09-29,2026-09-29,0,closed,,
ca-7400,grants.ca.gov,CA Department of Food and Agriculture,Healthy Soils Program (HSP) – Incentives Program,https://www.cdfa.ca.gov/oefi/healthysoils/IncentivesProgram.html,state,,100000,2022-02-25,2021-11-01,closed,Business; Individual; Tribal Government,Agriculture,The organization must have business address within California.,"The HSP Incentives Program provides financial incentives to California growers and ranchers to implement conservation management practices that sequester carbon, reduce atmospheric greenhouse gases (GHGs), and improve soil health.",2026-09-29,2026-09-29,0,closed,,
ca-8465,grants.ca.gov,CA Department of Food and Agriculture,Prevention of Animal Homelessness and Cruelty Voluntary Tax Contribution Fund,http://www.cdfa.ca.gov/SpayNeuter/,state,,750022500,2022-02-28,2022-02-01,closed,Nonprofit; Public Agency,Health & Human Services,CA,"The California Department of Food and Agriculture's (CDFA) Prevention Fund Program is supported by California taxpayer contributions and anticipates awarding up to $250,000 on a competitive basis to be distributed to municipal animal control agencies, and eligible society for the prevention of anima",2026-09-29,2026-09-29,0,closed,,
ca-8048,grants.ca.gov,CA State Library,2022-2023 LSTA Competitive Grants Opportunity,https://www.library.ca.gov/grants/library-services-technology-act/competitive/,state,,10000250000,2022-03-01,2021-12-14,closed,Public Agency,Disadvantaged Communities; Libraries and Arts,Grant opportunity is limited to California.,The California State Library’s competitive LSTA grant opportunities help California’s libraries respond effectively to local needs and align services with local community aspirations; support experimentation and research and development in California’s libraries; and provide training and support in ,2026-09-29,2026-09-29,0,closed,,
ca-5335,grants.ca.gov,Department of Transportation,Federal Transit Administration (FTA) Section 5310 (Enhanced Mobility of Seniors and Individuals with Disabilities),https://dot.ca.gov/programs/rail-and-mass-transportation/enhanced-mobility-of-seniors-and-individuals-with-disabilities-program-fta-5310,state,,,2022-03-02,2022-01-03,closed,Nonprofit; Public Agency; Tribal Government,"Disadvantaged Communities; Education; Employment, Labor & Training; Food & Nutrition; Health & Human Services; Transportation","Rural Areas (pop under 50,000)  Small Urban Area (pop between 50,000-199,999)  Large Urbanized Areas administered by Caltrans:  *Antioch  *Bakersfield  *Concord  *Indio-Cathedral  *Modesto  *Murrieta-Temecula  *Riverside-San Bernardino  *Sacramento  *San Francisco-Oakland  *San Jose  *Santa Rosa  *Stockton   *Victorville-Hesperia  *Visalia    ",The goal of the Federal Transit Administration (FTA) Section 5310 Program is to improve mobility for seniors and individuals with disabilities by removing barriers to transportation services and expanding the transportation mobility options available. Provides financial assistance for transportation,2026-09-29,2026-09-29,0,closed,,
ca-9413,grants.ca.gov,CA Volunteers,2022 AmeriCorps State Funding Opportunity,https://www.californiavolunteers.ca.gov/grants/americorps/2022rfa/,state,,,2022-03-08,2022-03-07,closed,Nonprofit; Public Agency; Tribal Government,"Disadvantaged Communities; Disaster Prevention & Relief; Education; Environment & Water; Health & Human Services; Housing, Community and Economic Development; Veterans & Military",CA,"California Volunteers (CV), the State Service Commission for California, is now accepting applications for 2022-2023 AmeriCorps State funding. Successful applicants receive federal funds and an allotment of full-time or part-time AmeriCorps member positions to help address community problems through",2026-09-29,2026-09-29,0,closed,,
ca-8582,grants.ca.gov,CA Arts Council,Cultural Pathways,https://arts.ca.gov/grant_program/cultural-pathways/,state,,30000,2022-03-09,2022-01-19,closed,Nonprofit; Public Agency; Tribal Government,"Disadvantaged Communities; Disaster Prevention & Relief; Employment, Labor & Training; Health & Human Services; Housing, Community and Economic Development",California-based - Documentation of having a principal place of business in California. ,"The purpose of the Cultural Pathways program is to strengthen the capacity of small, new, and emerging arts organizations that are rooted in communities of color, recent immigrant and refugee communities, and tribal or indigenous groups, and to anchor the cultural and creative work of these organiza",2026-09-29,2026-09-29,0,closed,,
ca-8579,grants.ca.gov,CA Arts Council,JUMP StArts,https://arts.ca.gov/grant_program/jump-starts/,state,,250052500,2022-03-09,2022-01-19,closed,Nonprofit; Public Agency; Tribal Government,"Disadvantaged Communities; Education; Employment, Labor & Training; Health & Human Services; Housing, Community and Economic Development; Libraries and Arts",California-based - Documentation of having a principal place of business in California. ,"The JUMP StArts program supports arts and culture education, apprenticeship and/or mentorship via artists-in-residence programs for system-engaged, system-impacted, and/or at-promise youth and young people through the age of 24.",2026-09-29,2026-09-29,0,closed,,
ca-8567,grants.ca.gov,CA Arts Council,Reentry Through the Arts,https://arts.ca.gov/grant_program/reentry-through-the-arts/,state,,50000,2022-03-09,2022-01-19,closed,Nonprofit; Public Agency; Tribal Government,"Disadvantaged Communities; Education; Employment, Labor & Training; Health & Human Services; Housing, Community and Economic Development; Law, Justice, and Legal Services; Libraries and Arts",California-based - Documentation of having a principal place of business in California. ,"Reentry Through the Arts supports arts and culture programs for adults who have been incarcerated within correctional institutions. It reinforces the direct impact that arts and culture have on the health, welfare, and economic well-being of all Californians and their communities.    ",2026-09-29,2026-09-29,0,closed,,
ca-8576,grants.ca.gov,CA Arts Council,Impact Projects,https://arts.ca.gov/grant_program/impact-projects/,state,,20000,2022-03-09,2022-01-19,closed,Nonprofit; Public Agency; Tribal Government,"Agriculture; Disadvantaged Communities; Disaster Prevention & Relief; Education; Employment, Labor & Training; Environment & Water; Food & Nutrition; Health & Human Services; Housing, Community and Economic Development; Law, Justice, and Legal Services; Libraries and Arts; Parks & Recreation; Science, Technology, and Research & Development; Transportation; Veterans & Military",California-based - Documentation of having a principal place of business in California.,"The Impact Projects grant program intends to support collaborative projects that center local artists and forms of arts and cultural expression in responding to issues facing California at this time, including the pervasive social, political, and economic inequalities experienced by those communitie",2026-09-29,2026-09-29,0,closed,,
ca-8573,grants.ca.gov,CA Arts Council,State-Local Partner Mentorship,https://arts.ca.gov/grant_program/state-local-partner-mentorship/,state,,40000,2022-03-09,2022-01-19,closed,Nonprofit; Public Agency; Tribal Government,"Disadvantaged Communities; Education; Employment, Labor & Training; Health & Human Services; Housing, Community and Economic Development; Libraries and Arts","Applicant organizations must be California-based and provide documentation that shows they have a principal place of business in California to support establishing a county-designated local arts agency in the following four counties: Alpine, Glenn, Kings, and San Joaquin.","The State-Local Partner Mentorship (SLP-M) program is intended to support the establishment of a county-designated local arts agency in each of the four counties in which no such agency has currently been identified (Alpine, Glenn, Kings, San Joaquin). Grant funds will go to four existing State-Loca",2026-09-29,2026-09-29,0,closed,,
ca-8564,grants.ca.gov,CA Arts Council,Arts & Cultural Organization General Operating Relief,https://arts.ca.gov/grant_program/arts-cultural-organizations-general-operating-relief/,state,,30000,2022-03-09,2022-01-19,closed,Nonprofit; Public Agency; Tribal Government,"Disadvantaged Communities; Disaster Prevention & Relief; Education; Employment, Labor & Training; Health & Human Services; Housing, Community and Economic Development; Libraries and Arts; Veterans & Military",California-based - Documentation of being a California-based nonprofit arts/cultural organization with a principal place of business in California. ,The Arts & Cultural Organizations General Operating Relief grant program intends to provide relief funding to arts and cultural organizations who have experienced economic hardships due to the COVID-19 pandemic. ,2026-09-29,2026-09-29,0,closed,,
ca-6685,grants.ca.gov,Department of Pesticide Regulation,DPR Alliance Grants Program,https://www.cdpr.ca.gov/docs/pestmgt/grants/alliance/index.htm,state,,500001800000,2022-03-10,2021-09-09,closed,Business; Individual; Nonprofit; Public Agency; Tribal Government,"Agriculture; Disadvantaged Communities; Education; Employment, Labor & Training; Environment & Water; Food & Nutrition; Housing, Community and Economic Development; Parks & Recreation; Science, Technology, and Research & Development","Projects must primarily benefit the people of California. Work may be conducted outside of California, but justification must be provided.","To help ensure safe, effective pesticide usage in California, the Department of Pesticide Regulation (DPR) annually funds Alliance projects that promote or increase the implementation, expansion, and/or adoption of effective and proven integrated pest management (IPM) systems or practices that reduc",2026-09-29,2026-09-29,0,closed,,
ca-8891,grants.ca.gov,Governor's Office of Business and Economic Development,Grantmaking Entity for CA Microbusiness Grant Program – Round 2,https://cdn.calosba.ca.gov/wp-content/uploads/2021-22-MBCRG-Program-Announcement-Round-2.pdf,state,,,2022-03-10,2022-02-03,closed,Public Agency,"Housing, Community and Economic Development",California ,"The MBCRG Program provides grant funding to  administer grants to microbusinesses. Open only to eligible grantmaking entities defined as a county government or consortium of nonprofits. Awarded grantmaking entities are expected to provide $2,500 grants to qualified microbusinesses.  THIS IS NOT A GR",2026-09-29,2026-09-29,0,closed,,
ca-8588,grants.ca.gov,CA Natural Resources Agency,Museum Grant Program,https://resources.ca.gov/-/media/CNRA-Website/Files/grants/CCHE/CCHE-MGP/MGP-FINAL-GUIDELINES-20220128.pdf,state,,50000500000,2022-03-11,2022-01-28,closed,Nonprofit; Public Agency; Tribal Government,Disadvantaged Communities; Education; Libraries and Arts,Statewide,"The Museum Grant Program is intended to solicit proposals for projects that assist the California Cultural and Historical Endowment in supporting and enhancing museums that are deeply rooted in, and reflective of, previously underserved communities.  Priority funding will be given to museums that ha",2026-09-29,2026-09-29,0,closed,,
ca-8411,grants.ca.gov,Coastal Conservancy,Explore the Coast,https://scc.ca.gov/2022/01/06/2022-explore-the-coast-grants-application-period-now-open/,state,,1200000,2022-03-11,2022-01-06,closed,Nonprofit; Public Agency; Tribal Government,Environment & Water; Parks & Recreation,CA, The Explore the Coast grant program seeks to provide enjoyable coastal experiences for people and communities who face challenges or barriers to accessing or enjoying the coast.,2026-09-29,2026-09-29,0,closed,,
ca-8981,grants.ca.gov,CA State Library,Ethnic Media Grants,https://www.library.ca.gov/grants/ethnic-media/,state,,40000400000,2022-03-14,2022-02-14,closed,Business; Individual; Nonprofit,"Disadvantaged Communities; Health & Human Services; Law, Justice, and Legal Services; Libraries and Arts",CA,"The California State Library is pleased to announce the availability of $5 million in grant funding for ethnic media outlets and organizations to support the public awareness efforts of the Stop the Hate Program administered by the California Department of Social Services, which provides support and",2026-09-29,2026-09-29,0,closed,,
ca-9188,grants.ca.gov,CA Department of Food and Agriculture,Vertebrate Pest Control Research Program (Round 1),https://www.cdfa.ca.gov/plant/ipc/vertebrates/vertebrates_hp.htm,state,,,2022-03-15,2022-02-22,closed,Business; Individual; Nonprofit; Public Agency; Tribal Government,"Agriculture; Health & Human Services; Science, Technology, and Research & Development",Proposals that originate from outside of California are considered if the proposal includes relevance to vertebrate pest concerns within California. ,"Research proposals are being accepted by California Department of Food and Agriculture’s (CDFA) Vertebrate Pest Control Program (VPCP) within Integrated Pest Control Branch.  Proposals may focus on research and/or education, to enhance control measures of vertebrate pests that pose a significant thr",2026-09-29,2026-09-29,0,closed,,
ca-9728,grants.ca.gov,CA Volunteers,2021 CaliforniansForAll Youth Workforce Development Program,https://www.californiavolunteers.ca.gov/wp-content/uploads/2021/12/CaliforniansForAll-Youth-WorkForce-RFA-Sub-300k-12.21.21.pdf,state,,,2022-03-19,2022-03-18,closed,Public Agency,"Employment, Labor & Training",CA,"The CaliforniansForAll Youth Workforce Program is a Governor’s initiative administered by CaliforniaVolunteers in partnership with cities across California. The purpose of this initiative is to increase youthemployment, develop youth interest in and experience towards a career, and to strengthen cit",2026-09-29,2026-09-29,0,closed,,
ca-9731,grants.ca.gov,CA Volunteers,2021 CaliforniansForAll College Fellowship,https://www.californiavolunteers.ca.gov/grants/americorps/,state,,,2022-03-19,2022-03-18,closed,Public Agency,Disadvantaged Communities; Disaster Prevention & Relief; Education; Environment & Water; Food & Nutrition; Health & Human Services,CA,The CaliforniansForAll College Fellowship is a Governor’s initiative administered by California Volunteersin partnership with California colleges and universities with a strong commitment to civic and communityengagement. The purpose of this initiative is to build the next generation of civic leader,2026-09-29,2026-09-29,0,closed,,
ca-8834,grants.ca.gov,Governor's Office of Emergency Services,2020 Homeland Security Grant Program (HSGP) For Federally-Recognized Tribes In California RFP,https://www.caloes.ca.gov/cal-oes-divisions/grants-management/search-for-grants?k=HSGP,state,,,2022-03-21,2022-02-02,closed,Tribal Government,Disaster Prevention & Relief,All California Counties,"To support building or sustaining security enhancement projects that fall within one of the Cal OES HSGP Investment Justifications. Statewide preparedness activities must address high-priority preparedness gaps across one or more of the 32 core capabilities, in addition to requiring a direct nexus t",2026-09-29,2026-09-29,0,closed,,
ca-8765,grants.ca.gov,CA Natural Resources Agency,Urban Greening Grant Program,https://resources.ca.gov/grants/urban-greening,state,,,2022-03-28,2022-02-07,closed,Nonprofit; Public Agency,"Disadvantaged Communities; Employment, Labor & Training; Energy; Environment & Water; Housing, Community and Economic Development; Transportation",Statewide,"The Urban Greening Program, funded by the General Fund, is a grant program designed to promote a comprehensive, long-term approach to addressing climate change to improve the environment. Specifically, the program funds urban greening and urban forestry projects that reduce GHG emissions and provide",2026-09-29,2026-09-29,0,closed,,
ca-9212,grants.ca.gov,CA State Library,Stronger Together: Early Learning,https://www.library.ca.gov/grants/stronger-together-early-learning/,state,,25000225000,2022-03-28,2022-02-24,closed,Public Agency,Disadvantaged Communities; Education; Libraries and Arts,Organizations must be located in California.,The Stronger Together: Early Learning opportunity provides grants to help local libraries strengthen their roles as early learning community hubs and improve or expand early learning programs and services in their communities. The purpose of these grants is to support the critical role that librarie,2026-09-29,2026-09-29,0,closed,,
ca-8678,grants.ca.gov,Department of Fish and Wildlife,Environmental Enhancement Fund,https://wildlife.ca.gov/OSPR/Science/Environmental-Enhancement-Fund/About,state,,,2022-03-30,2022-01-25,closed,Nonprofit; Public Agency,Environment & Water; Parks & Recreation,"Projects located within or immediately adjacent to waters of the state, as defined in California Government Code (of Section 8670.3).","The objective of this grant program is to award grants to nonprofit organizations, cities, counties, cities and counties, districts, state agencies, and departments; and, to the extent permitted by federal law, to federal agencies to support environmental enhancement projects located within or immed",2026-09-29,2026-09-29,0,closed,,
ca-9014,grants.ca.gov,Department of Industrial Relations,"US DOL California State Apprenticeship Expansion Grant State Apprenticeship Expansion, Equity, and Innovation Grant (SAEEI)",https://www.dir.ca.gov/DAS/Grants/Grants.html,state,,2400002500000,2022-03-30,2022-02-11,closed,Business; Nonprofit; Public Agency,"Disadvantaged Communities; Employment, Labor & Training",CA,The California Department of Industrial Relations (DIR) and its Division of Apprenticeship Standards (DAS) are announcing the availability of approximately $7.3 million in funds to expand apprenticeship in California.  The grant focuses on creating equitable registered apprenticeship programs for wo,2026-09-29,2026-09-29,0,closed,,
ca-9452,grants.ca.gov,CA Volunteers,AMERICORPS CALIFORNIA STUDENT SUCCESS  COACH GRANT PROGRAM,https://www.californiavolunteers.ca.gov/grants/americorps/,state,,,2022-03-31,2022-03-08,closed,Nonprofit; Public Agency; Tribal Government,Education,CA,"As a result of California Gov. Gavin Newsom’s vision and investment, the CA SSC Grant Program  will provide competitive grants to supplement AmeriCorps programs delivering the defined  attributes and services of student success coaches in high-need schools throughout the state.",2026-09-29,2026-09-29,0,closed,,
ca-9038,grants.ca.gov,Board of State and Community Corrections,Adult Reentry Grant Program,http://www.bscc.ca.gov/s_argrant/,state,,12750000,2022-04-08,2022-02-11,closed,Nonprofit,"Disadvantaged Communities; Employment, Labor & Training; Food & Nutrition; Health & Human Services; Housing, Community and Economic Development",CA,The Adult Reentry Grant (ARG) Program provides funding for community-based organizations to deliver reentry services for people formerly incarcerated in state prison.,2026-09-29,2026-09-29,0,closed,,
ca-9308,grants.ca.gov,Department of Housing and Community Development,Pet Assistance and Support Program,https://www.hcd.ca.gov/grants-funding/active-funding/pas.shtml,state,,,2022-04-08,2022-03-02,closed,Nonprofit; Public Agency,"Housing, Community and Economic Development",N/A,"The intent of the program is to allow homeless shelters reduce barriers for those individuals with pets experiencing homelessness. By making accommodations for pets, we bring individuals into shelters who would otherwise remain on the streets.",2026-09-29,2026-09-29,0,closed,,
ca-9146,grants.ca.gov,CA State Library,California Civil Liberties,https://www.library.ca.gov/grants/civil-liberties/,state,,50000125000,2022-04-25,2022-02-23,closed,Nonprofit; Public Agency,Education; Libraries and Arts; Parks & Recreation,Grants are available for projects throughout California. ,"The California Civil Liberties Program funds projects that educate the public about civil liberties injustices carried out against communities and individuals in the past as well as today. Projects may provide information about civil liberties injustices perpetrated based on an individual's race, na",2026-09-29,2026-09-29,0,closed,,
ca-9785,grants.ca.gov,Employment Development Department,Equity and Special Populations Technical Assistance and Evaluation Program Year 2021-22 Solicitation for Proposal,https://edd.ca.gov/en/Jobs_and_Training/WDSFP_Workforce_Development_Solicitations_for_Proposals,state,,1200000,2022-04-25,2022-03-28,closed,Business; Nonprofit; Public Agency,"Disadvantaged Communities; Employment, Labor & Training; Housing, Community and Economic Development; Law, Justice, and Legal Services; Veterans & Military",CA,The purpose of the Equity and Special Populations (ESP) Technical Assistance (TA) and Evaluation Program Year (PY) 2021-22 initiative is to increase equity and employment opportunities for underserved populations by providing TA and evaluation services to the ESP PY 21-22 program awardees that will ,2026-09-29,2026-09-29,0,closed,,
ca-9833,grants.ca.gov,CA State Library,Parks Pass,https://www.library.ca.gov/grants/parks-pass/,state,,,2022-04-27,2022-04-04,closed,Public Agency,Education; Environment & Water; Libraries and Arts; Parks & Recreation,California only. ,"Research shows that spending time in the outdoors is associated with better mental and physical health.  California has a wealth of state parks, and many public libraries are likely within driving distance of one. By reducing barriers to park access and partnering with entities such as public librar",2026-09-29,2026-09-29,0,closed,,
ca-97638,grants.ca.gov,Behavioral Health Services Oversight and Accountability Commission,Immigrant and Refugee Stakeholder Advocacy State-Level Advocacy Contractor,https://bhsoac.ca.gov/connect/grant-funding-opportunities/request-for-proposal-rfp-for-immigrant-and-refugee-stakeholder-advocacy-state-program-contractor-2/,state,,400000,2022-04-29,2022-03-09,closed,Nonprofit,Health & Human Services,CA,The Commission is seeking an experienced State-Level Advocacy Contractor to work with Local Immigrant and Refugee contractors.  ,2026-09-29,2026-09-29,0,closed,,
ca-97785,grants.ca.gov,Behavioral Health Services Oversight and Accountability Commission,Immigrant and Refugee Stakeholder Advocacy – Local Program Contractor,https://bhsoac.ca.gov/connect/grant-funding-opportunities/request-for-proposal-rfp-for-immigrant-and-refugee-stakeholder-advocacy-local-program-contractor/,state,,402500,2022-04-29,2022-02-28,closed,Nonprofit,Disadvantaged Communities; Health & Human Services,CA,"The contracts awarded pursuant to this RFP are to support the advocacy, training and education, and outreach and engagement needs of immigrants and refugees to increase the number of available mental health programs, create awareness of and access to culturally appropriate services and supports, and",2026-09-29,2026-09-29,0,closed,,
ca-8030,grants.ca.gov,Department of Financial Protection and Innovation,CalMoneySmart 2022-23 Grant,https://dfpi.ca.gov/calmoneysmart/,state,,1200000,2022-04-29,2022-02-28,closed,Nonprofit,"Consumer Protection; Disadvantaged Communities; Education; Housing, Community and Economic Development",CA,"CalMoneySmart is a grant program created by Senate Bill 455 (Ch. 478, Stats. 2019), which established the Financial Empowerment Fund. Through this program, the Department of Financial Protection and Innovation (DFPI) offers grants of up to $200,000 each to develop and deliver free financial educatio",2026-09-29,2026-09-29,0,closed,,
ca-9371,grants.ca.gov,Department of Housing and Community Development,"Family Homelessness Challenge Grant, Round 1",https://bcsh.ca.gov/calich/documents/fhc_rfa.pdf,state,,,2022-04-30,2022-03-03,closed,Public Agency,"Disadvantaged Communities; Health & Human Services; Housing, Community and Economic Development",CA,"Cal ICH will fund innovative applications that accelerate efforts by local jurisdictions and continuums of care to address and end family homelessness by making families’ experiences of homelessness rare, brief, and one-time.    Applicants shall present an innovative proposal that includes a self-id",2026-09-29,2026-09-29,0,closed,,
ca-9053,grants.ca.gov,Board of State and Community Corrections,Proposition 47 Grant Program – Cohort III,https://www.bscc.ca.gov/s_bsccprop47/,state,,120000000,2022-05-02,2022-02-14,closed,Public Agency; Tribal Government,"Disadvantaged Communities; Employment, Labor & Training; Health & Human Services; Housing, Community and Economic Development; Law, Justice, and Legal Services",CA,"Proposition 47 grant funds must be used for mental health services, substance use disorder treatment, diversion programs, or some combination thereof for people in the criminal justice system. In addition to these required services and programs, applicants are encouraged to provide supplemental hous",2026-09-29,2026-09-29,0,closed,,
ca-9788,grants.ca.gov,Department of General Services,Regional K-16 Education Collaboratives Grant Program,https://k16collaborative.org/,state,,1500000020000000,2022-05-02,2022-04-01,closed,Public Agency,"Disadvantaged Communities; Education; Employment, Labor & Training; Housing, Community and Economic Development",Collaboratives must represent one of the 13 established Community Economic Resilience Fund (CERF) regions.   https://k16collaborative.org/regional-map/   ,"The K-16 Program is part of a statewide strategy for strengthening education-to-workforce pathways and ensuring that education, vocational, and workforce programs work in partnership to address the income, racial, and gender inequalities in education and employment. The program is designed to suppor",2026-09-29,2026-09-29,0,closed,,
ca-9725,grants.ca.gov,Department of Resources Recycling and Recovery,Local Conservation Corps Grant Program,https://www.calrecycle.ca.gov/funding/localcc/fy202223,state,,18532851853313,2022-05-03,2022-03-18,closed,Nonprofit; Public Agency,"Disadvantaged Communities; Education; Employment, Labor & Training; Environment & Water",All services are to be provided within the State of California.,"The Local Conservation Corps (LCC) Grant Program provides grants to certified community conservation corps to serve youth 18-25 years of age with a 3 component program including job skills in recycling, education and career education.  LCCs provide beverage container litter reduction programs, and w",2026-09-29,2026-09-29,0,closed,,
ca-9104,grants.ca.gov,Department of Forestry and Fire Protection,Rural Fire Capacity,http://www.fire.ca.gov/programs/fire-protection/cooperative-efforts/,state,,50020000,2022-05-04,2022-02-16,closed,Nonprofit; Public Agency; Tribal Government,Disaster Prevention & Relief,"Funding for departments must meet at least one of the following qualifications:     1.     A single fire department serving a rural area or a rural community with a population of 10,000 or less.     2.     Area fire departments (fire districts, townships, etc.) may serve an aggregate population of greater than 10,000 as long as the service area of the fire department includes a rural area or a rural community having a population of 10,000 or less. The RFC funding must be used to benefit the rural population.     3.     A single county or town with a population over 10,000 which is served by two or more fire districts operating entirely within the bounds of the county or town may qualify as long as the service area of a given fire department includes a rural area or a rural community or the population of the fire department's jurisdiction is 10,000 or less. The RFC funding must be used for the rural area.     4.     A single community with a population greater than 10,000 and having a single fire department with one or more fire stations may qualify. The fire department must have a service area that includes a rural area or community that does not exceed 10,000 population. Also a single community with a population greater than 10,000 which also provides fire protection to an adjoining rural community of 10,000 or less population by contract may also be eligible provided the RFC funding is used entirely to support the rural community.  A single community fire department serving a population greater than 10,000 and not providing protection to a rural area or to a rural community is not eligible for RFC financial assistance.","The Rural Fire Capacity Grant Program provides funding to organize, train, and equip fire departments in rural areas and rural communities to prevent and suppress fires.",2026-09-29,2026-09-29,0,closed,,
ca-9374,grants.ca.gov,Department of Public Health,Alzheimer's Disease Research Awards,https://www.cdph.ca.gov/Programs/CCDPHP/DCDIC/CDCB/Pages/Alzheimers-Disease-Program-Research-Grants.aspx,state,,,2022-05-04,2022-03-04,closed,Nonprofit; Public Agency,"Health & Human Services; Science, Technology, and Research & Development","Applicants and all other associated co-applicants and subcontractors must be California-based, and all relevant project activities must take place in California.","Research in connection to the study of Alzheimer’s disease and related dementias with a focus on understanding and addressing the greater prevalence of dementia in women and communities of color and also focus on populations historically underrepresented in research including the lesbian, gay, bisex",2026-09-29,2026-09-29,0,closed,,
ca-9569,grants.ca.gov,CA Department of Food and Agriculture,2022 ALTERNATIVE MANURE MANAGEMENT PROGRAM,https://www.cdfa.ca.gov/oefi/ammp/docs/2022_AMMP_RGA.pdf,state,,,2022-05-09,2022-03-10,closed,Business; Individual; Nonprofit; Tribal Government,Agriculture; Animal Services; Environment & Water,The project site must be located on a commercial California dairy or livestock operation. Individuals receiving grant award funds must be located in California with a physical California business address.,The California Department of Food and Agriculture's (CDFA) Alternative Manure Management Program (AMMP) awards competitive grants to California dairy and livestock operations for technologies and specific management practices that result in long-term methane emission reductions and maximize environm,2026-09-29,2026-09-29,0,closed,,
ca-9566,grants.ca.gov,CA Department of Food and Agriculture,2022 DAIRY DIGESTER RESEARCH AND DEVELOPMENT PROGRAM,https://www.cdfa.ca.gov/oefi/ddrdp/docs/2022_DDRDP_Request_for_Grant_Applications.pdf,state,,,2022-05-09,2022-03-10,closed,Business; Individual; Nonprofit; Tribal Government,Agriculture; Animal Services; Energy; Environment & Water,The project site must be located on a commercial California dairy operation. Individuals and/or entities receiving grant award funds must be located in California with a physical California business address.,"The California Department of Food and Agriculture's (CDFA) Dairy Digester Research and Development Program (DDRDP), awards competitive grants to California dairy operations and digester developers for the implementation of dairy digesters that result in long-term methane emission reductions on Calif",2026-09-29,2026-09-29,0,closed,,
ca-9932,grants.ca.gov,CA Department of Food and Agriculture,2022 California Nutrition Incentive Program – CalFresh,https://cafarmtofork.cdfa.ca.gov/cnip.html,state,,,2022-05-16,2022-04-11,closed,Business; Nonprofit,Agriculture; Food & Nutrition,CA,"CDFA is seeking project proposals from eligible entities to distribute nutrition incentives to CalFresh shoppers using their benefits to purchase fresh, California grown fruits and vegetables at direct marketing outlets (Certified Farmers’ Markets, Community Supported Agriculture programs, and farm ",2026-09-29,2026-09-29,0,closed,,
ca-9779,grants.ca.gov,Governor's Office of Emergency Services,2022-23 Specialized Emergency Housing (KE) Program RFP,https://www.caloes.ca.gov/cal-oes-divisions/grants-management/search-for-grants?k=KE,state,,1300000,2022-05-23,2022-03-28,closed,Nonprofit; Public Agency,"Consumer Protection; Disaster Prevention & Relief; Health & Human Services; Law, Justice, and Legal Services",All California counties.,"To expand emergency shelter/emergency housing assistance and provide supportive services for victims of crime with specialized needs (e.g., elderly, youth, men, disabled, lesbian, gay, bisexual, transgender, queer (LGBTQ+), non-English speaking, culturally or religiously marginalized, etc.) who cann",2026-09-29,2026-09-29,0,closed,,
ca-9845,grants.ca.gov,Department of Housing and Community Development,Local Housing Trust Funds,https://www.hcd.ca.gov/grants-funding/active-funding/lhtf.shtml,state,,,2022-05-25,2022-04-05,closed,Nonprofit; Public Agency; Tribal Government,"Housing, Community and Economic Development",N/A,"The principal goal of this program is to provide grants to Local Housing Trust Funds established by cities and counties, Native American Tribes, and incorporated 501(c)(3) nonprofit organizations to increase the supply of housing to households with incomes of 80 percent or less of area median income",2026-09-29,2026-09-29,0,closed,,
ca-10007,grants.ca.gov,CA Arts Council,California Creative Corps – Administering Organization Grant,https://arts.ca.gov/grant_program/california-creative-corps/,state,,10000005000000,2022-06-02,2022-04-15,closed,Nonprofit; Public Agency; Tribal Government,"Disadvantaged Communities; Disaster Prevention & Relief; Education; Employment, Labor & Training; Energy; Environment & Water; Food & Nutrition; Health & Human Services; Housing, Community and Economic Development; Libraries and Arts; Parks & Recreation; Science, Technology, and Research & Development; Veterans & Military","The CAC will identify a minimum of one and no more than three AOs in each regional and statewide service area, as follows:  Statewide Service Area  Bay Area Regional Service Area  Capital Regional Service Area  Central Coast Regional Service Area  Central Valley Regional Service Area  Far South Regional Service Area  Inland Empire Regional Service Area  South Regional Service Area  Upstate Regional Service Area","The California Creative Corps pilot program, a media, outreach, and engagement campaign designed to increase: (1) public health awareness messages to stop the spread of COVID-19; (2) public awareness related to water and energy conservation, climate mitigation, and emergency preparedness, relief, an",2026-09-29,2026-09-29,0,closed,,
ca-9911,grants.ca.gov,CA Natural Resources Agency,Environmental Enhancement and Mitigation,https://resources.ca.gov/-/media/CNRA-Website/Files/grants/EEM/2022-Final-EEM-Guidelines.pdf,state,,,2022-06-03,2022-04-08,closed,Nonprofit; Public Agency,Environment & Water,"Statewide  North/South Split  An attempt will be made to award 40% of the total funding to projects in northern counties and 60% of the total funding to projects in southern counties. The following are defined as southern counties: San Luis Obispo, Kern, Mono, Tulare, Inyo, Santa Barbara, Ventura, Los Angeles, San Bernardino, Orange, Riverside, San Diego, and Imperial. All other counties are considered northern counties","The EEM Program is an annual program established by legislation in 1989 and amended on September 26, 2013. It offers grants to local, state, and federal governmental agencies, and to nonprofit organizations for projects to mitigate the environmental impacts caused by new or modified public transport",2026-09-29,2026-09-29,0,closed,,
ca-8066,grants.ca.gov,Department of Parks and Recreation,Grants and Cooperative Agreements Program (GCA) – G22,https://ohv.parks.ca.gov/?page_id=30524,state,,,2022-06-06,2022-02-22,closed,Nonprofit; Public Agency,Education; Environment & Water; Parks & Recreation,All Projects shall reside on public lands within the State of California.,"The Grants and Cooperative Agreements (GCA) Program provides for well managed Off-Highway Vehicle (OHV) Recreation by providing financial assistance to eligible agencies and organizations that develop, maintain, operate, expand, support, or contribute to well managed, high-quality, OHV Recreation ar",2026-09-29,2026-09-29,0,closed,,
ca-10118,grants.ca.gov,CA Department of Food and Agriculture,Healthy Refrigeration Grant Program RFP for Technical Assistance Providers,https://cafarmtofork.cdfa.ca.gov/hrgp.html,state,,,2022-06-10,2022-04-28,closed,Business; Nonprofit; Public Agency; Tribal Government,"Agriculture; Energy; Food & Nutrition; Housing, Community and Economic Development","The focus of this program is on serving low-income, low-food access, and underserved communities throughout the state. Project reach including providing services in program priority areas and to target populations, in locations with many low-income or low food-access census tracts or other barriers to food access, such as affordability, language, cultural or other, is a key part of scoring criteria for applications.","The Healthy Refrigeration Grant Program funds energy efficient refrigeration units in corner stores, small businesses, and food donation programs in low-income or low-access areas to stock California-grown produce, nuts, dairy, meat, eggs, minimally processed, and culturally appropriate foods. This ",2026-09-29,2026-09-29,0,closed,,
ca-10304,grants.ca.gov,Department of Conservation,2021-22 Sustainable Agricultural Lands Conservation Program (SALC) Agricultural Conservation Acquisition Grants,https://www.conservation.ca.gov/dlrp/grant-programs/SALCP,state,,,2022-06-15,2022-04-28,closed,Nonprofit; Public Agency; Tribal Government,Agriculture; Environment & Water,State of California,"Permanently protect croplands, rangelands, and lands utilized for the cultivation of traditional resources from conversion to non-agricultural uses.​ Protecting these lands promotes smart growth within existing jurisdictions, ensures open space remains available, and supports healthy agricultural an",2026-09-29,2026-09-29,0,closed,,
ca-10088,grants.ca.gov,CA Arts Council,Arts and Accessibility,https://arts.ca.gov/grant_program/arts-and-accessibility/,state,,500000,2022-06-23,2022-04-28,closed,Nonprofit; Public Agency; Tribal Government,"Employment, Labor & Training; Libraries and Arts","California-based - Documentation of being a California-based nonprofit arts/cultural organization; an arts-based unit of municipal or county government; or a tribal government, or nonprofit social service organization with regular ongoing arts programming and/or services and a principal place of business in California. ","To best serve California artists with disabilities and organizations that support them, the CAC is seeking applications for up to five Administering Organizations to partner with in the 2022-23 grant cycle, who may receive all of part of the $500,000 program allocation, to manage the Arts and Access",2026-09-29,2026-09-29,0,closed,,
ca-10091,grants.ca.gov,CA Arts Council,Cultural Pathways-Technical Assistance,https://arts.ca.gov/grant_program/cultural-pathways-technical-assistance,state,,150000,2022-06-23,2022-04-28,closed,Nonprofit; Public Agency; Tribal Government,"Disadvantaged Communities; Employment, Labor & Training; Libraries and Arts",California-based - Documentation of having a principal place of business in California.,"The purpose of the Cultural Pathways-Technical Assistance program is to strengthen the capacity of small, new, and emerging arts organizations that are rooted in historically and systemically under-resourced communities and to anchor the cultural and creative work of these organizations into the cul",2026-09-29,2026-09-29,0,closed,,
ca-10067,grants.ca.gov,CA Arts Council,Arts Integration Training,https://arts.ca.gov/grant_program/arts-integration-training/,state,,15000,2022-06-23,2022-04-28,closed,Nonprofit; Public Agency; Tribal Government,"Education; Employment, Labor & Training",California-based - Documentation of having a principal place of business in California. ,"In recent years, the CAC expanded the arts education grant programs, including the Arts Integration Training (AIT) grant. Awards of up to $5,000 per year support nonprofit arts organizations and teaching artists to plan and deliver professional development in arts integration strategies to classroom",2026-09-29,2026-09-29,0,closed,,
ca-10127,grants.ca.gov,CA Arts Council,Creative Youth Development,https://arts.ca.gov/grant_program/creative-youth-development/,state,,40000,2022-06-23,2022-04-28,closed,Nonprofit; Public Agency; Tribal Government,"Disadvantaged Communities; Education; Housing, Community and Economic Development; Libraries and Arts",California-based - Documentation of having a principal place of business in California.,"The Creative Youth Development program is rooted in the CAC’s belief that arts learning is an essential tool for healthy human development and that it should be available to all young people throughout California. The CAC envisions that all of California’s young people are provided with meaningful, ",2026-09-29,2026-09-29,0,closed,,
ca-10115,grants.ca.gov,CA Arts Council,JUMP StArts – Cycle B,https://arts.ca.gov/grant_program/jump-starts/,state,,250050000,2022-06-23,2022-04-28,closed,Nonprofit; Public Agency; Tribal Government,"Disadvantaged Communities; Education; Employment, Labor & Training; Health & Human Services; Housing, Community and Economic Development; Libraries and Arts",California-based - Documentation of having a principal place of business in California. ,"The JUMP StArts program supports arts and culture education, apprenticeship and/or mentorship via artists-in-residence programs for system-engaged, system-impacted, and/or at-promise youth and young people through the age of 24.",2026-09-29,2026-09-29,0,closed,,
ca-10070,grants.ca.gov,CA Arts Council,Arts Education Exposure,https://arts.ca.gov/grant_program/arts-education-exposure/,state,,60000,2022-06-23,2022-04-28,closed,Nonprofit; Public Agency; Tribal Government,Disadvantaged Communities; Education; Libraries and Arts,California-based - Documentation of having a principal place of business in California. ,"The purpose of the Exposure program is to support attendance at high-quality performances and exhibits for students who would particularly benefit from these experiences. Students may be identified as priority communities for participation due to socio-economic status, geographic region, or other as",2026-09-29,2026-09-29,0,closed,,
ca-11252,grants.ca.gov,Department of Social Services,Statewide Asylee Orientation,https://www.cdss.ca.gov/inforesources/cdss-programs/refugees/programs-and-info/sao,state,,300000,2022-06-24,2022-06-14,closed,Nonprofit,Health & Human Services,​California,"​The virtual Statewide Asylee Orientation (SAO) would provide information for asylees through culturally and linguistically appropriate self-paced, evergreen, virtual online content. The learning modules would address four areas: eligibility for benefits (including cash, food, medical assistance, ch",2026-09-29,2026-09-29,0,closed,,
ca-9806,grants.ca.gov,Department of Housing and Community Development,AB 434 Super NOFA,https://www.hcd.ca.gov/multifamily-finance-supernofa,state,,,2022-06-28,2022-03-30,closed,Business; Nonprofit; Public Agency; Tribal Government,"Housing, Community and Economic Development",CA,The Department of Housing and Community Development (Department or HCD) is pleased to announce the initial release of this Multifamily Housing Notice of Funding Availability (NOFA) for approximately $650 million in funds.,2026-09-29,2026-09-29,0,closed,,
ca-11513,grants.ca.gov,Department of Conservation,3021-975 SALC Acquisition Grant Technical Assistance RFP,https://caleprocure.ca.gov/event/3480/0000023866,state,,200000,2022-07-01,2022-06-29,closed,Business; Individual; Nonprofit; Tribal Government,Agriculture; Disadvantaged Communities; Environment & Water,State of California ,The overall goal of the technical assistance program (TA Program) is to actively engage and support eligible grantees and their partners in under-represented and disadvantaged communities to develop viable projects and submit grant applications in pursuit of funding for agricultural land conservatio,2026-09-29,2026-09-29,0,closed,,
ca-8408,grants.ca.gov,Strategic Growth Council,Transformative Climate Communities Implementation Grant,https://sgc.ca.gov/programs/tcc/,state,,35000000,2022-07-01,2022-03-09,closed,Business; Nonprofit; Public Agency; Tribal Government,"Disadvantaged Communities; Employment, Labor & Training; Energy; Environment & Water; Food & Nutrition; Health & Human Services; Housing, Community and Economic Development; Parks & Recreation; Transportation","Project Areas must be contiguous and no larger than five square miles. At least 51% of the Project Area must be disadvantaged or a within a federally-recognized tribal boundary, and the remaining 49% or less must be disadvantaged or a low-income community as defined by AB 1550. The methods for designating whether a community is disadvantaged differ for incorporated and unincorporated communities. See Section II.A of the Guidelines.","The TCC Program furthers the purposes of AB 32 (Nunez, 2006) and AB 2722 (Burke, 2016) by funding projects that reduce greenhouse gas emissions (GHG) through the development and implementation of neighborhood-level transformative climate community plans that include multiple coordinated GHG emission",2026-09-29,2026-09-29,0,closed,,
ca-9149,grants.ca.gov,Strategic Growth Council,Transformative Climate Communities Planning Grant,https://sgc.ca.gov/programs/tcc/,state,,300000,2022-07-01,2022-03-09,closed,Business; Nonprofit; Public Agency; Tribal Government,"Disadvantaged Communities; Employment, Labor & Training; Energy; Environment & Water; Food & Nutrition; Health & Human Services; Housing, Community and Economic Development; Parks & Recreation; Transportation","Project Areas must be contiguous. At least 51% of the Project Area must be disadvantaged or a within a federally-recognized tribal boundary, and the remaining 49% or less must be disadvantaged or a low-income community as defined by AB 1550. The methods for designating whether a community is disadvantaged differ for incorporated and unincorporated communities. See Section II.A of the Guidelines.","The TCC Program furthers the purposes of AB 32 (Nunez, 2006) and AB 2722 (Burke, 2016) by funding projects that reduce greenhouse gas emissions (GHG) through the development and implementation of neighborhood-level transformative climate community plans that include multiple coordinated GHG emission",2026-09-29,2026-09-29,0,closed,,
ca-10259,grants.ca.gov,CA Department of Food and Agriculture,2022 California Farm to School Incubator Grant Program,https://www.cdfa.ca.gov/caf2sgrant/,state,,,2022-07-06,2022-05-09,closed,Business; Nonprofit; Public Agency; Tribal Government,Agriculture; Education; Food & Nutrition,California,"The California Department of Food and Agriculture’s (CDFA) California Farm to School Incubator Grant Program will award competitive grants to support projects that cultivate equity, nurture students, build climate resilience, and create scalable and sustainable change.",2026-09-29,2026-09-29,0,closed,,
ca-11705,grants.ca.gov,Board of State and Community Corrections,California Violence Intervention and Prevention (CalVIP) Grant Program,http://www.bscc.ca.gov/s_cpgpcalvipgrant/,state,,16000000,2022-07-15,2022-07-12,closed,Nonprofit; Public Agency,"Disadvantaged Communities; Education; Employment, Labor & Training; Health & Human Services",CA,"CalVIP grants must be used to support, expand, and replicate evidence-based violence reduction initiatives that seek to interrupt cycles of violence.  Strategies eligible for funding could include but are not limited to: hospital-based violence intervention programs, evidence-based street outreach p",2026-09-29,2026-09-29,0,closed,,
ca-10541,grants.ca.gov,Employment Development Department,Community Economic Resilience Fund Program Program Year 2022-24,https://edd.ca.gov/en/Jobs_and_Training/WDSFP_Workforce_Development_Solicitations_for_Proposals,state,,15000000,2022-07-25,2022-05-26,closed,Nonprofit; Public Agency; Tribal Government,"Disadvantaged Communities; Employment, Labor & Training; Environment & Water; Housing, Community and Economic Development","All 13 regions of California will receive funding for planning and implementation. For information on the final regions, please reference the Community Economic Resilience Fund Program – Final Regions, Workforce Services Information Notice (WSIN-21-25). Only one award will be made by region. ",The purpose of the Community Economic Resilience Fund (CERF) Program funding is to build an equitable and sustainable economy across California’s diverse regions and foster long-term economic resilience in the overall transition to a carbon-neutral economy. CERF will use a high-road approach to econ,2026-09-29,2026-09-29,0,closed,,
ca-11123,grants.ca.gov,CA Natural Resources Agency,Youth Community Access Grant Program (2022),https://resources.ca.gov/grants/youth,state,,25000300000,2022-07-29,2022-06-10,closed,Nonprofit; Public Agency; Tribal Government,Disadvantaged Communities; Education; Parks & Recreation,Statewide,"Youth Community Access is a program supporting youth access to natural and cultural resources with a focus on low-income and disadvantaged communities including, but not limited to, community education and recreational amenities to support youth substance use prevention and early intervention.",2026-09-29,2026-09-29,0,closed,,
ca-17639,grants.ca.gov,State Treasurer's Office,Investment in Mental Health Wellness Grant Program for Children and Youth (4th Funding Round),https://www.treasurer.ca.gov/chffa/imhwa/index.asp,state,,,2022-07-29,2022-03-17,closed,Nonprofit; Public Agency,Health & Human Services,CA,"It is intended to improve access to mental health crisis services in California for children and youth, ages 21 and under by funding a statewide expansion of mobile crisis support teams (MCSTs), crisis stabilization and Children’s Crisis Residential Program beds, and family respite care via grants a",2026-09-29,2026-09-29,0,closed,,
ca-10238,grants.ca.gov,Coastal Conservancy,Sea Otter Recovery Grants,https://scc.ca.gov/2022/05/03/sea-otter-recovery-grants-deadline-august-5-2022/,state,,,2022-08-05,2022-05-03,closed,Nonprofit; Public Agency; Tribal Government,Animal Services; Environment & Water,CA,Coastal Conservancy grants funded by the California Sea Otter Fund can be used for a variety of activities related to southern sea otter recovery and improving the nearshore ecosystem.,2026-09-29,2026-09-29,0,closed,,
ca-10328,grants.ca.gov,Department of Conservation,2021-22 Sustainable Agricultural Lands Conservation Program (SALC) Capacity and Project Development Grants,https://www.conservation.ca.gov/dlrp/grant-programs/SALCP,state,,,2022-08-08,2022-04-28,closed,Nonprofit; Public Agency; Tribal Government,Agriculture; Environment & Water,State of California,"Permanently protect croplands, rangelands, and lands utilized for the cultivation of traditional resources from conversion to non-agricultural uses.​ Protecting these lands promotes smart growth within existing jurisdictions, ensures open space remains available, and supports healthy agricultural an",2026-09-29,2026-09-29,0,closed,,
ca-12173,grants.ca.gov,Employment Development Department,Campesino de California Outreach Grant – Complaint System Awareness and Referral Program,https://edd.ca.gov/en/Jobs_and_Training/WDSFP_Workforce_Development_Solicitations_for_Proposals,state,,150000,2022-08-08,2022-07-22,closed,Business; Nonprofit; Public Agency; Tribal Government,"Agriculture; Disadvantaged Communities; Education; Employment, Labor & Training",The applicant must submit a proposal to the EDD to reach the maximum amount of MSFWs statewide. Target populations must include hard to reach and underrepresented high-density farmworker agricultural areas. ,The goal of this initiative is to create partnerships with organizations currently serving the Migrant and Seasonal Farmworkers (MSFW) community to reduce barriers and expand access points to the Employment Service and Employment-Related Law Complaint System. The proposal must demonstrate innovative,2026-09-29,2026-09-29,0,closed,,
ca-11708,grants.ca.gov,Board of State and Community Corrections,2022 Title II Grant Program,https://www.bscc.ca.gov/s_titleiigrant/,state,,1350000,2022-08-12,2022-07-12,closed,Nonprofit; Public Agency; Tribal Government,"Disadvantaged Communities; Education; Employment, Labor & Training; Law, Justice, and Legal Services",CA,"This Grant Program provides alternatives to detention, promotes youth safety and well-being while in custody, and identifies and supports successful and emerging reentry models. It intends that in-custody programs focus on rehabilitation and building individual strengths instead of punishment for pa",2026-09-29,2026-09-29,0,closed,,
ca-10514,grants.ca.gov,Department of Resources Recycling and Recovery,Farm & Ranch Solid Waste Cleanup and Abatement Grant Program,https://calrecycle.ca.gov/lea/grantsloans/farmranch/,state,,,2022-08-12,2022-06-27,closed,Public Agency; Tribal Government,Agriculture; Disadvantaged Communities; Environment & Water,"Sites must be located on 'Farm and Ranch' property, defined in CCR Section 17991(d) as range or agricultural land used for activities such as, but not limited to, commercial livestock/crop production (various). The site need not have active sales or production, but shall be appropriately zoned/otherwise authorized for agricultural activities. Appurtenant easements or right-of-ways such as, but not limited to, public roads and utilities included.","Provides funding to help cleanup and prevent illegal dumping on 'farm and/or ranch' property, as defined in California Code of Regulations (CCR), Section 17991(d). Usually three application cycles are available each fiscal year; this is the second cycle. CalRecycle offers this Program pursuant to Se",2026-09-29,2026-09-29,0,closed,,
ca-11090,grants.ca.gov,CA Department of Food and Agriculture,2022 Beginning Farmer and Farmworker Training and Workforce Development,https://www.cdfa.ca.gov/bfftp/,state,,500001000000,2022-08-15,2022-06-02,closed,Nonprofit; Tribal Government,"Agriculture; Disadvantaged Communities; Employment, Labor & Training","Statewide. There will be a geographic preference and priority for projects in top agricultural regions (Central Valley, Coachella Valley, Imperial Valley, Central Coast, Southern California).","To support organizations in the development, enhancement and/or expansion of beginning farmer apprenticeship programs and farm worker training and workforce development programs. To ensure that resources are dedicated to strengthening support for socially disadvantaged farmers and ranchers in the fi",2026-09-29,2026-09-29,0,closed,,
ca-6481,grants.ca.gov,Department of Justice (Office of the Attorney General),Tobacco Grant Program FY 2022-23 Request for Proposals,https://oag.ca.gov/tobaccogrants,state,,,2022-08-17,2022-07-18,closed,Public Agency,"Education; Law, Justice, and Legal Services","This grant opportunity is geographically limited to the state of California, and applicants should be able to demonstrate significant tobacco products usage within their jurisdiction.","The purpose of this grant offered through the Office of the Attorney General, California Department of Justice Tobacco Grant Program is to promote a healthier California by reducing illegal sales and marketing of cigarettes and tobacco products, including e-cigarettes, to minors and youth.",2026-09-29,2026-09-29,0,closed,,
ca-11960,grants.ca.gov,CA Arts Council,Administering Organization – Individual Artist Fellowships,https://arts.ca.gov/grant_program/individual-artists-fellowship/,state,,,2022-08-31,2022-07-14,closed,Nonprofit; Public Agency; Tribal Government,Disadvantaged Communities; Libraries and Arts,"California-based - Documentation as being a California-based nonprofit arts/cultural organization; an arts-based unit of municipal or county government; or a tribal government, or nonprofit social service organization with a principal place of business in California   ","The Administering Organization – Individual Artist Fellowships program will support artists at key moments in their careers, elevating their capacity for continued contribution to the field and our state. Fellowship grants support individual artistic practice through unrestricted funding. This progr",2026-09-29,2026-09-29,0,closed,,
ca-11957,grants.ca.gov,CA Arts Council,Administering Organization – Arts Administrators Pipeline Fellowship,https://arts.ca.gov/grant_program/administering-organization-arts-administrators-pipeline-fellowship/,state,,1165000,2022-08-31,2022-07-14,closed,Nonprofit; Public Agency; Tribal Government,"Disadvantaged Communities; Education; Employment, Labor & Training; Libraries and Arts","California-based - Documentation as being a California-based nonprofit arts/cultural organization; an arts-based unit of municipal or county government; or a tribal government, or nonprofit social service organization with regular ongoing arts programming and/or services and a principal place of business in California",The Arts Administrators Pipeline Fellowship program will be to both support the professional trajectory of individuals who otherwise may not have the opportunity to develop their careers as arts administrators and to increase the capacity of arts organizations for authentic community engagement with,2026-09-29,2026-09-29,0,closed,,
ca-11690,grants.ca.gov,CA State Library,Sustainable California Libraries,https://www.library.ca.gov/grants/sustainability/,state,,,2022-08-31,2022-07-11,closed,Public Agency,"Energy; Environment & Water; Food & Nutrition; Libraries and Arts; Science, Technology, and Research & Development",Grant is limited to California,The California State Library’s 2022-2023 Library Services and Technology Act (LSTA)-funded Inspiration Grants opportunity will provide support to libraries throughout California interested in implementing a project outside of other State Library opportunities.,2026-09-29,2026-09-29,0,closed,,
ca-12632,grants.ca.gov,Board of Forestry,2022/23 Effectiveness Monitoring Committee Request for Research Proposals to Test the Efficacy of the California Forest Practice Rules and related regulations,https://bof.fire.ca.gov/media/he1fcniz/emc-grant-guidelines-2022-23-final_ada.pdf,state,,,2022-09-14,2022-08-01,closed,Business; Individual; Nonprofit; Public Agency; Tribal Government,"Agriculture; Environment & Water; Science, Technology, and Research & Development",Proposed projects that have broad application throughout California forestlands both public and private will be ranked higher than those with application limited to a specific geomorphic region or sub-region. Projects need not be physically located in California to produce findings that apply to multiple areas in the state. Projects may occur on state or federal lands.,The Effectiveness Monitoring Committee (EMC) funds robust scientific research aimed at testing the efficacy of the California Forest Practice Rules and related regulations. The EMC is seeking project proposals that: 1) Address one or more of the critical monitoring questions identified in the EMC 20,2026-09-29,2026-09-29,0,closed,,
ca-144426,grants.ca.gov,Department of Alcoholic Beverage Control,ABC/OTS Alcohol Enforcement Grant 2023,https://www.abc.ca.gov/enforcement/alcohol-policing-partnership/,state,,2000040000,2022-09-15,2022-08-01,closed,Public Agency,"Law, Justice, and Legal Services",CA state wide,The Department of Alcoholic Beverage Control (ABC) will expand its efforts to achieve the ongoing goal of reducing youth access to alcohol by combining enforcement with training and educational programs. Enforcement training grants will be awarded by ABC to local law enforcement agencies. ,2026-09-29,2026-09-29,0,closed,,
ca-144621,grants.ca.gov,Department of Alcoholic Beverage Control,DUI Awareness and Underage Drinking Prevention Program 2023,https://www.abc.ca.gov/enforcement/alcohol-policing-partnership/,state,,750000,2022-09-15,2022-07-30,closed,Nonprofit,"Education; Law, Justice, and Legal Services",CA state wide,The Department of Alcoholic Beverage Control (ABC) will expand its efforts to achieve the ongoing goal of reducing youth access to alcohol by combining enforcement with training and educational programs. Enforcement training grants will be awarded by ABC to local law enforcement agencies. ,2026-09-29,2026-09-29,0,closed,,
ca-13265,grants.ca.gov,Department of Fish and Wildlife,Upland Game Bird Account Grant Program,https://wildlife.ca.gov/Grants/Upland-Game-Bird,state,,,2022-09-15,2022-08-17,closed,Individual; Nonprofit; Public Agency; Tribal Government,"Agriculture; Environment & Water; Science, Technology, and Research & Development",CA,"Funds shall be expended for the purpose of acquiring land, completing projects and implementing programs to benefit upland game bird species, and expanding public hunting opportunities and related public outreach, including, enhancing upland game bird habitat.   ",2026-09-29,2026-09-29,0,closed,,
ca-13604,grants.ca.gov,Department of Fish and Wildlife,2023 Native Wildlife Rehabilitation Grant Program,https://nrm.dfg.ca.gov/FileHandler.ashx?DocumentID=203302,state,,400029000,2022-09-15,2022-08-30,closed,Nonprofit,Animal Services,"Resident of California, and located within the geographic boundaries of California.","The California Department of Fish and Wildlife (CDFW) has established a competitive grantprogram to support and advance the recovery and rehabilitation of injured, sick, ororphaned wildlife, and conservation education. Funds may be used to support facilityoperations, improvement and/or innovation in",2026-09-29,2026-09-29,0,closed,,
ca-11534,grants.ca.gov,Governor's Office of Business and Economic Development,California Community Reinvestment Grants Program,https://www.business.ca.gov/CalCRG,state,,6000003000000,2022-09-15,2022-08-08,closed,Nonprofit; Public Agency,"Disadvantaged Communities; Employment, Labor & Training; Health & Human Services; Housing, Community and Economic Development; Law, Justice, and Legal Services",The CalCRG program statute requires programs and services to be provided to communities disproportionately impacted by past federal and state drug policies. Applicants must provide services in one or more of the identified CalCRG eligible counties or census tracts in California.,"The CalCRG program awards grants to Local Health Departments and qualified Community-based Nonprofit Organizations to support job placement, mental health treatment, substance use disorder treatment, system navigation services, legal services to address barriers to reentry, and linkages to medical c",2026-09-29,2026-09-29,0,closed,,
ca-12956,grants.ca.gov,CA Department of Food and Agriculture,2023 Specialty Crop Block Grant Program,https://www.cdfa.ca.gov/Specialty_Crop_Competitiveness_Grants/pdfs/2023_SCBGP_RRFCP.pdf,state,,100000500000,2022-09-16,2022-08-18,closed,Business; Nonprofit; Public Agency; Tribal Government,"Agriculture; Disadvantaged Communities; Education; Employment, Labor & Training; Environment & Water; Food & Nutrition; Science, Technology, and Research & Development",CA,The California Department of Food and Agriculture's (CDFA) Specialty Crop Block Grant Program (SCBGP) funds projects that enhance the competitiveness of California specialty crops. The SCBGP is designed to support all sectors of California's specialty crop industry and improve the performance of Cal,2026-09-29,2026-09-29,0,closed,,
ca-11126,grants.ca.gov,Department of Pesticide Regulation,2023 Department of Pesticide Regulation Research Grants Program,https://www.cdpr.ca.gov/docs/pestmgt/grants/research/index.htm,state,,500003150000,2022-09-22,2022-07-14,closed,Business; Individual; Nonprofit; Public Agency; Tribal Government,"Agriculture; Disadvantaged Communities; Education; Employment, Labor & Training; Environment & Water; Food & Nutrition; Housing, Community and Economic Development; Parks & Recreation; Science, Technology, and Research & Development","Work may be conducted outside of California, but justification must be provided and projects must primarily benefit the people of California.","To promote safer, more sustainable pest management practices in California, the Department of Pesticide Regulation's (DPR) Research Grants Program provides funding to develop Integrated Pest Management (IPM) practices in agricultural, urban, or wildland settings that reduce the risks from pesticides",2026-09-29,2026-09-29,0,closed,,
ca-11270,grants.ca.gov,CA Department of Food and Agriculture,CDFA Beet Curly Top Virus Control Program Grants,https://www.cdfa.ca.gov/plant/IPC/curlytopvirus/docs/bctvcp_2022_rfp_guidelines.pdf,state,,,2022-09-23,2022-06-15,closed,Business; Individual; Nonprofit; Public Agency; Tribal Government,"Agriculture; Science, Technology, and Research & Development",Entire Region ( Example: Central Velley): Statewide ,"The Beet Curly Top Virus Control Program may consider funding projects, to develop new management methods for treating the beet leafhopper (BLH), the primary vector of beet curly top virus or to develop enhancements to other program areas, to mitigate the virus. Funding will be based on the research",2026-09-29,2026-09-29,0,closed,,
ca-13874,grants.ca.gov,CA Department of Education,School Health Demonstration Project Technical Assistance Teams Selection Grant,https://www.cde.ca.gov/fg/fo/r29/schoolhlthdemota21.asp,state,,,2022-09-30,2022-09-07,closed,Nonprofit; Public Agency,Education; Health & Human Services,CA,The School Health Demonstration Project is meant to help LEAS to become self-sustaining by securing federal reimbursement and other revenue sources for health and mental health services provided to Medi-Cal eligible students. State funding from the legislature Funding for the TA teams will be provid,2026-09-29,2026-09-29,0,closed,,
ca-13661,grants.ca.gov,CA Department of Education,The Antibias Education Grant Program,https://www.cde.ca.gov/fg/fo/r12/antibias22rfa.asp,state,,75000200000,2022-09-30,2022-09-01,closed,Public Agency,Education,CA,"The purpose of the Antibias Education Grant Program is to prevent, address, and eliminate racism and bias in all California public schools, and making all public schools inclusive and supportive of all people.",2026-09-29,2026-09-29,0,closed,,
ca-14087,grants.ca.gov,CA Department of Food and Agriculture,2022 CalAgPlate Grant Program,https://www.cdfa.ca.gov/egov/calagplate/,state,,2500212500,2022-10-07,2022-09-12,closed,Nonprofit; Public Agency; Tribal Government,"Agriculture; Education; Employment, Labor & Training; Food & Nutrition",CA,"The CalAgPlate program funds projects that support agricultural education, agricultural career awareness and development, agriculture career training, and agriculture leadership development to assist students at the kindergarten through twelfth grade (K-12), post-secondary, and adult education level",2026-09-29,2026-09-29,0,closed,,
ca-10391,grants.ca.gov,Strategic Growth Council,Regional Climate Collaboratives Program,https://sgc.ca.gov/programs/cace/resources/rcc/,state,,5000001750000,2022-10-07,2022-05-12,closed,Business; Nonprofit; Public Agency,"Agriculture; Disadvantaged Communities; Disaster Prevention & Relief; Employment, Labor & Training; Energy; Environment & Water; Housing, Community and Economic Development; Parks & Recreation","The RCC Program welcomes applications from all geographic areas of the state. The program does have a focus on under-resourced communities, which are those identified as disadvantaged by the California Environmental Protection Agency, OR designated as low income per AB 1550, OR communities with a median household income less than 80% of the statewide average.","The Regional Climate Collaboratives (RCC) Program is a capacity building grant program for under-resourced communities that enables cross-sectoral partners to deepen their relationships and develop processes, plans, and projects that will drive and sustain climate action. RCC seeks to strengthen loc",2026-09-29,2026-09-29,0,closed,,
ca-14126,grants.ca.gov,CA Department of Education,School Health Demonstration Project Local Educational Agency Pilot Participant Selection Request for Applications,https://www.cde.ca.gov/fg/fo/r29/shdplearfa21.asp,state,,1200000,2022-10-10,2022-09-12,closed,Public Agency,Education,CA,The California Department of Education is accepting applications from local educational agencies to participate in the School Health Demonstration Project. The School Health Demonstration Project is a pilot project to expand comprehensive health and mental health services to public school pupils by ,2026-09-29,2026-09-29,0,closed,,
ca-14123,grants.ca.gov,CA Department of Food and Agriculture,Vertebrate Pest Control Research Program (Round 2),https://www.cdfa.ca.gov/plant/ipc/vertebrates/vertebrates_hp.htm,state,,,2022-10-14,2022-09-10,closed,Business; Individual; Nonprofit; Public Agency; Tribal Government,"Agriculture; Environment & Water; Health & Human Services; Science, Technology, and Research & Development",Proposals that originate from outside of California are considered if the proposal includes relevance to vertebrate pest concerns within California.,Research proposals are currently being accepted by the California Department of Food and Agriculture’s (CDFA) Vertebrate Pest Control Program (VPCP) within the Integrated Pest Control Branch.  Proposals may focus on research and/or education projects to enhance control measures of vertebrate pests t,2026-09-29,2026-09-29,0,closed,,
ca-13607,grants.ca.gov,Department of Fish and Wildlife,Environmental Enhancement Fund – Fall 2022,https://wildlife.ca.gov/OSPR/Science/Environmental-Enhancement-Fund/About,state,,,2022-10-18,2022-09-01,closed,Nonprofit; Public Agency,Environment & Water; Parks & Recreation,"Projects located within or immediately adjacent to waters of the state, as defined in California Government Code (of Section 8670.3).","The objective of this grant program is to award grants to nonprofit organizations, cities, counties, cities and counties, districts, state agencies, and departments; and, to the extent permitted by federal law, to federal agencies to support environmental enhancement projects located within or immed",2026-09-29,2026-09-29,0,closed,,
ca-13913,grants.ca.gov,Department of Resources Recycling and Recovery,Beverage Container Recycling Grant Program (FY 2022-23 and 2023-24),https://www2.calrecycle.ca.gov/PublicNotices/Details/4800,state,,75000275000,2022-10-18,2022-09-06,closed,Business; Individual; Nonprofit; Public Agency; Tribal Government,"Disadvantaged Communities; Education; Environment & Water; Housing, Community and Economic Development; Parks & Recreation","California cities, counties, state agencies, and other local governmental entities.","The Department of Resources Recycling and Recovery offers the Beverage Container Recycling Grant Program pursuant to Section 14581(a)(4) of the Public Resources Code. The purpose of the grant is to issue up to $1,500,000 annually in the form of grants for beverage container recycling and litter redu",2026-09-29,2026-09-29,0,closed,,
ca-14201,grants.ca.gov,Department of Resources Recycling and Recovery,Community Composting for Green Spaces (FY 2021-22),https://calrecycle.ca.gov/climate/grantsloans/communitycomposting/fy202122/,state,,3000001232000,2022-10-20,2022-09-13,closed,Nonprofit; Public Agency; Tribal Government,Disadvantaged Communities; Environment & Water,"Each grant must create, improve, or expand community composting operations at multiple project sites within one geographic region.   All project sites must be located in California.  Site selection must include a focus on project sites within or benefiting Priority Populations.  Project sites must be publicly accessible for at least four hours per week.  One one application may be awarded per region.   ",The Department of Resources Recycling and Recovery (CalRecycle) administers this program to increase the number of community groups operating small-scale composting programs supporting green spaces within Priority Population communities. This effort will also increase local composting capacity while,2026-09-29,2026-09-29,0,closed,,
ca-12500,grants.ca.gov,CA Department of Food and Agriculture,Conservation Agriculture Planning Grants Program 2021,https://www.cdfa.ca.gov/oefi/planning/,state,,2400250000,2022-10-23,2022-07-29,closed,Business; Individual; Nonprofit; Public Agency; Tribal Government,Agriculture; Environment & Water,The agricultural operations receiving planning assistance must be located in California.,"The Conservation Agriculture Planning Grant Program (CAPGP) will fund the development of conservation agriculture plans that will help farmers and ranchers identify actions for climate change mitigation and adaptation, further environmental stewardship on farms and ranches and ensure agricultural fo",2026-09-29,2026-09-29,0,closed,,
ca-13631,grants.ca.gov,Governor's Office of Emergency Services,2022-23 California State Nonprofit Security Grant Program (CSNSGP) RFP,https://www.caloes.ca.gov/office-of-the-director/policy-administration/finance-administration/grants-management/search-for-grants/?type=grant_announcement&search=CSNSGP,state,,,2022-10-28,2022-08-30,closed,Nonprofit,Consumer Protection; Disaster Prevention & Relief,All California Counties.,"The purpose of the CSNSGP is to provide funding support for target hardening and other physical security enhancements to nonprofit organizations that are at high risk for violent attacks and hate crimes due to ideology, beliefs, or mission.",2026-09-29,2026-09-29,0,closed,,
ca-13676,grants.ca.gov,Victim Compensation Board,2022 CalVCB Regional Trauma Recovery Center (TRC) Pilot Program Special Notice of Funds Available (NOFA),https://victims.ca.gov/board/grant-opportunities/,state,,2500000,2022-10-28,2022-09-16,closed,Nonprofit,Disadvantaged Communities; Health & Human Services,"CalVCB will accept and award a total of two grants, one to an existing TRC to partner with local agencies in Northern California, and one to an existing TRC to partner with local agencies in Central California to establish satellite programs for disadvantaged or underserved communities in various counties within the geographic limitations.",The Regional Trauma Recover Centers (TRC) Pilot Program will award $5 million in state funds to operate TRC satellite offices in rural or underserved communities jointly run by local organizations in each community and an affiliated TRC in another location. TRCs primarily provide wrap-around mental ,2026-09-29,2026-09-29,0,closed,,
ca-10373,grants.ca.gov,Department of Health Care Access and Information,Licensed Mental Health Services Provider Education Program 2022,https://hcai.ca.gov/loans-scholarships-grants/loan-repayment/lmhspep/,state,,,2022-10-31,2022-05-17,closed,Individual,Disadvantaged Communities,Applicants must be working in a qualifying facility in either an eligible geographic or site designation.  ,The purpose of the Licensed Mental Health Services Provider Education Program (LMH) is to increase the number of appropriately trained mental healthcare professionals providing direct client care in a qualified facility or area in California.,2026-09-29,2026-09-29,0,closed,,
ca-14768,grants.ca.gov,Department of Social Services,Unaccompanied Undocumented Minors (UUM) Legal Services Grant,https://www.cdss.ca.gov/inforesources/immigration/unaccompanied-undocumented-minors,state,,,2022-10-31,2022-10-13,closed,Nonprofit,Disadvantaged Communities; Education; Health & Human Services,​California Statewide,"The funding for legal services is for the purpose of providing legal representation for unaccompanied immigrant youth and UUMs in the filing of, preparation for, and representation in administrative and/or judicial proceedings for the following immigration statuses: Asylum, T-Visa, U-Visa, Special I",2026-09-29,2026-09-29,0,closed,,
ca-14267,grants.ca.gov,Governor's Office of Emergency Services,FY 2021 Homeland Security Grant Program (HSGP) for Federally-Recognized Tribes in California RFP,https://www.caloes.ca.gov/grant-announcement,state,,,2022-11-01,2022-09-19,closed,Tribal Government,Disaster Prevention & Relief,All California Counties,"To support building or sustaining security enhancement projects that fall within one of the Cal OES HSGP Investment Justifications. Statewide preparedness activities must address high-priority preparedness gaps across one or more of the 32 core capabilities, in addition to requiring a direct nexus t",2026-09-29,2026-09-29,0,closed,,
ca-14765,grants.ca.gov,Department of Social Services,FY2022-24 Removal Defense Funding,https://www.cdss.ca.gov/inforesources/immigration/immigration-services-funding,state,,500003000000,2022-11-03,2022-10-13,closed,Nonprofit,Disadvantaged Communities; Health & Human Services,CA,​Funds eligible nonprofit organizations to provide pro bono removal defense throughout California.,2026-09-29,2026-09-29,0,closed,,
ca-11489,grants.ca.gov,Coastal Commission,WHALE TAIL® Grants,https://www.coastal.ca.gov/whaletailgrant,state,,150000,2022-11-04,2022-08-29,closed,Individual; Nonprofit; Public Agency; Tribal Government,Disadvantaged Communities; Education; Environment & Water,"Grant projects must engage audiences within California, with a priority for communities that have historically received fewer opportunities for coastal and marine education and stewardship.","WHALE TAIL® Grants help people connect to the California coast and its watersheds through experiential education, stewardship, and outdoor experiences. WHALE TAIL® Grants focus on reaching communities that have historically received fewer marine education and stewardship opportunities, and strive fo",2026-09-29,2026-09-29,0,closed,,
ca-14138,grants.ca.gov,CA Department of Food and Agriculture,State Water Efficiency and Enhancement Program (SWEEP) – Pilot for Water Savings Focused Projects Limited to the Southern Desert Region,https://www.cdfa.ca.gov/oefi/sweep,state,,12000000,2022-11-08,2022-09-13,closed,Business; Individual; Tribal Government,Agriculture; Environment & Water,"The farm location and the business mailing address must be located in California within the southern desert region. For this purpose of this solicitation the southern desert region is defined as Imperial County and Riverside County, east of the Santa Rosa and San Jacinto Mountains.",This program will incentivize activities that reduce on-farm water use from irrigation and water pumping systems in the southern desert region of California. ,2026-09-29,2026-09-29,0,closed,,
ca-13319,grants.ca.gov,Department of Resources Recycling and Recovery,Farm & Ranch Solid Waste Cleanup and Abatement Grant Program,https://calrecycle.ca.gov/lea/grantsloans/farmranch/,state,,,2022-11-10,2022-08-19,closed,Public Agency; Tribal Government,Agriculture; Disadvantaged Communities; Environment & Water,"Sites must be located on 'Farm and Ranch' property, defined in CCR Section 17991(d) as range or agricultural land used for activities such as, but not limited to, commercial livestock/crop production (various). The site need not have active sales or production, but shall be appropriately zoned/otherwise authorized for agricultural activities. Appurtenant easements or right-of-ways such as, but not limited to, public roads and utilities included.","Provides funding to help cleanup and prevent illegal dumping on 'farm and/or ranch' property, as defined in California Code of Regulations (CCR), Section 17991(d). Usually three application cycles are available each fiscal year; this is the second cycle. CalRecycle offers this Program pursuant to Se",2026-09-29,2026-09-29,0,closed,,
ca-13670,grants.ca.gov,CA Department of Food and Agriculture,Proactive IPM Solutions,https://www.cdfa.ca.gov/oefi/opca/proactive-ipm.html,state,,500000,2022-11-11,2022-08-30,closed,Nonprofit; Public Agency; Tribal Government,Agriculture,"The project lead(s) and their institutions must be based in California, though it is encouraged tosubcontract with out-of-state collaborators.",The purpose of this Request for Proposals (RFP) is to develop integrated pest management (IPM) program(s) or pieces of IPM program(s) that can be rapidly implemented if a new invasive pest becomes established in California.,2026-09-29,2026-09-29,0,closed,,
ca-13667,grants.ca.gov,CA Department of Food and Agriculture,Biologically Integrated Farming Systems (BIFS),https://www.cdfa.ca.gov/oefi/opca/bifs.html,state,,1000000,2022-11-11,2022-08-30,closed,Nonprofit; Public Agency; Tribal Government,Agriculture,The project lead(s) and their institutions must be based in California; out-of-state collaboratorsare allowed.,"The purpose of this RFP is to develop projects to demonstrate and refine outreach of innovative, biologically integrated farming systems that reduce chemical pesticide inputs.",2026-09-29,2026-09-29,0,closed,,
ca-14474,grants.ca.gov,CA Department of Food and Agriculture,2023 Noxious Weed Grant Program,https://www.cdfa.ca.gov/plant/IPC/encycloweedia/encycloweedia_hp.html,state,,42421,2022-11-15,2022-09-26,closed,Public Agency,Agriculture; Environment & Water,The project site must be located within the state of California.,The California Department of Food and Agriculture's (CDFA) 2023 Noxious Weed Grant Program (NWGP) will award grants to eligible applicants within the State of California for the implementation of an integrated weed management plan.,2026-09-29,2026-09-29,0,closed,,
ca-17609,grants.ca.gov,State Treasurer's Office,Community Services Infrastructure Grant Program (3rd Round),https://www.treasurer.ca.gov/chffa/csi/csigp.asp,state,,18772268,2022-11-15,2022-07-08,closed,Nonprofit; Public Agency,Health & Human Services,None.,"It is intended to expand access to jail and prison diversion programs and services; create or expand mental health treatment facilities, substance use disorder treatment facilities, and trauma-centered service facilities in local communities; and reduce the need of mental health treatment, substance",2026-09-29,2026-09-29,0,closed,,
ca-14693,grants.ca.gov,CA Department of Education,Nita M. Lowey’s 21st Century Community Learning Centers (CCLC) and After School Safety and Enrichment for Teens (ASSETs) Grant Program,https://www.cde.ca.gov/fg/fo/r27/rfa21standassets2023-24.asp,state,,50000254500,2022-11-16,2022-10-11,closed,Business; Nonprofit; Public Agency; Tribal Government,Education,CA,The 21st CCLC Program supports community learning centers for elementary and middle school students that provide academic enrichment opportunities who attend high-poverty and low-performing schools. The 21st Century ASSETs Program is to support community learning centers for students in grades nine ,2026-09-29,2026-09-29,0,closed,,
ca-12215,grants.ca.gov,Department of Conservation,2022 Working Lands and Riparian Corridors Program Riparian Restoration Grants,https://www.conservation.ca.gov/dlrp/grant-programs/Pages/Working-Lands-and-Riparian-Corridors-Program.aspx,state,,,2022-11-18,2022-09-06,closed,Public Agency,Agriculture; Environment & Water,State of California,The Working Lands and Riparian Corridors program provides grants to restore or enhance working lands and riparian corridors through restoration projects on agricultural lands. Activities funded under this program must target agricultural lands and may include: ​Planning grants and implementation gra,2026-09-29,2026-09-29,0,closed,,
ca-13673,grants.ca.gov,CA Department of Food and Agriculture,Pollinator Habitat Program,https://www.cdfa.ca.gov/oefi/php/,state,,200000,2022-11-23,2022-08-31,closed,Nonprofit; Tribal Government,Agriculture; Environment & Water,The funding is available for projects throughout the state of California. Pollinator habitat projects must be installed on agricultural land.,"The program’s primary objective is to support pollinators through provision of floral resources, host plants, and other elements of suitable habitat to be integrated with farming operations. Projects funded through the PHP can be expected to have additional benefits to California’s biodiversity and ",2026-09-29,2026-09-29,0,closed,,
ca-14717,grants.ca.gov,Department of Conservation,2022 California Farmland Conservancy Program,https://www.conservation.ca.gov/dlrp/grant-programs/cfcp,state,,,2022-11-25,2022-10-17,closed,Nonprofit; Public Agency; Tribal Government,Agriculture; Environment & Water,State of California,The California Farmland Conservancy Program (CFCP) is a statewide grant program that supports local efforts to establish agricultural conservation easements and land improvement projects for the purpose of preserving important agricultural land resources and enhancing sustainable agricultural uses. ,2026-09-29,2026-09-29,0,closed,,
ca-14507,grants.ca.gov,CA Department of Corrections and Rehabilitation,REHABILITATIVE INVESTMENT GRANTS FOR HEALING AND TRANSFORMATION (RIGHT) GRANT,https://www.cdcr.ca.gov/rehabilitation/grants/,state,,,2022-11-29,2022-09-30,closed,Nonprofit,"Law, Justice, and Legal Services","If the applicant is a multi-state organization with headquarters in another state, the applicant must have physical offices in California and currently provide services to California residents.","RIGHT Grant shall be for the sole purpose of supporting the development and delivery of rehabilitative in-prison programming, which may include, but is not limited to, the following activities: research and program development, strategic planning to enhance program expansion, efficacy and delivery, ",2026-09-29,2026-09-29,0,closed,,
ca-11723,grants.ca.gov,Department of Social Services,Children's Crisis Continuum Pilot Program Request for Proposal (RFP),https://cdss.ca.gov/inforesources/childrenscrisiscontinuumpilotprogram,state,,10000000,2022-12-01,2022-07-13,closed,Public Agency,"Disadvantaged Communities; Education; Health & Human Services; Housing, Community and Economic Development",​Regional collaborative of counties must be composed of counties within the same region of California.,"​To establish a pilot program for counties or regional collaboratives of counties to develop a robust, highly integrated continuum of services designed to serve foster youth with complex needs served by multiple agencies.",2026-09-29,2026-09-29,0,closed,,
ca-14858,grants.ca.gov,Board of State and Community Corrections,Edward Byrne Memorial Justice Assistance Grant Program,https://www.bscc.ca.gov,state,,13136875,2022-12-02,2022-10-17,closed,Public Agency,"Disadvantaged Communities; Education; Employment, Labor & Training; Health & Human Services; Law, Justice, and Legal Services",CA,"The BSCC is the designated state administering agency for the JAG Program, which is federally funded through the Bureau of Justice Assistance. The JAG program is the primary provider of federal criminal justice funding to state and local jurisdictions. In general, JAG funds may be used for any one o",2026-09-29,2026-09-29,0,closed,,
ca-15155,grants.ca.gov,Board of State and Community Corrections,Proposition 64 Public Health and Safety Grant Program,http://www.bscc.ca.gov/proposition-64-public-health-safety-grant-program/,state,,13000000,2022-12-02,2022-10-26,closed,Public Agency,"Agriculture; Disadvantaged Communities; Education; Employment, Labor & Training; Environment & Water; Health & Human Services; Law, Justice, and Legal Services",CA,"The purpose of this grant program is to fund projects that assist with law enforcement efforts, fire protection efforts, or other local projects addressing public health and safety associated with the implementation of the Control, Regulate and Tax Adult Use of Marijuana Act (AUMA).",2026-09-29,2026-09-29,0,closed,,
ca-25649,grants.ca.gov,Governor's Office of Emergency Services,Building Resilient Infrastructure and Communities (BRIC) and Flood Mitigation Assistance (FMA) 2022,https://www.fema.gov/grants/mitigation/fy2022-nofo,state,,,2022-12-02,2022-08-02,closed,Nonprofit; Public Agency; Tribal Government,"Agriculture; Disadvantaged Communities; Disaster Prevention & Relief; Energy; Environment & Water; Health & Human Services; Housing, Community and Economic Development; Parks & Recreation; Transportation",CA,"Authorized by Section 203 of the Stafford Act, Building Resilient Infrastructure and Communities (BRIC) will support states, local communities, tribes and territories as they undertake hazard mitigation projects, reducing the risks they face from disasters and natural hazards. FMA is authorized by S",2026-09-29,2026-09-29,0,closed,,
ca-15356,grants.ca.gov,Victim Compensation Board,CalVCB Regional Trauma Recovery Center (TRC) Pilot Program Special Notice of Funds Available (NOFA) – Central California,https://victims.ca.gov/board/grant-opportunities/,state,,2500000,2022-12-06,2022-11-07,closed,Nonprofit,Disadvantaged Communities; Health & Human Services,"CalVCB will award a total of one grant, to an existing TRC to partner with local agencies in Central California to establish two satellite programs for disadvantaged or underserved communities in the following eight Central California counties: Fresno, Kern, Kings, Madera, Merced, San Joaquin, Stanislaus and Tulare.",The Regional Trauma Recover Centers (TRC) Pilot Program - Central California will award $2.5 million in state funds to operate two Central California TRC satellite offices in rural or underserved communities jointly run by local organizations in each community and an affiliated TRC in another locati,2026-09-29,2026-09-29,0,closed,,
ca-11912,grants.ca.gov,Department of Pesticide Regulation,Department of Pesticide Regulation 2023 Alliance Grants Program,https://www.cdpr.ca.gov/docs/pestmgt/grants/alliance/index.htm,state,,500001500000,2022-12-08,2022-07-14,closed,Business; Individual; Nonprofit; Public Agency; Tribal Government,"Agriculture; Disadvantaged Communities; Education; Employment, Labor & Training; Environment & Water; Food & Nutrition; Housing, Community and Economic Development; Parks & Recreation; Science, Technology, and Research & Development","Work may be conducted outside of California, but justification must be provided and projects must primarily benefit the people of California.","To promote safer, more sustainable pest management practices in California, the Department of Pesticide Regulation (DPR) annually funds Alliance projects that promote or increase the implementation, expansion, and/or adoption of effective, proven, and affordable Integrated Pest Management (IPM) syst",2026-09-29,2026-09-29,0,closed,,
ca-15038,grants.ca.gov,CA Department of Veterans Affairs,Veterans Support to Self-Reliance Pilot Grant Program,https://www.calvet.ca.gov/VetServices/Pages/Veterans-Support-to-Self-Reliance.aspx,state,,14500000,2022-12-09,2022-10-24,closed,Nonprofit,"Housing, Community and Economic Development; Veterans & Military","CalVet intends to ensure initial availability to each Local Interagency Network Coordinator (LINC) region  in the State. All applications received will be separated by region and the minimum qualifications, competitive rating and ranking process will determine the awards for qualified applications. The highest-ranking qualifying application within each region will be awarded and secondary awards in any region may be made as funding permits.     ","​The California Department of Veterans Affairs is announcing the availability of up to $20 million in competitive grants to provide enhanced supportive services for veteran seniors aged 55+, veterans who are high acuity, and veterans who receive assistance or have been assisted through HUD-VASH. Pil",2026-09-29,2026-09-29,0,closed,,
ca-15494,grants.ca.gov,CA Department of Food and Agriculture,2023 Pet Lover's License Plate Program,https://www.cdfa.ca.gov/SpayNeuter/pdfs/2023_Pet_Lovers_RFP.pdf,state,,2500050000,2022-12-14,2022-11-16,closed,Nonprofit; Public Agency,Animal Services,CA,The purpose of this program is to help stop pet overpopulation in California by providing funds for spay/neuter services to municipalities and non‐profit organizations in California. The revenue received from the sale and renewal of the license plate is awarded annually through grant agreements to e,2026-09-29,2026-09-29,0,closed,,
ca-15341,grants.ca.gov,CA Department of Food and Agriculture,Call for pre-proposals for the 2023 CDFA-FREP grant cycle,https://www.cdfa.ca.gov/is/ffldrs/frep/CompetitiveGrantProgram.html,state,,1225000,2022-12-19,2022-11-03,closed,Business; Individual; Nonprofit; Public Agency; Tribal Government,Agriculture; Disadvantaged Communities; Education; Environment & Water,CA,"The Fertilizer Research and Education Program (FREP) funds and facilitates research and education to advance the environmentally safe and agronomically sound use and handling of fertilizing materials. FREP serves growers, agricultural supply and service professionals, extension personnel, public age",2026-09-29,2026-09-29,0,closed,,
ca-15398,grants.ca.gov,Governor's Office of Emergency Services,Homeland Security Grant Program (HSGP) For California State Agencies Fiscal Year 2021,https://www.caloes.ca.gov/grant-announcement/homeland-security-grant-program-hsgp-for-california-state-agencies-fiscal-year-2021/,state,,,2022-12-19,2022-11-07,closed,Public Agency,Disaster Prevention & Relief,CA,"The purpose of the HSGP for State Agencies (FY 2021 State Agency RFP) is to assist state agencies in building or sustaining security enhancement projects that support statewide preparedness and resiliency. Projects must address high-priority preparedness gaps, and contribute to the state agencies ca",2026-09-29,2026-09-29,0,closed,,
ca-16352,grants.ca.gov,Employment Development Department,Equity Target Population Fund Program Year 2022-23,https://edd.ca.gov/en/jobs_and_training/WDSFP_Workforce_Development_Solicitations_for_Proposals,state,,2000001000000,2022-12-20,2022-12-19,closed,Nonprofit; Public Agency; Tribal Government,"Disadvantaged Communities; Employment, Labor & Training","Applicants to the ETPF Program for PY 22-23 may propose to serve disconnected young adults, justice-involved individuals, people with disabilities, and veterans in disadvantaged communities across the State of California.","The Equity Target Population Fund (ETPF) solicits proposals that employ best practices to accelerate training, break down workforce system barriers, and qualify participants for current and future good-quality jobs in in-demand industry sectors. Funds will be used to design, develop, and implement p",2026-09-29,2026-09-29,0,closed,,
ca-15518,grants.ca.gov,Department of Community Services and Development,Notice of Funding Availability Farmworker Resource Center,https://www.csd.ca.gov/Pages/contractopportunities.aspx,state,,833000,2022-12-21,2022-11-15,closed,Public Agency,"Disadvantaged Communities; Education; Employment, Labor & Training; Health & Human Services; Housing, Community and Economic Development; Law, Justice, and Legal Services","Region 1: Colusa, Glenn, Fresno, Kern, Kings, Madera, Merced, Modoc, San Joaquin, Stanislaus, Siskiyou, and Tulare Counties.  Region 2: Imperial, Monterey, Napa, San Diego, San Luis Obispo, Santa Barbara, Santa Cruz, Sonoma, Riverside, and Ventura Counties.",The Department of Community Services and Development has released a Notice of Funding Availability for the Farmworker Resource Center Grant. The purpose of this grant is to inform interested counties of the availability of grant funding to support the establishment or expansion of Farmworker Resourc,2026-09-29,2026-09-29,0,closed,,
ca-14945,grants.ca.gov,CA Department of Food and Agriculture,Sustainable California Grown Cannabis Pilot Program,https://www.cdfa.ca.gov/oefi/scgc/,state,,12500000,2022-12-30,2022-11-08,closed,Nonprofit; Public Agency; Tribal Government,"Agriculture; Disadvantaged Communities; Environment & Water; Science, Technology, and Research & Development","Projects which allocate funding to Socially Disadvantaged Cultivators (SDCs), Priority Populations, or Cannabis Equity Businesses (CEBs) as defined by the Department of Cannabis Control or local ordinances if applicable will receive priority consideration.",The Sustainable California Grown Cannabis Pilot Program (SCGC Pilot Program) will compile data into a Best Management Practices Manual for sustainable outdoor cannabis cultivation.,2026-09-29,2026-09-29,0,closed,,
ca-14204,grants.ca.gov,Public Utilities Commission,California Advanced Services Fund: Broadband Adoption Account- Jan 2023 Cycle,https://www.cpuc.ca.gov/industries-and-topics/internet-and-phone/california-advanced-services-fund/casf-adoption-account,state,,,2023-01-01,2022-07-02,closed,Business; Nonprofit; Public Agency,"Disadvantaged Communities; Education; Science, Technology, and Research & Development",CA,"The California Advanced Services Fund Broadband Adoption Account provides grants that will increase publicly available or after-school broadband access and digital inclusion, such as grants for digital literacy training programs and public education to communities with limited broadband adoption.",2026-09-29,2026-09-29,0,closed,,
ca-16358,grants.ca.gov,Employment Development Department,Equity Target Population Fund Technical Assistance Program Year 2022-23,https://edd.ca.gov/en/jobs_and_training/WDSFP_Workforce_Development_Solicitations_for_Proposals,state,,1600000,2023-01-05,2022-12-19,closed,Business; Nonprofit; Public Agency; Tribal Government,"Disadvantaged Communities; Employment, Labor & Training","Applicants to the ETPF TA PY 22-23 must be organizations with the capacity, relationships, and expertise to deliver TA services to projects that serve disconnected young adults, justice-involved individuals, people with disabilities, and veterans in disadvantaged communities across the State of California.",The Equity Target Population Fund (ETPF) Technical Assistance (TA) Program Year 2022-23 (PY 22-23) awardee will assist program awardees to accelerate employment strategies for those populations targeted by the grant experiencing significant employment barriers. The ETPF TA grant will fund an organiz,2026-09-29,2026-09-29,0,closed,,
ca-15803,grants.ca.gov,Public Utilities Commission,Digital Divide Grant Program,https://www.cpuc.ca.gov/consumer-support/financial-assistance-savings-and-discounts/california-teleconnect-fund/digital-divide-grant-program,state,,1250000,2023-01-11,2022-10-15,closed,Nonprofit; Public Agency,"Education; Science, Technology, and Research & Development","The Digital Divide Grant is for rural and urban small school districts with Free/Reduced meal participation of at least 50%. The DDGP relies on data from the California Department of Education (CDE) to determine eligibility of schools. CDE designates small school districts that have an ADA (average daily attendance) of less than 2500; medium are over 2500; large districts are over 10,000. The urban/rural designation is from Census track data","The California Public Utilities Commission Digital Divide Grant Program will award four grants of up to $250,000 each to eligible Community-Based Organizations on a competitive basis. The grants will fund digital projects that serve a beneficiary school located in an urban or rural, small school dis",2026-09-29,2026-09-29,0,closed,,
ca-14735,grants.ca.gov,Department of Industrial Relations,Equal Representation in Construction Apprenticeships (ERiCA) Grant  Program Year (PY) 2023-2025,https://www.dir.ca.gov/DAS/Grants/ERICA.html,state,,,2023-01-12,2022-10-12,closed,Nonprofit; Public Agency,"Employment, Labor & Training",CA,"The California Department of Industrial Relations (DIR) and the Division of Apprenticeship Standards (DAS)  announce the availability of $25 million in funding to improve access to training and employment opportunities for women, non-binary and underserved populations within the building and constru",2026-09-29,2026-09-29,0,closed,,
ca-11144,grants.ca.gov,Victim Compensation Board,Trauma Recovery Center Grant Fiscal Year 23/24,https://victims.ca.gov/board/grant-opportunities/,state,,,2023-01-17,2022-12-05,closed,Business; Individual; Nonprofit; Public Agency; Tribal Government,Disadvantaged Communities; Health & Human Services,Statewide,The Trauma Recovery Center Grant funds centers throughout California that assist victims of violent crime. These centers provide wrap-around services and assist victims who are typically unserved and underserved communities. ,2026-09-29,2026-09-29,0,closed,,
ca-16226,grants.ca.gov,Department of Health Care Services,California Youth Opioid Response (YOR California) YOR 3,https://work.cibhs.org/rfa,state,,,2023-01-19,2022-12-12,closed,Public Agency,Health & Human Services,CA,"The YOR CA 3 is administered by the California Institute of Behavioral Health Solutions (CIBHS) in partnership with Advocates for Human Potential, Inc. (AHP). This project is funded by State Opioid Response (SOR) III monies through the Medication Assisted Treatment (MAT) Expansion Project. While cur",2026-09-29,2026-09-29,0,closed,,
ca-16499,grants.ca.gov,CA Department of Food and Agriculture,2023 CNIP Expansion – WIC and Senior Farmers’ Market Nutrition Program,https://cafarmtofork.cdfa.ca.gov/cnip.html,state,,,2023-01-20,2022-12-20,closed,Business; Nonprofit,Agriculture; Disadvantaged Communities; Food & Nutrition,CA,"The California Nutrition Incentive Program (CNIP) encourages the purchase and consumption of healthy, California–grown fresh fruits and vegetables by nutrition benefit clients. This grant will provide funding to organizations to provide incentives to WIC and Senior Farmers Market Nutrition Program s",2026-09-29,2026-09-29,0,closed,,
ca-16298,grants.ca.gov,CA Arts Council,Creative Youth Development program,https://arts.ca.gov/grant_program/creative-youth-development/,state,,40000,2023-01-25,2022-12-15,closed,Nonprofit; Public Agency; Tribal Government,Education; Libraries and Arts,CA-based - Documentation of having a principal place of business in CA     ,"The Creative Youth Development program is rooted in the CAC’s belief that arts learning is an essential tool for healthy human development and that it should be available to all young people throughout California. The CAC envisions that all of California’s young people are provided with meaningful, ",2026-09-29,2026-09-29,0,closed,,
ca-16301,grants.ca.gov,CA Arts Council,Administering Organization Grant: Individual Artists Fellowship – Region IV Only,https://arts.ca.gov/grant_program/individual-artists-fellowship/,state,,800000,2023-01-26,2022-12-15,closed,Nonprofit; Public Agency; Tribal Government,"Employment, Labor & Training; Libraries and Arts","California-based - Documentation as being a California-based nonprofit arts/cultural organization; an arts-based unit of municipal or county government; or a tribal government, or nonprofit social service organization with a principal place of business in California","Offering fellowship support to artists responds to the CAC’s Strategic Framework by directly supporting individuals who embody aesthetics, a key value of the CAC, recognizing all art forms and artistic traditions that enable full and meaningful creative expression.",2026-09-29,2026-09-29,0,closed,,
ca-15791,grants.ca.gov,CA State Library,Parks Pass Grant 2023,https://www.library.ca.gov/grants/parks-pass/,state,,175000,2023-01-30,2022-12-13,closed,Nonprofit; Public Agency,Disadvantaged Communities; Environment & Water; Libraries and Arts,California Public Libraries.  All grant-funded programs should include outreach activities that focus on underserved communities that face barriers to park access.,"The goal is to generate positive measurable impacts in the areas of health, natural resource stewardship, and historical and cultural connections with an equity lens. The objectives of the program are:  Improving Californians' mental and physical health.Empowering under-resourced communities to take",2026-09-29,2026-09-29,0,closed,,
ca-8768,grants.ca.gov,CA Department of Food and Agriculture,CDFA PIERCE'S DISEASE AND GLASSY-WINGED SHARPSHOOTER BOARD RESEARCH AND OUTREACH PROGRAM,https://www.cdfa.ca.gov/pdcp/grants/docs/cdfa_pd-gwss_rfp_dec_2022.pdf,state,,,2023-01-31,2022-12-01,closed,Individual; Nonprofit; Public Agency; Tribal Government,"Agriculture; Environment & Water; Food & Nutrition; Science, Technology, and Research & Development",California state law prohibits paying expenses for travel to or within certain states within the U.S. Please see https://oag.ca.gov/ab1887 for more information.,"The California Department of Food and Agriculture's Pierce's Disease and Glassy-winged Sharpshooter Board (CDFA PD/GWSS Board) provides funding support to research and outreach projects focused on protecting vineyards, preventing the spread of pests and diseases, and delivering practical and sustain",2026-09-29,2026-09-29,0,closed,,
ca-16502,grants.ca.gov,Department of Health Care Services,Children and Youth Behavioral Health Initiative Evidence-Based and Community-Defined Evidence Practices Round 1: Parent and Caregiver Programs and Practices Grants,https://www.dhcs.ca.gov/CYBHI/Documents/DHCS-CYBHI-EBP-CDEP-Round-1-Request-for-Applications.pdf,state,,,2023-01-31,2022-12-01,closed,Business; Individual; Nonprofit; Tribal Government,Disadvantaged Communities; Education; Health & Human Services,CA,"As part of the Children and Youth Behavioral Health Initiative (CYBHI), the California Department of Health Care Services (DHCS) released a Request for Application (RFA) on December 1, 2022 seeking proposals for the first round of grant funding totaling $30 million to scale throughout the state spec",2026-09-29,2026-09-29,0,closed,,
ca-15737,grants.ca.gov,Department of Fish and Wildlife,California State Duck Stamp Project Proposal Solicitation Notice FY 2023-24,https://wildlife.ca.gov/Grants/Duck-Stamp,state,,,2023-02-03,2022-11-22,closed,Nonprofit; Public Agency,Environment & Water,Projects may occur on state or federal lands in California.,"The funds can only be used for projects approved by the Fish and Game Commission (Commission) for the purpose of protecting, preserving, restoring, enhancing, and developing migratory waterfowl breeding and wintering habitat, evaluating habitat projects, and conducting waterfowl resource assessments",2026-09-29,2026-09-29,0,closed,,
ca-15392,grants.ca.gov,Department of Resources Recycling and Recovery,Farm & Ranch Solid Waste Cleanup and Abatement Grant Program,https://calrecycle.ca.gov/lea/grantsloans/farmranch/,state,,,2023-02-09,2022-11-11,closed,Public Agency; Tribal Government,Agriculture; Disadvantaged Communities; Environment & Water,"Sites must be located on 'Farm and Ranch' property, defined in CCR Section 17991(d) as range or agricultural land used for activities such as, but not limited to, commercial livestock/crop production (various). The site need not have active sales or production, but shall be appropriately zoned/otherwise authorized for agricultural activities. Appurtenant easements or right-of-ways such as, but not limited to, public roads and utilities included.","Provides funding to help cleanup and prevent illegal dumping on 'farm and/or ranch' property, as defined in California Code of Regulations (CCR), Section 17991(d). Usually three application cycles are available each fiscal year; this is the second cycle. CalRecycle offers this Program pursuant to Se",2026-09-29,2026-09-29,0,closed,,
ca-16865,grants.ca.gov,Commission on the Status of Women and Girls,Women’s Recovery Response: 2023-2024 Grant Funding Opportunity,https://women.ca.gov/2023-2024-womens-recovery-response/,state,,,2023-02-17,2023-01-21,closed,Nonprofit; Public Agency; Tribal Government,"Disadvantaged Communities; Education; Employment, Labor & Training; Health & Human Services; Housing, Community and Economic Development; Law, Justice, and Legal Services; Veterans & Military","CCSWG will prioritize awards in the following areas:  Improved access and affordability of child and/or elder care services  Increased utilization and uptake of safety-net programs that offer services to support basic needs such as shelter, food, clothing, etc.  Achieved reskilling/upskilling through accreditation, certification, or vocational or educational programs  Enhanced financial ability to grow economic security, assets, and wealth building",The California Commission on the Status of Women and Girls (CCSWG) is soliciting applications for the Women’s Recovery Response Grant to support the existing and emerging needs of women in California who have been disproportionately impacted by the COVID-19 pandemic. This is the second round of gran,2026-09-29,2026-09-29,0,closed,,
ca-16823,grants.ca.gov,Workforce Development Board,High Road Training Partnership Resilient Workforce Program (RWP)- Round 1,https://cwdb.ca.gov/wp-content/uploads/sites/43/2023/01/HRTP-RWP-RFA-FINAL_ACCESSIBLE.pdf?emrc=bdb21b,state,,50000015000000,2023-02-17,2023-01-18,closed,Individual; Nonprofit; Public Agency; Tribal Government,"Employment, Labor & Training",CA,The objectives of the HRTP initiative are to increase access to existing high road jobs for underserved populations & create pathways for job growth for incumbents already employed with high road employers.    The Resilient Workforce Program will fund training partnerships with existing high road em,2026-09-29,2026-09-29,0,closed,,
ca-27383,grants.ca.gov,CA State Library,Lunch at the Library 2023,https://www.library.ca.gov/services/to-libraries/development-programs-projects/lunch/application-instructions/,state,,,2023-02-21,2023-01-04,closed,Nonprofit; Public Agency,Libraries and Arts; Parks & Recreation,All public libraries in California are eligible to apply.,Funds and support are available for all California public libraries that help to provide summer meals for children and youth. The Lunch at the Library program helps California public libraries: ·  Establish library locations as USDA summer meal sites ·  Take pop-up libraries to other USDA community ,2026-09-29,2026-09-29,0,closed,,
ca-16796,grants.ca.gov,CA Department of Food and Agriculture,CDFA Community Resilience Centers Program,https://www.gotomygrants.com/Public/Opportunities/Details/2f115694-e319-497e-8c2c-8d2695ba58e6,state,,500000038000000,2023-02-27,2023-01-12,closed,Business; Nonprofit; Public Agency; Tribal Government,"Disadvantaged Communities; Disaster Prevention & Relief; Employment, Labor & Training",The CRC program focuses investment on disadvantaged communities and disadvantaged unincorporated communities. Priority communities will be identified as defined by Section 39711 of the Health and Safety Code and identified through CalEnviroScreen 4.0 and by Section 65302.10 of the California Government Code and identified through the Disadvantaged Communities Mapping Tool for Transformative Climate Communities (TCC).,The purpose of the California Department of Food and Agriculture’s (CDFA) Community Resilience Centers(CRC) Program is to build local resilience across California communities by improving community facilities. It is a priority of the CRC program to fund resilience center projects in disadvantaged co,2026-09-29,2026-09-29,0,closed,,
ca-16229,grants.ca.gov,Coastal Conservancy,Explore the Coast,https://scc.ca.gov/2022/12/07/explore-the-coast-2023-grant-round-open/,state,,1100000,2023-02-27,2022-12-09,closed,Nonprofit; Public Agency; Tribal Government,Environment & Water; Parks & Recreation,"Projects must involve visiting the coast of California including the shores of bays. The Conservancy is interested in supporting programs that bring participants to the coast from throughout the state, including inland areas.",The State Coastal Conservancy’s Explore the Coast (ETC) grant program seeks to provide coastal experiences for people and communities who face challenges to accessing or enjoying the coast (“ETC Priority Communities”). ETC Priority Communities include but are not limited to lower-income individuals ,2026-09-29,2026-09-29,0,closed,,
ca-24962,grants.ca.gov,CA Department of Education,Tobacco-Use Prevention Education Program Tier 2 (2023-26) Grant,http://www.cde.ca.gov/fg/fo/r8/tupetier2rfa2326.asp,state,,,2023-02-28,2023-01-17,closed,Public Agency,Education,"Under California law, the CDE must consider the need to balance urban and rural applicants when allocating grant awards (HSC 104420(k)(2)(D)(4)). Applicants must therefore identify the geographic category in which their applications will compete (identified on the Grant Application Cover Sheet in TUPE GEMS): 1. Northern-Urban 2. Northern-Rural 3. Central-Urban 4. Central-Rural 5. Southern-Urban 6. Southern-Rural","The purpose is to help local educational agencies develop and implement effective tobacco prevention and education programs for students in grades six through twelve: (1) reducing the prevalence of youth tobacco use and vaping, (2) increasing collaboration with other agencies and individuals, (3) pr",2026-09-29,2026-09-29,0,closed,,
ca-15779,grants.ca.gov,CA Department of Food and Agriculture,"CLIM3ATE-RP, California Livestock Methane Measurement, Mitigation and Thriving Environments Research Program",https://www.cdfa.ca.gov/oefi/research/,state,,5000002000000,2023-02-28,2022-12-15,closed,Business; Individual; Nonprofit; Tribal Government,"Agriculture; Energy; Environment & Water; Science, Technology, and Research & Development",Entities directly receiving grant award funds must be in California with a physical business address. The project site must be located in California. Research conducted must be considered applicable to and feasible for California dairies,"The CDFA 2022 California Livestock Methane Measurement, Mitigation and Thriving Environments Research Program (CLIM3ATE-RP) will award competitive grant(s) to California-based Institutions for research projects that address key barriers to achieving California’s climate goals, including the reductio",2026-09-29,2026-09-29,0,closed,,
ca-27515,grants.ca.gov,State Treasurer's Office,Community Services Infrastructure Grant Program (4th Round),https://www.treasurer.ca.gov/chffa/csi/csigp.asp,state,,,2023-03-03,2023-03-02,closed,Public Agency,Health & Human Services,None.,"It is intended to expand access to jail and prison diversion programs and services; create or expand mental health treatment facilities, substance use disorder treatment facilities, and trauma-centered service facilities in local communities; and reduce the need of mental health treatment, substance",2026-09-29,2026-09-29,0,closed,,
ca-16799,grants.ca.gov,Department of Parks and Recreation,Grants and Cooperative Agreements Program (GCA) – G23,https://ohv.parks.ca.gov/?page_id=30524,state,,,2023-03-06,2023-01-11,closed,Nonprofit; Public Agency; Tribal Government,Education; Environment & Water; Parks & Recreation,All Projects shall reside on public lands within the State of California.,"The Grants and Cooperative Agreements (GCA) Program provides for well managed Off-Highway Vehicle (OHV) Recreation by providing financial assistance to eligible agencies and organizations that develop, maintain, operate, expand, support, or contribute to well managed, high-quality, OHV Recreation ar",2026-09-29,2026-09-29,0,closed,,
ca-17252,grants.ca.gov,CA Department of Food and Agriculture,Prevention of Animal Homelessness and Cruelty Voluntary Tax Contribution Fund,https://www.cdfa.ca.gov/SpayNeuter/,state,,750022500,2023-03-08,2023-02-06,closed,Nonprofit; Public Agency,Animal Services,Statewide,"The California Department of Food and Agriculture’s (CDFA) Prevention Fund Program is supported by California taxpayer contributions and anticipates awarding up to $184,000 on a competitive basis to be distributed to municipal animal control agencies, and eligible society for the prevention of anima",2026-09-29,2026-09-29,0,closed,,
ca-17261,grants.ca.gov,Department of Health Care Services,CALIFORNIA TRIBAL AND URBAN INDIAN COMMUNITY-DEFINED BEST PRACTICES,https://sierrahealth.tfaforms.net/61,state,,,2023-03-08,2023-02-06,closed,Public Agency; Tribal Government,Health & Human Services,CA,"This Request for Applications is specifically for California tribal and urban Indian organizations and entities with demonstrated knowledge of the Native experience, the strengths and healing capacity of community-defined cultural practices, and the need for inclusion of culture and community-define",2026-09-29,2026-09-29,0,closed,,
ca-16700,grants.ca.gov,Governor's Office of Emergency Services,Physical and Digital Infrastructure Security Grant (DP) Program for Health Care Practitioners RFP EXTENDED,https://www.caloes.ca.gov/grant-announcement/physical-and-digital-infrastructure-security-grant-dp-program-for-health-care-practitioners-rfp/,state,,,2023-03-10,2023-01-06,closed,Business; Individual; Nonprofit; Public Agency; Tribal Government,Consumer Protection; Disaster Prevention & Relief; Health & Human Services,California.,The purpose of the DP Program is to provide funding for physical facility and digital security enhancements to health care practitioners providing abortion-related services and reproductive health care services throughout California that may be the target of violence and vandalism.,2026-09-29,2026-09-29,0,closed,,
ca-16709,grants.ca.gov,Governor's Office of Emergency Services,Physical and Digital Infrastructure Security Grant (DF) Program for Health Care Facilities RFP EXTENDED,https://www.caloes.ca.gov/grant-announcement/physical-and-digital-infrastructure-security-grant-df-program-for-health-care-facilities-rfp/,state,,1500000,2023-03-10,2023-01-06,closed,Business; Individual; Nonprofit; Public Agency; Tribal Government,Disaster Prevention & Relief; Health & Human Services,California,The purpose of the DF Program is to provide funding for physical facility and digital security enhancements to health care facilities providing abortion-related services and reproductive health care services throughout California that may be the target of violence and vandalism.,2026-09-29,2026-09-29,0,closed,,
ca-26861,grants.ca.gov,Department of Housing and Community Development,Prohousing Incentive Pilot,"https://www.hcd.ca.gov/grants-and-funding/programs-active/prohousing-incentive-pilot-program#:~:text=TheProhousingIncentivePilotPIPProgramisa,availabletolocalgovernmentswithProhousingDesignationProgram.",state,,,2023-03-15,2022-12-15,closed,Public Agency,"Housing, Community and Economic Development",CA,The PIP program provides funds to assist local governments with Prohousing Designation to accelerate affordable housing production and conservation.,2026-09-29,2026-09-29,0,closed,,
ca-16862,grants.ca.gov,CA Department of Food and Agriculture,2023 CUSP Program- Drought Relief Technical Assistance and Direct Producer Grants,https://www.cdfa.ca.gov/CUSP/,state,,500001500000,2023-03-16,2023-01-23,closed,Nonprofit; Tribal Government,Agriculture; Disadvantaged Communities; Food & Nutrition,Other Eligible Geographic Locations: Statewide (or All counties).,"To partner with technical assistance providers to support California agricultural producers with business management training, marketing and other financial tools. Partnering organizations can also provide direct producer grants for drought relief to eligible producers.",2026-09-29,2026-09-29,0,closed,,
ca-17912,grants.ca.gov,Sierra Nevada Conservancy,2023 Strategic Land Conservation Directed Grant Program,https://sierranevada.ca.gov/funding/snc-grants/,state,,,2023-03-20,2023-03-03,closed,Nonprofit; Public Agency; Tribal Government,Agriculture; Disadvantaged Communities; Environment & Water,"The Sierra Nevada region includes the mountains and foothills of the Sierra Nevada range, the Mono Basin, Owens Valley, the Modoc Plateau, and parts of the southern Cascade Range and Klamath Mountains. The region covers nearly 27 million acres and includes all or part of 24 counties in California.","This grant program supports planning and implementation of land conservation through fee title or conservation easement acquisition projects to provide access for public use or to public lands, and protect lands threatened by conversion, unique cultural or natural areas, or lands providing critical ",2026-09-29,2026-09-29,0,closed,,
ca-17834,grants.ca.gov,Department of Aging,Local Aging & Disability Action Planning (LADAP) Grant Program,https://mpa.aging.ca.gov/LocalMPAGrantProgram/Index,state,,75000200000,2023-03-24,2023-02-21,closed,Nonprofit; Public Agency; Tribal Government,Health & Human Services,-Rural & frontier communities-Tribal communities-American Indian or Alaska Native; Black; Asian; Native Hawaiian; and Pacific Islander -persons/communities/populations-People with disabilities-People living with Alzheimer’s disease and other dementias.-LGBTQ+ persons/communities/populations-Veterans-Professional & family caregivers-Persons/communities/populations of lower incomes-Persons/communities/populations of immigrant and/or refugee status,"The grant purpose is to provide funding to communities across the state to plan and develop their own, cross-sector local age- and disability-friendly plans.",2026-09-29,2026-09-29,0,closed,,
ca-25667,grants.ca.gov,CA Department of Food and Agriculture,Vertebrate Pest Control Research Program,https://www.cdfa.ca.gov/plant/ipc/vertebrates/vertebrates_hp.htm,state,,,2023-03-27,2023-03-10,closed,Business; Individual; Nonprofit; Public Agency; Tribal Government,"Agriculture; Environment & Water; Health & Human Services; Science, Technology, and Research & Development",Proposals that originate from outside of California are considered if the proposal includes relevance to vertebrate pest concerns within California. ,Research proposals are currently being accepted by the California Department of Food and Agriculture’s (CDFA) Vertebrate Pest Control Program (VPCP) within the Integrated Pest Control Branch.  Proposals may focus on research and/or education projects to enhance control measures of vertebrate pests t,2026-09-29,2026-09-29,0,closed,,
ca-16889,grants.ca.gov,CA State Library,2023-2024 Local and Collaborative Grants,https://www.library.ca.gov/grants/library-services-technology-act/local-and-collaborative/,state,,10000250000,2023-03-28,2023-02-07,closed,Individual; Nonprofit,Disadvantaged Communities; Libraries and Arts,Grant opportunity is limited to California.,The California State Library’s competitive LSTA grant opportunities help California’s libraries respond effectively to local needs and align services with local community aspirations; support experimentation and research and development in California’s libraries; and provide training and support in ,2026-09-29,2026-09-29,0,closed,,
ca-15755,grants.ca.gov,Department of Conservation,Round 2 (FY 22/23) Multibenefit Land Repurposing Program (MLRP) Program,https://www.conservation.ca.gov/dlrp/grant-programs/Pages/Multibenefit-Land-Repurposing-Program.aspx,state,,,2023-03-29,2023-01-31,closed,Nonprofit; Public Agency; Tribal Government,Agriculture; Environment & Water,State of California,"To increase regional capacity to repurpose agricultural land to reduce reliance on groundwater while providing community health, economic wellbeing, water supply, habitat,  and climate benefits. ",2026-09-29,2026-09-29,0,closed,,
ca-14279,grants.ca.gov,Governor’s Office of Land Use and Climate Innovation,Integrated Climate Adaptation and Resiliency Program's Climate Adaptation Planning Grant,https://opr.ca.gov/climate/icarp/grants/adaptation-planning-grant.html,state,,150000650000,2023-03-31,2023-01-06,closed,Public Agency; Tribal Government,"Agriculture; Disadvantaged Communities; Disaster Prevention & Relief; Energy; Environment & Water; Housing, Community and Economic Development; Science, Technology, and Research & Development; Transportation",California,"The Governor’s Office of Planning and Research (OPR), through the Integrated Climate Adaptation and Resiliency Program (ICARP), received $25M to fund the Adaptation Planning Grant Program (APGP) through the State’s 2021-2022 Budget, which funded ambitious measures to build climate adaptation and res",2026-09-29,2026-09-29,0,closed,,
ca-41858,grants.ca.gov,Strategic Growth Council,Affordable Housing & Sustainable Communities Round 7,https://sgc.ca.gov/programs/ahsc/resources/,state,,100000050000000,2023-04-04,2023-01-30,closed,Business; Nonprofit; Public Agency; Tribal Government,"Disadvantaged Communities; Housing, Community and Economic Development; Transportation",AHSC is a statewide grant program committed to geographic equity.   Project Area type targets are as follows:  (A) Target forty five (45) percent of funds available as designated in the NOFA to TOD Project Area applications.  (B) Target thirty five (35) percent of funds available as designated in the NOFA to ICP Project Area applications.  (C) Target ten (10) percent of funds available as designated in the NOFA to RIPA applications.,"The Affordable Housing and Sustainable Communities (AHSC) Program makes it easier for Californians to drive less by making sure housing, jobs, and key destinations are accessible by walking, biking, and transit.   https://sgc.ca.gov/programs/ahsc/",2026-09-29,2026-09-29,0,closed,,
ca-25445,grants.ca.gov,Department of Resources Recycling and Recovery,Local Conservation Corps Grant Program,https://calrecycle.ca.gov/funding/localcc/fy202324/,state,,,2023-04-06,2023-03-06,closed,Nonprofit; Public Agency,"Disadvantaged Communities; Education; Employment, Labor & Training; Environment & Water",All services are to be provided within the State of California.,"The Local Conservation Corps (LCC) Grant Program provides grants to certified community conservation corps to serve youth 18-25 years of age with a 3 component program including job skills in recycling, education and career education.  LCCs provide beverage container litter reduction programs, and w",2026-09-29,2026-09-29,0,closed,,
ca-17747,grants.ca.gov,Governor's Office of Emergency Services,2023-24 Equality in Domestic Violence Prevention and Services (EX) Program RFP,https://www.caloes.ca.gov/grant-announcement/2023-24-equality-in-domestic-violence-prevention-services-ex-program-rfp/,state,,1141000,2023-04-07,2023-02-09,closed,Business; Individual; Nonprofit,"Consumer Protection; Disadvantaged Communities; Health & Human Services; Law, Justice, and Legal Services",CA,"The purpose of the Program is to provide culturally appropriate domestic violence education, prevention, outreach, and services for the lesbian, gay, bisexual, transgender, intersex, queer, and asexual (LGBTIQA+) community that will improve access to this unserved/underserved community.",2026-09-29,2026-09-29,0,closed,,
ca-17792,grants.ca.gov,Department of Health Care Services,Children and Youth Behavioral Health Initiative Evidence-Based and Community-Defined Evidence Practices Round Two: Trauma-Informed Programs and Practices,https://www.dhcs.ca.gov/CYBHI/Pages/EBP-CDEP-Grants.aspx,state,,,2023-04-10,2023-02-13,closed,Business; Individual; Nonprofit; Public Agency; Tribal Government,Disadvantaged Communities; Health & Human Services,CA,"As part of the Children and Youth Behavioral Health Initiative (CYBHI), the California Department of Health Care Services (DHCS) released a Request for Application (RFA) on February 9, 2023, seeking proposals for the second round of grant funding totaling $100,000,000. For the second round of EBP an",2026-09-29,2026-09-29,0,closed,,
ca-25073,grants.ca.gov,Governor's Office of Emergency Services,FY22 Homeland Security Grant Program (HSGP) for Federally-Recognized Tribes in California RFP,https://www.caloes.ca.gov/grant-announcement/fy22-homeland-security-grant-program-hsgp-for-federally-recognized-tribes-in-california-rfp/,state,,1130000,2023-04-17,2023-03-01,closed,Tribal Government,Disaster Prevention & Relief,CA,"To support building or sustaining security enhancement projects that fall within the parameters of the Cal OES HSGP. Funds awarded under HSGP must be used to support statewide preparedness activities. The enhancement project must address high-priority preparedness gaps, and contribute to the tribe's",2026-09-29,2026-09-29,0,closed,,
ca-14912,grants.ca.gov,Air Resources Board,2022 AB 617 Community Air Grants Program,https://ww2.arb.ca.gov/capp-cag,state,,,2023-04-24,2022-12-05,closed,Nonprofit; Tribal Government,"Disadvantaged Communities; Education; Employment, Labor & Training; Energy; Environment & Water; Health & Human Services; Housing, Community and Economic Development; Law, Justice, and Legal Services; Science, Technology, and Research & Development","Projects must be wholly located in and benefit disadvantaged and/or low-income communities, as identified pursuant to California Health and Safety Code sections 39711 and 39713 (added and amended by Senate Bill 535 and AB 1550), or on Tribal lands.  Specific project census tract location(s) must be included in application narrative.  CARB’s priority population investments mapping tool may be utilized for location identification purposes.",The purpose of Community Air Grants (CAG) is to provide community-based organizations with logistical and technical assistance to support their efforts in improving local air quality. Projects are intended to further the purposes of AB 617 and AB 32 by designing and executing projects that build cap,2026-09-29,2026-09-29,0,closed,,
ca-25109,grants.ca.gov,Department of Forestry and Fire Protection,FY22-23 Urban and Community Forestry Green Schoolyards,https://34c031f8-c9fd-4018-8c5a-4159cdff6b0d-cdn-endpoint.azureedge.net/-/media/calfire-website/what-we-do/grants/urban-and-community-forestry/grant-guidelines_green-schoolyards_02272023.pdf?rev=3ad59d654dd64a2d8885e79e58c67951&hash=7F1C4A197C33C6E347C9BC22ECAFB6A2,state,,,2023-04-28,2023-03-03,closed,Nonprofit; Public Agency,Disadvantaged Communities; Education,CA,"The purpose of this grant type is to create green schoolyards to protect the health, well-being, and educational opportunity of children most vulnerable to increasing temperatures and extreme heat across California. Projects shall be centered around improving the environmental conditions and experie",2026-09-29,2026-09-29,0,closed,,
ca-53292,grants.ca.gov,Department of Resources Recycling and Recovery,Organics Grant Program (FY 2021-22 and 2022-23),https://calrecycle.ca.gov/climate/grantsloans/organics/fy202122fy202223/,state,,,2023-05-02,2023-02-09,closed,Business; Nonprofit; Public Agency; Tribal Government,Environment & Water,Grantee must be operating in California and project must divert food and green materials (organics) from California landfills. Projects may occur on state or federal lands. Private entities must be authorized to conduct business in the State of California. All applicants must be in good standing with all applicable California state agencies and registries.,"The Organics Grant Program aims to lower overall greenhouse gas pollution by expanding capacity or building new facilities in California. This will reduce the amount of California-generated green materials, food materials, and Alternative Daily Cover sent to landfills.",2026-09-29,2026-09-29,0,closed,,
ca-25097,grants.ca.gov,CA Department of Education,Elementary and Secondary School Emergency Relief III Summer Grant FY 22-24,https://www.cde.ca.gov/fg/fo/r27/esseriiisummer21rfa.asp,state,,60000100000,2023-05-03,2023-03-03,closed,Public Agency,Education,"Funding amounts per geographic funding category will be based on the statutory requirements for how funds are to be allocated for the After School Education and Safety (ASES) and 21st Century Community Learning Centers (CCLC) and will be based on the percentage of students that qualify for FRPM compared with the statewide total number of students, per geographic category.","The purpose of the Emergency and Secondary School Emergency Relief (ESSER) III Summer Grant Program is to implement evidence-based summer enrichment programs, and ensure such programs respond to students' academic, social, and emotional needs and address the disproportionate impact of the corona-vir",2026-09-29,2026-09-29,0,closed,,
ca-25094,grants.ca.gov,Department of Forestry and Fire Protection,Volunteer Fire Capacity 2023,https://www.fire.ca.gov/programs/fire-protection/cooperative-efforts/,state,,50020000,2023-05-04,2023-03-09,closed,Nonprofit; Public Agency; Tribal Government,Disadvantaged Communities; Disaster Prevention & Relief,Rural areas or rural communities ,"The Volunteer Fire Capacity (VFC) Program is a Federally-funded grant program that allows California to provide local and rural fire departments with minor firefighting, training, communications and safety equipment for their volunteer firefighters. The VFC Program is not intended for major equipmen",2026-09-29,2026-09-29,0,closed,,
ca-27293,grants.ca.gov,CA Department of Education,"Tier 1, Cohort S",http://www.cde.ca.gov/fg/fo/r8/tupetier1cohs23.asp,state,,,2023-05-05,2023-03-29,closed,Public Agency,Education,"Under California law, the CDE must consider the need to balance urban and rural applicants when allocating grant awards (HSC 104420(k)(2)(D)(4)). Applicants must therefore identify the geographic category in which their applications will compete:  ●      Northern-Urban  ●      Northern-Rural  ●      Central-Urban  ●      Central-Rural  ●      Southern-Urban  ●      Southern-Rural","The primary goal and purpose of the grant are to (1) adopt tobacco-free campus policies that prohibit the use of products containing tobacco and nicotine including, but not limited to, smokeless tobacco, snuff, chew, clove cigarettes, and electronic cigarettes (e-cigarettes), and (2) conduct the dis",2026-09-29,2026-09-29,0,closed,,
ca-27203,grants.ca.gov,Employment Development Department,Employment Social Enterprise Program (ESE) Program Year 2022-23 (PY 22-23),https://edd.ca.gov/en/jobs_and_training/WDSFP_Workforce_Development_Solicitations_for_Proposals,state,,,2023-05-08,2023-03-28,closed,Business; Nonprofit; Public Agency,"Disadvantaged Communities; Employment, Labor & Training","Applicants to the ESE Program PY 22-23 may serve disconnected young adults, justice-involved individuals, people with disabilities, long-term unemployed, older individuals, English Laguage Learners, and veterans in disavantaged communities across the State of California.","The ESE PY 22-23 grant competition solicits proposals to design, develop, and implement programs that will focus on the first step to transitioning participants into the workforce by placing individuals into employment, typically in a supported employment setting, to help them earn wages while build",2026-09-29,2026-09-29,0,closed,,
ca-25460,grants.ca.gov,Department of Housing and Community Development,2023 Local Housing Trust Fund Program Notice of Funding Availability,https://www.hcd.ca.gov/sites/default/files/docs/grants-and-funding/lhtf/2023-LHTF-NOFA.pdf,state,,,2023-05-17,2023-03-07,closed,Nonprofit; Public Agency; Tribal Government,"Housing, Community and Economic Development",CA,"The principal goal of this program is to provide grants to Local Housing Trust Funds established by cities and counties, Native American Tribes, and incorporated 501(c)(3) nonprofit organizations to increase the supply of housing to households with incomes of 80 percent or less of area median income",2026-09-29,2026-09-29,0,closed,,
ca-27281,grants.ca.gov,CA State Council on Development Disabilities,Cycle 46 Program Development Grants,https://scdd.ca.gov/grantinformation/,state,,,2023-05-22,2023-03-28,closed,Business; Individual; Nonprofit; Public Agency; Tribal Government,"Disadvantaged Communities; Education; Employment, Labor & Training; Health & Human Services; Law, Justice, and Legal Services","The Council will award funding, on a competitive basis, to California-based agencies andorganizations that represent and/or serve individuals with intellectual, developmental and/orcross-disabilities.","The State Council on Developmental Disabilities, in alignment with the goals of its 5-year state plan issues requests for proposals through Program Development Grants on a yearly basis. Successful grant projects are implemented by community-based organizations that research, develop and/or implement",2026-09-29,2026-09-29,0,closed,,
ca-27299,grants.ca.gov,Board of Forestry,2023/24 Effectiveness Monitoring Committee Request for Research Proposals to test the California Forest Practice Rules and related regulations,https://bof.fire.ca.gov/media/yuopheif/emc-grant-guidelines-2023-24_ada.pdf,state,,,2023-05-24,2023-03-24,closed,Business; Individual; Nonprofit; Public Agency; Tribal Government,"Agriculture; Environment & Water; Science, Technology, and Research & Development","Proposed projects should focus on large, landscape-scale forestlands composed of one or more landowners, which may cover multiple jurisdictions. Proposed projects that have a wide geographic scope or a wide applicability of results within the State are preferred. Projects on public land may be eligible for EMC funding provided they clearly apply to the activities and systems that also exist on non-federal timberland. ","The Effectiveness Monitoring Committee is an advisory body to the Board of Forestry and Fire Protection, intended to fund robust scientific research aimed at testing the efficacy of the California Forest Practice Rules and other natural resource protection statutes, laws, codes, and associated regul",2026-09-29,2026-09-29,0,closed,,
ca-27380,grants.ca.gov,Department of Financial Protection and Innovation,CalMoneySmart 2023-24,https://dfpi.ca.gov/calmoneysmart/,state,,1200000,2023-05-26,2023-04-24,closed,Nonprofit,"Consumer Protection; Disadvantaged Communities; Employment, Labor & Training; Housing, Community and Economic Development",Grant funds must be used to benefit residents of California. ,"The CalMoneySmart program awards up to $2 million each year to nonprofits for financial empowerment programs focusing on unbanked and underbanked consumers to access lower-cost financial products and services, establish or improve their credit, increase their savings, or lower their debt. Funds can ",2026-09-29,2026-09-29,0,closed,,
ca-8885,grants.ca.gov,Department of Social Services,Behavioral Health Continuum Infrastructure Program Round 3 and Community Care Expansion Program,https://www.infrastructure.buildingcalhhs.com/joint-request-for-applications-rfa/,state,,,2023-06-01,2022-02-15,closed,Business; Nonprofit; Public Agency; Tribal Government,"Disadvantaged Communities; Health & Human Services; Housing, Community and Economic Development",CA,The California Department of Health Care Services (DHCS) and Department of Social Services (CDSS) are pleased to announce the release of a joint Request for Applications (RFA) for the Behavioral Health Continuum Infrastructure Program (BHCIP) Launch Ready and Community Care Expansion (CCE) Program C,2026-09-29,2026-09-29,0,closed,,
ca-28328,grants.ca.gov,Victim Compensation Board,CalVCB Regional Trauma Recovery Center (TRC) Pilot Program Special Notice of Funds Available (NOFA) Northern California,https://victims.ca.gov/board/grant-opportunities/,state,,2500000,2023-06-05,2023-05-05,closed,Nonprofit,Disadvantaged Communities; Health & Human Services,"Partnership required with local agencies in the following counties: Alameda, Alpine, Amador, Butte, Calaveras, Colusa, Contra Costa, Del Norte, El Dorado, Glenn, Humboldt, Inyo, Lake, Lassen, Marin, Mariposa, Mendocino, Modoc, Mono, Monterey, Napa, Nevada, Placer, Plumas, Sacramento, San Benito, San Francisco, San Mateo, Santa Clara, Santa Cruz, Shasta, Sierra, Siskiyou, Solano, Sonoma, Stanislaus, Suter, Tehama, Tuolumne, Trinity, Yolo and Yuba.",The Regional Trauma Recover Centers (TRC) Pilot Program - Northern California will award $2.5 million in state funds to operate two Northern California TRC satellite offices in rural or underserved communities jointly run by local organizations in each community and an affiliated TRC in another loca,2026-09-29,2026-09-29,0,closed,,
ca-28091,grants.ca.gov,CA Arts Council,Arts & Cultural Organizations General Operating Support,https://arts.ca.gov/grant_program/arts-cultural-organizations-general-operating-relief/,state,,130000,2023-06-06,2023-04-25,closed,Nonprofit; Public Agency; Tribal Government,Libraries and Arts; Parks & Recreation,"California-based - Documentation of being a California-based nonprofit arts/cultural organization; an arts-based unit of municipal or county government;or a tribal government, or nonprofit social service organization with regular ongoing arts programming and/or services and a principal place of business in California",The Arts & Cultural Organizations General Operating Support grant program provides direct funding to arts and cultural organizations in support of ongoing operations.,2026-09-29,2026-09-29,0,closed,,
ca-28094,grants.ca.gov,CA Arts Council,Impact Projects,https://arts.ca.gov/grant_program/impact-projects/,state,,125000,2023-06-06,2023-04-25,closed,Individual; Nonprofit; Public Agency,"Disadvantaged Communities; Education; Housing, Community and Economic Development; Libraries and Arts; Parks & Recreation",California-based - Documentation of having a principal place of business in California    Review the guidelines document for the full list of eligibility requirements.,"The Impact Projects grant program intends to support collaborative projects that center artists and artistic practice in responding to issues experienced by historically and systemically under-resourced communities in California at this time, including, but not limited to, social, political, and eco",2026-09-29,2026-09-29,0,closed,,
ca-28079,grants.ca.gov,CA Arts Council,State-Local Partners,https://arts.ca.gov/grant_program/state-local-partners/,state,,175000,2023-06-06,2023-04-25,closed,Nonprofit; Public Agency; Tribal Government,"Housing, Community and Economic Development; Libraries and Arts; Parks & Recreation",Multi-county Partnerships: Partnerships that serve multiple counties are eligible to apply. A Multi-county Partnership must be designated as the State-Local Partner by the county Board of Supervisors in all counties represented. Funding is prorated based on the number of counties in the partnership. Multi-county Partnership applicants must give evidence of service and program equity to all participating counties. ,The State-Local Partnership program provides general operating support and technical assistance for county-designated local arts agencies. The purpose of the program is to foster cultural development on the local level through a partnership between the State and the counties of California. The natur,2026-09-29,2026-09-29,0,closed,,
ca-27356,grants.ca.gov,CA Department of Food and Agriculture,Water Efficiency Technical Assistance (WETA) -2022,https://www.cdfa.ca.gov/oefi/technical/weta.html,state,,1500000,2023-06-06,2023-04-11,closed,Nonprofit; Public Agency; Tribal Government,Agriculture; Environment & Water,The applicant must have a California mailing address. The project must benefit agricultural operations within California.,"The WETA grant program is designed to facilitate technical assistance to agricultural operations for on-farm water and energy use efficiency and nutrient management. The program supports technical assistance in three forms:  Evaluate irrigation system efficiency (e.g., mobile irrigation lab) and pro",2026-09-29,2026-09-29,0,closed,,
ca-28034,grants.ca.gov,Board of State and Community Corrections,2023 Title II Grant Program – Tribal,https://www.bscc.ca.gov/s_titleiigrant/,state,,11050000,2023-06-09,2023-04-18,closed,Tribal Government,"Disadvantaged Communities; Education; Employment, Labor & Training; Health & Human Services; Law, Justice, and Legal Services",CA,"Funds from the Title II Grant program have been set aside for federally recognized tribal governments that serve tribal youth, which will be awarded through this Request for Proposal (RFP) process.  This grant will target the reduction of the overrepresentation of Tribal youth in contact with the ju",2026-09-29,2026-09-29,0,closed,,
ca-27362,grants.ca.gov,CA State Library,2023-24 Sustainable California Libraries,https://www.library.ca.gov/grants/sustainability/,state,,1000030000,2023-06-15,2023-04-12,closed,Public Agency,Education; Environment & Water; Libraries and Arts,Grant is limited to California.,"The LSTA-funded Sustainable California Libraries themed grant provides libraries the opportunity to design programming and educational opportunities focused on sustainability and climate resilience, by collaborating with project partners, community connections, and community members.",2026-09-29,2026-09-29,0,closed,,
ca-29384,grants.ca.gov,Department of Health Care Services,COVID-19 Mitigation Project,https://www.shfcenter.org/wp-content/uploads/2023/05/COVID-19_Mitigation_Project_RFA_May_2023.pdf,state,,500000,2023-06-15,2023-05-11,closed,Nonprofit; Public Agency; Tribal Government,Health & Human Services,CA,"The COVID-19 Mitigation Project funding opportunity will prevent, prepare for and respond to the COVID-19 public health emergency and ensure the continuity of services to support individuals connected to the behavioral health system. The project will particularly focus on people engaged in mental he",2026-09-29,2026-09-29,0,closed,,
ca-25766,grants.ca.gov,Department of Conservation,2022-23 (Round 9) Sustainable Agricultural Lands Conservation Program (SALC) Agricultural Conservation Acquisition Grants,https://www.conservation.ca.gov/dlrp/grant-programs/SALCP,state,,,2023-06-16,2023-04-26,closed,Nonprofit; Public Agency; Tribal Government,Agriculture; Environment & Water,State of California,"Permanently protect croplands, rangelands, and lands utilized for the cultivation of traditional resources from conversion to non-agricultural uses.​ Protecting these lands promotes smart growth within existing jurisdictions, ensures open space remains available, and supports healthy agricultural an",2026-09-29,2026-09-29,0,closed,,
ca-14984,grants.ca.gov,Governor's Office of Business and Economic Development,California Nonprofit Performing Arts Grant Program,https://canonprofitperformingarts.com/,state,,2500075000,2023-06-16,2022-10-20,closed,Nonprofit,"Housing, Community and Economic Development; Libraries and Arts",California-based with a physical location in California,The California Nonprofit Performing Arts Grant Program was created to provide grants to eligible nonprofit performing arts organizations to encourage workforce development.   The Program requires these grants to be awarded on a first-come-first-served basis in specified amounts depending on the appl,2026-09-29,2026-09-29,0,closed,,
ca-28055,grants.ca.gov,CA Department of Food and Agriculture,Healthy Soils Block Grant Pilot Program,https://www.cdfa.ca.gov/oefi/healthysoils/BlockGrantProgram.html,state,,20000005000000,2023-06-19,2023-04-19,closed,Nonprofit; Public Agency; Tribal Government,Agriculture; Disadvantaged Communities; Environment & Water,All entities receiving grant funds must be located in California with a physical California business address.,"The Healthy Soils - Block Grant Pilot Program is a part of the Healthy Soils Program, which stems from the California Healthy Soils Initiative, a collaboration of state agencies and departments that promotes the development of healthy soils on California’s farmlands and ranchlands. The Block Grant P",2026-09-29,2026-09-29,0,closed,,
ca-28052,grants.ca.gov,CA Department of Food and Agriculture,State Water Efficiency and Enhancement Program (SWEEP) – Block Grant Pilot,https://www.cdfa.ca.gov/oefi/sweep/block_grant.html,state,,20000005000000,2023-06-19,2023-04-19,closed,Nonprofit; Public Agency; Tribal Government,Agriculture; Energy; Environment & Water,Eligible entities must be located in California with a California business address.,This Block Grant Pilot solicitation will provide funding to organizations to further disburse to agricultural operations. CDFA aims to support regional capacity building and provide opportunities for regional strategic use of SWEEP funding to address local concerns regarding water conservation and w,2026-09-29,2026-09-29,0,closed,,
ca-29666,grants.ca.gov,Department of Justice (Office of the Attorney General),Tobacco Grant Program FY 2023-24 Request for Proposals,https://oag.ca.gov/tobaccogrants,state,,,2023-06-21,2023-05-22,closed,Public Agency,"Consumer Protection; Education; Law, Justice, and Legal Services","This grant opportunity is geographically limited to the state of California, and applicants should be able to demonstrate significant tobacco products usage within their jurisdiction.","The purpose of this grant offered through the Office of the Attorney General, California Department of Justice Tobacco Grant Program is to promote a healthier California by reducing illegal sales and marketing of cigarettes and tobacco products, including e-cigarettes, to minors and youth.",2026-09-29,2026-09-29,0,closed,,
ca-29960,grants.ca.gov,CA Natural Resources Agency,Environmental Enhancement and Mitigation,https://resources.ca.gov/-/media/CNRA-Website/Files/grants/EEM/2023/2023-EEM-Guidelines-Final.pdf,state,,11500000,2023-06-30,2023-05-23,closed,Nonprofit; Public Agency,Environment & Water; Parks & Recreation,"Statewide  North/South Split  An attempt will be made to award 40% of the total funding to projects in northern counties and 60% of the total funding to projects in southern counties. The following are defined as southern counties: San Luis Obispo, Kern, Mono, Tulare, Inyo, Santa Barbara, Ventura, Los Angeles, San Bernardino, Orange, Riverside, San Diego, and Imperial. All other counties are considered northern counties","The EEM Program is an annual program established by legislation in 1989 and amended on September 26, 2013. It offers grants to local, state, and federal governmental agencies, and to nonprofit organizations for projects to mitigate the environmental impacts caused by new or modified public transport",2026-09-29,2026-09-29,0,closed,,
ca-59733,grants.ca.gov,Department of Fish and Wildlife,California Wolf-Livestock Compensation Pilot Program,https://wildlife.ca.gov,state,,,2023-06-30,2021-07-01,closed,Business; Individual; Nonprofit; Other Legal Entity; Public Agency; Tribal Government,Agriculture; Environment & Water,State of California,"In 2021, the California state legislature appropriated $3 million in funding to the Department of Fish and Wildlife (Department) to “develop a grant process to allocate funds to pay for the deterrence of wolf presence near livestock, the impacts of wolf presence on livestock, and for verified loss o",2026-09-29,2026-09-29,0,closed,,
ca-29102,grants.ca.gov,Department of Housing and Community Development,"Tribal Homeless Housing, Assistance and Prevention Program, Round 2",https://bcsh.ca.gov/calich/documents/tribal_hhap2_nofa.pdf,state,,,2023-06-30,2023-05-09,closed,Tribal Government,"Disadvantaged Communities; Education; Employment, Labor & Training; Housing, Community and Economic Development",CA,"The California Interagency Council on Homelessness (Cal ICH) is pleased to announce the availability of $20 million of Tribal Homeless Housing, Assistance and Prevention (Tribal HHAP) grant funding. These funds are available for California Federally Recognized Tribes and are designed to be flexible ",2026-09-29,2026-09-29,0,closed,,
ca-27023,grants.ca.gov,Public Utilities Commission,California Advanced Services Fund: Broadband Adoption Account- July 2023 Cycle,https://www.cpuc.ca.gov/industries-and-topics/internet-and-phone/california-advanced-services-fund/casf-adoption-account,state,,,2023-07-01,2023-01-02,closed,Business; Nonprofit; Public Agency,"Disadvantaged Communities; Education; Science, Technology, and Research & Development",CA,"The California Advanced Services Fund Broadband Adoption Account provides grants that will increase publicly available or after-school broadband access and digital inclusion, such as grants for digital literacy training programs and public education to communities with limited broadband adoption.",2026-09-29,2026-09-29,0,closed,,
ca-37673,grants.ca.gov,State Water Resources Control Board,2023 Clean Water Act Section 319 Nonpoint Source Pollution Grant,https://www.faast.waterboards.ca.gov,state,,500001000000,2023-07-01,2023-06-30,closed,Nonprofit; Public Agency; Tribal Government,Agriculture; Disadvantaged Communities; Environment & Water,"Projects must address a program preference, which is a specific watershed or waterbody and pollutant combination that is identified by the Regional Water Quality Control Board. Program preferences are listed in the grant guidelines.","The Clean Water Act Section 319 Grant Program awards grants to reduce and mitigate the effects of nonpoint  source pollution - such as sediment, pesticides, and nutrients - to waters of the state. ",2026-09-29,2026-09-29,0,closed,,
ca-29099,grants.ca.gov,Governor's Office of Emergency Services,2023-24 Legal Assistance (XL) Program RFP,https://www.caloes.ca.gov/grant-announcement/2023-24-legal-assistance-xl-program-rfp/,state,,1214000,2023-07-05,2023-05-09,closed,Nonprofit; Tribal Government,"Law, Justice, and Legal Services",All California counties.,The purpose of the Program is to increase the availability of free comprehensive civil and criminal legal assistance needed to effectively aid adult and youth victims/survivors of crime who are seeking relief in legal matters related to that crime. Funds may not be used to provide criminal defense s,2026-09-29,2026-09-29,0,closed,,
ca-29381,grants.ca.gov,Governor's Office of Emergency Services,2023-24 Innovative Response to Marginalized Victims of Crime (KI) Program RFP,https://www.caloes.ca.gov/grant-announcement/2023-24-innovative-response-to-marginalized-victims-of-crime-ki-program-rfp/,state,,1224000,2023-07-06,2023-05-11,closed,Business; Individual; Nonprofit; Public Agency; Tribal Government,"Consumer Protection; Disadvantaged Communities; Law, Justice, and Legal Services",All California counties.,The purpose of the Program is to implement new and unique methods to provide direct support services for victims/survivors of crime who are part of a marginalized population.,2026-09-29,2026-09-29,0,closed,,
ca-28058,grants.ca.gov,CA Department of Food and Agriculture,2023 Healthy Refrigeration Grant Program – Equipment RFA,https://cafarmtofork.cdfa.ca.gov/hrgp.html,state,,,2023-07-07,2023-04-19,closed,Business; Individual; Nonprofit; Public Agency; Tribal Government,Agriculture; Disadvantaged Communities; Energy; Food & Nutrition; Health & Human Services,"Businesses and organizations applying for equipment must serve low-income and/or low-food access clientele in the state of California.   Businesses and organizations serving historically & socially disadvantaged communities, and/or are owned or led by members of minority or socially disadvantaged groups will be prioritized. ","The program aims to improve access to healthy foods in underserved communities while promoting California-grown agriculture through funding energy-efficient and climate-friendly refrigeration and freezer equipment in corner stores, small businesses and food donation programs in low-income or low-foo",2026-09-29,2026-09-29,0,closed,,
ca-29804,grants.ca.gov,Workforce Development Board,Helping Justice-Involved Reenter Employment (HIRE),https://cwdb.ca.gov/partnerships/workforce-corrections-partnership/hire/,state,,,2023-07-10,2023-05-18,closed,Business; Nonprofit; Public Agency,"Employment, Labor & Training",CA,"The HIRE initiative is the latest program under the Corrections-Workforce Partnership, a state-level collaboration effort between CWDB, the California Department of Corrections and Rehabilitation (CDCR), and the California Prison Industry Authority (CalPIA). Since 2018, the CWDB has formally partner",2026-09-29,2026-09-29,0,closed,,
ca-29969,grants.ca.gov,Department of Housing and Community Development,2023 MFSN,https://www.hcd.ca.gov/grants-and-funding/supernofa,state,,,2023-07-12,2023-06-05,closed,Business; Nonprofit; Public Agency; Tribal Government,"Housing, Community and Economic Development",CA,The Multifamily Housing Super NOFA is being released for approximately $576 million in funds. This marks the second Multifamily Finance Super NOFA that provides applicants the opportunity to apply for a combination of the available funding programs at the same time and within the same round.,2026-09-29,2026-09-29,0,closed,,
ca-27506,grants.ca.gov,Department of Social Services,"Community Response Initiative to Strengthen Emergency Systems Act, or the C.R.I.S.E.S. Act","https://www.cdss.ca.gov/inforesources/cdss-programs/civil-rights/crises#:~:text=InaccordancewithAssemblyBill118Chapter694,afiredepartmentoremergencymedicalserviceresponse.",state,,2500003500000,2023-07-14,2023-04-11,closed,Nonprofit; Public Agency; Tribal Government,Health & Human Services,CA,Support CBOs’ involvement in addressing emergencies through funding of innovative approaches for CBOs to engage in emergency response and build increased capacity in that space. Seeks to identify and elevate promising practices in the area of community-based crisis response in order to develop polic,2026-09-29,2026-09-29,0,closed,,
ca-27881,grants.ca.gov,CA Department of Education,Antibias Education Grant Program Cohort 2,https://www.cde.ca.gov/pd/ps/antibiasgrant.asp,state,,75000200000,2023-07-20,2023-06-05,closed,Public Agency,Education,CA,"The purpose of the Antibias Education Grant Program is to prevent, address, and eliminate racism and bias in all California public schools, making all public schools inclusive and supportive of all people. Emphasis shall be on preventing anti-Semitism and bias or prejudice toward groups, including, ",2026-09-29,2026-09-29,0,closed,,
ca-25775,grants.ca.gov,Department of Conservation,2022-23 (Round 9) Sustainable Agricultural Lands Conservation Program (SALC) Capacity and Project Development Grants,https://www.conservation.ca.gov/dlrp/grant-programs/SALCP,state,,,2023-07-21,2023-04-26,closed,Nonprofit; Public Agency; Tribal Government,Agriculture; Environment & Water,State of California,"Permanently protect croplands, rangelands, and lands utilized for the cultivation of traditional resources from conversion to non-agricultural uses.​ Protecting these lands promotes smart growth within existing jurisdictions, ensures open space remains available, and supports healthy agricultural an",2026-09-29,2026-09-29,0,closed,,
ca-41582,grants.ca.gov,Department of Resources Recycling and Recovery,Farm and Ranch Solid Waste Cleanup and Abatement Grant Program FR79,https://calrecycle.ca.gov/lea/grantsloans/farmranch/,state,,,2023-07-25,2023-07-19,closed,Public Agency; Tribal Government,Agriculture; Disadvantaged Communities; Environment & Water,"Sites must be located on 'Farm and Ranch' property, defined in CCR Section 17991(d) as range or agricultural land used for activities such as, but not limited to, commercial livestock/crop production (various). The site need not have active sales or production, but shall be appropriately zoned/otherwise authorized for agricultural activities. Appurtenant easements or right-of-ways such as, but not limited to, public roads and utilities included.","The Farm & Ranch Solid Waste Clean Up & Abatement Grant program offers financial support to address the cleanup & prevention of illegal dumping on properties designated for agricultural purposes, as defined in California Code of Regulations (CCR), Section 17991(d). Each FY, there are 4 application c",2026-09-29,2026-09-29,0,closed,,
ca-37280,grants.ca.gov,CA Department of Food and Agriculture,Climate Smart Agriculture Technical Assistance,https://www.cdfa.ca.gov/oefi/technical/,state,,1450000,2023-07-27,2023-06-29,closed,Nonprofit; Other Legal Entity,Agriculture; Environment & Water,Applicants must have a mailing address and work within California,"The CSA Technical Assistance Grant Program is designed to provide technical assistance to individual farmers and ranchers who are interested in applying for or have received incentive awards from CDFA’s Alternative Manure Management Program (AMMP), Healthy Soils Program (HSP) and State Water Efficie",2026-09-29,2026-09-29,0,closed,,
ca-27350,grants.ca.gov,Department of Housing and Community Development,"Notice of Funding Availability, Homekey Program Round 3",https://www.hcd.ca.gov/grants-and-funding/homekey,state,,,2023-07-28,2023-04-04,closed,Public Agency; Tribal Government,"Housing, Community and Economic Development","The Department has divided the state into eight regions, each region has funding reserved. Each region's share of the Homekey allocation is calculated based on its proportionate share of persons experiencing homelessness as indicated by both the sheltered and unsheltered.","The goal of the Homekey program is to grant state funds to local public entities to acquire, develop and operate a broad range of housing types, including but not limited to hotels, motels, single-family homes and multifamily apartments, adult residential facilities, and manufactured housing, to con",2026-09-29,2026-09-29,0,closed,,
ca-27572,grants.ca.gov,State Treasurer's Office,Investment in Mental Health Wellness Grant Program for Children and Youth (5th Funding Round),https://www.treasurer.ca.gov/chffa/imhwa/index.asp,state,,,2023-07-28,2023-04-11,closed,Nonprofit; Public Agency,Health & Human Services,None,"It is intended to improve access to mental health crisis services in California for children and youth, ages 21 and under by funding a statewide expansion of mobile crisis support teams (MCSTs), crisis stabilization and Children’s Crisis Residential Program beds, and family respite care via grants a",2026-09-29,2026-09-29,0,closed,,
ca-28118,grants.ca.gov,Department of Health Care Access and Information,2023 Licensed Mental Health Services Provider Education Program,https://hcai.ca.gov/loans-scholarships-grants/loan-repayment/lmhspep/,state,,,2023-07-31,2023-05-01,closed,Individual,Health & Human Services,"For a facility to qualify, it must be in an eligible geographic or site designations.   ",The licensed Mental Health Services Provider Education Program (LMH) increases the number of appropriately trained mental healthcare professionals providing direct client care in a qualified facility or area in California.,2026-09-29,2026-09-29,0,closed,,
ca-25058,grants.ca.gov,Strategic Growth Council,Transformative Climate Communities Round 5 IMPLEMENTATION Grant (FY 22-23),https://sgc.ca.gov/programs/TCC/resources/,state,,29500000,2023-08-01,2023-03-09,closed,Business; Nonprofit; Public Agency; Tribal Government,"Disadvantaged Communities; Employment, Labor & Training; Energy; Environment & Water; Food & Nutrition; Health & Human Services; Housing, Community and Economic Development; Parks & Recreation; Transportation","Project Areas must be designated as disadvantaged communities per the TCC Guidelines. The Guidelines contain multiple options for establishing Project Area eligibility. Project Areas for Implementation Grants must be contiguous and are limited to approximately five square miles (5 mi2) in urbanized areas, and to 10 square miles (10 mi2) in rural areas. See Section 6.4, Project Area Eligibility, of the Guidelines for more information.","The TCC Program furthers the purposes of AB 32 (Nunez, 2006) and AB 2722 (Burke, 2016) by funding projects that reduce greenhouse gas emissions (GHG) through the development and implementation of neighborhood-level transformative climate community plans that include multiple coordinated GHG emission",2026-09-29,2026-09-29,0,closed,,
ca-25067,grants.ca.gov,Strategic Growth Council,Transformative Climate Communities Round 5 PLANNING Grant (FY 22-23),https://sgc.ca.gov/programs/TCC/resources/,state,,300000,2023-08-01,2023-03-09,closed,Business; Nonprofit; Public Agency; Tribal Government,"Disadvantaged Communities; Employment, Labor & Training; Energy; Environment & Water; Food & Nutrition; Health & Human Services; Housing, Community and Economic Development; Parks & Recreation; Transportation","Project Areas must be designated as disadvantaged communities per the TCC Guidelines. The Guidelines contain multiple options for establishing Project Area eligibility. Project Areas for Planning Grants must be contiguous and may be any size and shape. See Section 6.4, Project Area Eligibility, of the Guidelines for more information on Project Area requirements.","The TCC Program furthers the purposes of AB 32 (Nunez, 2006) and AB 2722 (Burke, 2016) by funding projects that reduce greenhouse gas emissions (GHG) through the development and implementation of neighborhood-level transformative climate community plans that include multiple coordinated GHG emission",2026-09-29,2026-09-29,0,closed,,
ca-25070,grants.ca.gov,Strategic Growth Council,Transformative Climate Communities Round 5 PROJECT DEVELOPMENT Grant (FY 22-23),https://sgc.ca.gov/programs/tcc/resources/,state,,15000000,2023-08-01,2023-03-09,closed,Business; Nonprofit; Public Agency; Tribal Government,"Disadvantaged Communities; Employment, Labor & Training; Energy; Environment & Water; Food & Nutrition; Health & Human Services; Housing, Community and Economic Development; Parks & Recreation; Transportation","Project Areas must be designated as disadvantaged communities per the TCC Guidelines. The Guidelines contain multiple options for establishing Project Area eligibility. Project Areas for Project Development Grants must be contiguous and may be any size and shape. See Section 6.4, Project Area Eligibility, of the Guidelines for more information on Project Area requirements.","The TCC Program furthers the purposes of AB 32 (Nunez, 2006) and AB 2722 (Burke, 2016) by funding projects that reduce greenhouse gas emissions (GHG) through the development and implementation of neighborhood-level transformative climate community plans that include multiple coordinated GHG emission",2026-09-29,2026-09-29,0,closed,,
ca-43571,grants.ca.gov,Air Resources Board,FY 2022-2023 F-GAS REDUCTION INCENTIVE PROGRAM (FRIP): THIRD-PARTY ADMINISTRATOR SOLICITATION,https://ww2.arb.ca.gov/sites/default/files/2023-06/FRIP20233PASolicitation.pdf,state,,20000004000000,2023-08-07,2023-07-29,closed,Nonprofit; Public Agency,"Energy; Food & Nutrition; Science, Technology, and Research & Development","California-based public entities (e.g., public agencies, municipalities, counties, special districts), or California-based nonprofit organizations","The California Air Resources Board (CARB) is seeking a third-party administrator (3PA) Grantee to implement a $40,000,000 commercial and industrial refrigeration-focused program. This is a competitive solicitation to select a 3PA Grantee.",2026-09-29,2026-09-29,0,closed,,
ca-41270,grants.ca.gov,CA Department of Food and Agriculture,Livestock Enteric Methane Emission Reduction Research Program (LEMER-RP),https://www.cdfa.ca.gov/oefi/enteric/docs/2023_LEMER-RP_PRE-PROPOSAL_RFP.pdf,state,,,2023-08-07,2023-07-11,closed,Nonprofit; Other Legal Entity; Tribal Government,"Agriculture; Animal Services; Environment & Water; Food & Nutrition; Science, Technology, and Research & Development","California based projects will be prioritized in funding decisions, however, CDFA also welcomes applications from out-of-state organizations that can directly address California's unique dairy and rangeland needs.","The Budget Act of 2022 (AB 179, Section 194) appropriated a total of $10 million payable from the Greenhouse Gas Reduction Funds (GGRF) to the CDFA to award a total of $10 million in competitive grant(s) to fund demonstration trials evaluating additives and dietary modifications that have the potent",2026-09-29,2026-09-29,0,closed,,
ca-44438,grants.ca.gov,Employment Development Department,Community Economic Resilience Fund Tribal Funding Opportunity Intermediary,https://edd.ca.gov/en/Jobs_and_Training/WDSFP_Workforce_Development_Solicitations_for_Proposals,state,,25000000,2023-08-14,2023-08-11,closed,Business; Nonprofit; Public Agency; Tribal Government,"Disadvantaged Communities; Employment, Labor & Training","Additional variables, including but not limited to regional distribution of money, project feasibility, alignment with CERF priorities, and previous award performance, may be considered to achieve equitable distribution of funds.","The Community Economic Resilience Fund (CERF) Tribal Opportunity Intermediary is to assist in the development, implementation, and facilitation of the CERF Tribal Funding Opportunity. The goal of the CERF Tribal Funding Opportunity is to support economic development in tribal communities by funding ",2026-09-29,2026-09-29,0,closed,,
ca-28124,grants.ca.gov,Department of Health Care Access and Information,2023 Golden State Social Opportunities Program,https://hcai.ca.gov/loans-scholarships-grants/golden-state-social-opportunities-program/,state,,,2023-08-15,2023-05-15,closed,Individual,Health & Human Services,A worksite must be a California-based nonprofit eligible setting. A community-based non-profit is defined as an institution based in the state of California to which contributions have been determined by the United States Internal Revenue Service to be tax-deductible pursuant to Section 501(c)(3) of Title 26 of the Internal Revenue Code. ,The Golden State Social Opportunities Program (GSSOP) increases the number of appropriately trained behavioral health professionals providing direct patient in a California-based nonprofit organization.         ,2026-09-29,2026-09-29,0,closed,,
ca-41258,grants.ca.gov,Department of Public Health,Request for Applications (RFA) #23-10059   Strengthening Economic Security and Mobility as a Protective Factor for Domestic Violence Prevention,https://www.cdph.ca.gov/Programs/CCDPHP/DCDIC/SACB/Pages/DomesticViolenceIntimatePartnerViolence.aspx,state,,600000,2023-08-21,2023-07-10,closed,Business; Individual; Nonprofit; Other Legal Entity; Public Agency; Tribal Government,Health & Human Services,Statewide,The purpose of this RFA is to strengthen economic security & mobility for Black women & their families. Grantees will be required to conduct a community mobilization approach through their work with community members to prioritize evidenced-informed strategies that have the potential to strengthen e,2026-09-29,2026-09-29,0,closed,,
ca-37112,grants.ca.gov,CA Department of Food and Agriculture,2023 Dairy Digester Research and Development Program,https://www.cdfa.ca.gov/oefi/ddrdp/docs/2023_DDRDP_Request_for_Grant_Applications.pdf,state,,,2023-08-28,2023-06-28,closed,Business; Individual; Nonprofit; Tribal Government,Agriculture; Animal Services; Energy; Environment & Water,The project site must be located on a commercial California dairy operation. Individuals and/or entities receiving grant award funds must be located in California with a physical California business address.,"The California Department of Food and Agriculture's (CDFA) Dairy Digester Research and Development Program (DDRDP), awards competitive grants to California dairy operations and digester developers for the implementation of dairy digesters that result in long-term methane emission reductions on Calif",2026-09-29,2026-09-29,0,closed,,
ca-37139,grants.ca.gov,CA Department of Food and Agriculture,2023 Alternative Manure Management Program,https://www.cdfa.ca.gov/oefi/ammp/docs/2023_AMMP_RGA.pdf,state,,,2023-08-28,2023-06-28,closed,Business; Individual; Nonprofit; Tribal Government,Agriculture; Animal Services; Environment & Water,The project site must be located on a commercial California dairy or livestock operation. Individuals receiving grant award funds must be located in California with a physical California business address.,The California Department of Food and Agriculture's (CDFA) Alternative Manure Management Program (AMMP) awards competitive grants to California dairy and livestock operations for the implementation of manure management technologies and practices that result in long-term methane emission reductions a,2026-09-29,2026-09-29,0,closed,,
ca-37124,grants.ca.gov,CA Department of Food and Agriculture,2023 Dairy Plus Program,https://www.cdfa.ca.gov/oefi/dairyplus/,state,,,2023-08-28,2023-06-28,closed,Individual; Tribal Government,Agriculture; Animal Services; Environment & Water,"CDFA will prioritize awards to small and historically underserved producers by carving out a minimum of 10% of Dairy Plus Program funds (or approximately $7,500,000) throughout the program’s lifetime. Underserved producers generally are defined in (https://www.nrcs.usda.gov/getting-assistance/underserved-farmers-ranchers). Small farms are defined in the Partnerships for Climate-Smart Commodities Data Dictionary for Recipients).",The California Department of Food and Agriculture's (CDFA) 2023 Dairy Plus Program will award competitive grants to California dairy farms for the implementation of advanced manure management practices that address both methane emissions and nutrient surplus.,2026-09-29,2026-09-29,0,closed,,
ca-37694,grants.ca.gov,CA Department of Food and Agriculture,Healthy Soils Demonstration Program,https://www.cdfa.ca.gov/oefi/healthysoils/DemonstrationProjects.html,state,,,2023-08-28,2023-06-29,closed,Nonprofit; Public Agency; Tribal Government,"Agriculture; Education; Environment & Water; Science, Technology, and Research & Development",CA,"The Healthy Soils Demonstration Program is part of the Healthy Soils Program which stems from the California Healthy Soils Initiative, a collaboration of state agencies and departments that promotes the development of healthy soils on California’s agricultural lands. This program funds on-farm demon",2026-09-29,2026-09-29,0,closed,,
ca-43835,grants.ca.gov,Department of Health Care Services,Elevate Youth California: Cohort 5 Standard Track,https://elevateyouthca.org/wp-content/uploads/2023/07/EYC-Round-5-Standard-RFA-Final-2.pdf,state,,,2023-08-28,2023-07-31,closed,Nonprofit; Public Agency; Tribal Government,Health & Human Services,Statewide,"Through this round of Elevate Youth California funding (Cohort 5), the Department of Health Care Services (DHCS) is making approximately $41 million available to community-based, tribal, and county behavioral health organizations throughout California to expand youth and young adult substance use pr",2026-09-29,2026-09-29,0,closed,,
ca-44462,grants.ca.gov,Employment Development Department,Community Economic Resilience Fund Tribal Funding Opportunity Intermediary,https://edd.ca.gov/en/Jobs_and_Training/WDSFP_Workforce_Development_Solicitations_for_Proposals,state,,25000000,2023-08-28,2023-08-14,closed,Business; Nonprofit; Public Agency; Tribal Government,"Disadvantaged Communities; Employment, Labor & Training","Additional variables, including but not limited to regional distribution of money, project feasibility, alignment with CERF priorities, and previous award performance, may be considered to achieve equitable distribution of funds.","The Community Economic Resilience Fund (CERF) Tribal Opportunity Intermediary is to assist in the development, implementation, and facilitation of the CERF Tribal Funding Opportunity. The goal of the CERF Tribal Funding Opportunity is to support economic development in tribal communities by funding ",2026-09-29,2026-09-29,0,closed,,
ca-16790,grants.ca.gov,Governor’s Office of Land Use and Climate Innovation,Integrated Climate Adaptation and Resiliency Program’s Regional Resilience Planning and Implementation Grant Program,https://opr.ca.gov/climate/icarp/grants/regional-resilience-grant.html,state,,1500003000000,2023-08-29,2023-06-15,closed,Nonprofit; Public Agency; Tribal Government,"Agriculture; Disadvantaged Communities; Disaster Prevention & Relief; Energy; Environment & Water; Science, Technology, and Research & Development; Transportation",CA,The Regional Resilience Grant Program (RRGP) funds planning and implementation projects that strengthen climate change resilience at a regional scale. The RRGP funds projects led by partnerships that involve multiple jurisdictions working together to address the most significant climate change risks,2026-09-29,2026-09-29,0,closed,,
ca-28067,grants.ca.gov,Department of Transportation,Federal Transit Administration (FTA) Section 5310 (Enhanced Mobility of Seniors and Individuals with Disabilities),https://dot.ca.gov/programs/rail-and-mass-transportation/enhanced-mobility-of-seniors-and-individuals-with-disabilities-program-fta-5310,state,,,2023-08-30,2023-06-14,closed,Nonprofit; Public Agency; Tribal Government,"Disadvantaged Communities; Education; Employment, Labor & Training; Food & Nutrition; Health & Human Services; Housing, Community and Economic Development; Parks & Recreation; Transportation; Veterans & Military","Rural Areas (pop under 50,000)  Small Urban Area (pop between 50,000-199,999)  Large Urbanized Areas administered by Caltrans:  *Antioch  *Bakersfield  *Concord  *Indio-Cathedral  *Modesto  *Murrieta-Temecula  *Riverside-San Bernardino  *Sacramento  *San Francisco-Oakland  *San Jose  *Santa Rosa  *Stockton   *Victorville-Hesperia  *Visalia    ",The goal of the Federal Transit Administration (FTA) Section 5310 Program is to improve mobility for seniors and individuals with disabilities by removing barriers to transportation services and expanding the transportation mobility options available. Provides financial assistance for transportation,2026-09-29,2026-09-29,0,closed,,
ca-34046,grants.ca.gov,CA Department of Food and Agriculture,Biologically Integrated Farming Systems,https://www.cdfa.ca.gov/oefi/opca/bifs.html,state,,5000001000000,2023-08-31,2023-06-09,closed,Individual; Nonprofit; Public Agency; Tribal Government,Agriculture,CA,"The goal of the Biologically Integrated Farming Systems grant is to provide outreach of innovative, biologically integrated plant-based farming systems that reduce chemical pesticide inputs. Projects from this program should demonstrate IPM-based alternative pest management options that focus on eco",2026-09-29,2026-09-29,0,closed,,
ca-29963,grants.ca.gov,CA Department of Food and Agriculture,2024 Specialty Crop Block Grant Program,https://www.cdfa.ca.gov/Specialty_Crop_Competitiveness_Grants/,state,,100000500000,2023-09-07,2023-08-10,closed,Business; Nonprofit; Public Agency; Tribal Government,"Agriculture; Disadvantaged Communities; Education; Employment, Labor & Training; Environment & Water; Food & Nutrition; Science, Technology, and Research & Development",CA,The California Department of Food and Agriculture's (CDFA) Specialty Crop Block Grant Program (SCBGP) funds projects that enhance the competitiveness of California specialty crops. The SCBGP is designed to support all sectors of California's specialty crop industry and improve the performance of Cal,2026-09-29,2026-09-29,0,closed,,
ca-43994,grants.ca.gov,Department of Housing and Community Development,IIG-2019/ 2023 NOFA for QIP Small Jurisdiction Set Aside,https://www.hcd.ca.gov/grants-and-funding/programs-active/infill-infrastructure-grant,state,,5000007500000,2023-09-07,2023-08-18,closed,Business; Nonprofit; Tribal Government,"Housing, Community and Economic Development","The infill housing development must located in a Small Jurisdiction which is defined as a county with a population of less than 250,000 as of January 1, 2019, or any city within that county, pursuant to Health and Safety Code Section 53559.1 (amended by Stats. 2020, ch. 192 (AB 434)).","The primary goal of IIG-2019 is to promote infill housing development by providing financial assistance for Capital Improvement Projects that are an integral part of, or necessary to facilitate the development of a Qualifying Infill Project. Under the Program, grants are available as gap funding for",2026-09-29,2026-09-29,0,closed,,
ca-41561,grants.ca.gov,Air Resources Board,FY 2022-23 Planning and Capacity Building,https://ww2.arb.ca.gov/resources/documents/planning-cmis-step-fy-2022-23,state,,,2023-09-08,2023-07-25,closed,Business; Nonprofit; Public Agency; Tribal Government,"Disadvantaged Communities; Education; Employment, Labor & Training; Energy; Environment & Water; Housing, Community and Economic Development; Transportation","Each application must identify and describe the Project Community, which is the geographic area that will be the focus of the project benefits. More than 50 percent of the geographic area of the Project Community must be within low-income or disadvantaged community census tracts.","The California Air Resources Board hopes to fund Planning and Capacity Building projects in 6 to 15 low-income and disadvantaged communities. Planning and Capacity Building projects are intended to increase transportation equity by improving understanding of residents’ transportation needs, developi",2026-09-29,2026-09-29,0,closed,,
ca-41573,grants.ca.gov,Air Resources Board,FY 2022-23 Clean Mobility in Schools (CMIS) and the Sustainable Transportation Equity Project (STEP),https://ww2.arb.ca.gov/resources/documents/planning-cmis-step-fy-2022-23,state,,,2023-09-08,2023-07-25,closed,Business; Nonprofit; Public Agency; Tribal Government,"Disadvantaged Communities; Education; Employment, Labor & Training; Energy; Environment & Water; Housing, Community and Economic Development; Transportation","Each application must identify and describe the Project Community, which is the geographic area that will be the focus of the project benefits. More than 50 percent of the geographic area of the Project Community must be within low-income or disadvantaged community census tracts.","The California Air Resources Board hopes to fund multiple clean transportation projects in 2 to 4 low-income and disadvantaged communities. These projects, such as active transportation infrastructure, public transit, bikeshare, microtransit, school transportation, workforce training, and education ",2026-09-29,2026-09-29,0,closed,,
ca-25772,grants.ca.gov,Department of Conservation,2022-23 (Round 9) Sustainable Agricultural Lands Conservation Program (SALC) Land Use Planning Grants,https://www.conservation.ca.gov/dlrp/grant-programs/SALCP,state,,,2023-09-08,2023-04-26,closed,Nonprofit; Public Agency; Tribal Government,Agriculture; Environment & Water,State of California,"To protect critical agricultural lands, to support infill & compact development, and to avoid increases in the greenhouse gas emissions associated with the conversion of agricultural land to non-agricultural uses. Planning grants support the development of local and regional land use policies and ec",2026-09-29,2026-09-29,0,closed,,
ca-42887,grants.ca.gov,Governor's Office of Business and Economic Development,Accelerate CA: Inclusive Innovation Hub Program Round 2,https://calosba.ca.gov/grant-and-funding-opportunities/,state,,1000000,2023-09-08,2023-07-26,closed,Business; Nonprofit; Other Legal Entity; Public Agency,"Employment, Labor & Training; Housing, Community and Economic Development; Science, Technology, and Research & Development",State of California   ,"Eligible organizations can apply to administer a grant program for the State to facilitate the transformation of invention to impact by accelerating the startup and growth of innovation-based firms in key industry areas with a focus on diverse founders, including women, people of color, and underser",2026-09-29,2026-09-29,0,closed,,
ca-44048,grants.ca.gov,CA Department of Education,Bipartisan Safer Communities Act Stronger Connections Grant Program,https://www.cde.ca.gov/fg/fo/r29/rfastrongcomm.asp,state,,4500008850000,2023-09-12,2023-08-08,closed,Public Agency,Education,CA,"The goals of the BSCA-SCG are to support evidence-based programs, structures, approaches, and practices that will increase school safety, better meet the increasingly urgent mental health needs of identified youth and to increase the safety and emotional well-being of all students. ",2026-09-29,2026-09-29,0,closed,,
ca-30653,grants.ca.gov,Department of Pesticide Regulation,2024 Department of Pesticide Regulation Research Grants Program,https://www.cdpr.ca.gov/docs/pestmgt/grants/research/index.htm,state,,50000500000,2023-09-14,2023-08-04,closed,Business; Individual; Nonprofit; Other Legal Entity; Public Agency; Tribal Government,"Agriculture; Animal Services; Disadvantaged Communities; Disaster Prevention & Relief; Education; Employment, Labor & Training; Environment & Water; Food & Nutrition; Housing, Community and Economic Development; Parks & Recreation; Science, Technology, and Research & Development","Work may be conducted outside of California, but justification must be provided and projects must primarily benefit the people of California.","To promote safer, more sustainable pest management practices in California, the Department of Pesticide Regulation's (DPR) Research Grants Program provides funding to develop integrated pest management (IPM) practices in agricultural, urban, or wildland settings that reduce the risks from pesticides",2026-09-29,2026-09-29,0,closed,,
ca-41579,grants.ca.gov,CA Department of Food and Agriculture,Organic Transition Pilot Program,https://www.cdfa.ca.gov/oefi/otp/,state,,5000002000000,2023-09-15,2023-07-24,closed,Nonprofit; Tribal Government,Agriculture; Environment & Water; Food & Nutrition,Statewide,"The Organic Transition Pilot (OTP) Program will fund assistance to farmers and ranchers who want to transition land to organic certification. The OTP grant program is designed to provide direct financial assistance for eligible expenditures and improve access to knowledge and technical assistance, i",2026-09-29,2026-09-29,0,closed,,
ca-144435,grants.ca.gov,Department of Alcoholic Beverage Control,ABC/OTS Alcohol Enforcement Grant 2024,https://www.abc.ca.gov/enforcement/alcohol-policing-partnership/,state,,2000040000,2023-09-15,2023-07-30,closed,Public Agency,"Law, Justice, and Legal Services",CA state wide,The Department of Alcoholic Beverage Control (ABC) will expand its efforts to achieve the ongoing goal of reducing youth access to alcohol by combining enforcement with training and educational programs. Enforcement training grants will be awarded by ABC to local law enforcement agencies. ,2026-09-29,2026-09-29,0,closed,,
ca-144618,grants.ca.gov,Department of Alcoholic Beverage Control,DUI Awareness and Underage Drinking Prevention Program 2024,https://www.abc.ca.gov/enforcement/alcohol-policing-partnership/,state,,750000,2023-09-15,2023-07-30,closed,Nonprofit,"Education; Law, Justice, and Legal Services",CA state wide,The Department of Alcoholic Beverage Control (ABC) will expand its efforts to achieve the ongoing goal of reducing youth access to alcohol by combining enforcement with training and educational programs. Enforcement training grants will be awarded by ABC to local law enforcement agencies. ,2026-09-29,2026-09-29,0,closed,,
ca-43937,grants.ca.gov,Department of Health Care Services,Children and Youth Behavioral Health Initiative Evidence-Based and Community-Defined Evidence Practices Round Four: Youth-Driven Programs,https://mhsoac.ca.gov/connect/grant-funding-opportunities/cybhi-round-4-youth-driven-programs-request-for-application-001/,state,,,2023-09-15,2023-08-03,closed,Business; Individual; Nonprofit; Public Agency; Tribal Government,Disadvantaged Communities; Education; Health & Human Services,CA,"As part of the Children and Youth Behavioral Health Initiative (CYBHI), the CA Dept. of Health Care Services (DHCS), in partnership with the Mental Health Services Oversight and Accountability Commission (Commission), released a Request for Application (RFA) on July 31, 2023, seeking proposals for t",2026-09-29,2026-09-29,0,closed,,
ca-34874,grants.ca.gov,Department of Health Care Services,DHCS BHBH Program Tribal Entities RFA,https://bridgehousing.buildingcalhhs.com/tribes/,state,,,2023-09-15,2023-06-19,closed,Tribal Government,"Disadvantaged Communities; Health & Human Services; Housing, Community and Economic Development","Only Tribal entities within the state of California are eligible to apply for this round of BHBH Program funding. Any entity that meets the definition of “Tribal entity,” above, whether rural or urban, is invited to apply. Applicants are encouraged to form partnerships with other organizations if appropriate, as long as the primary applicant meets the eligibility criteria.   ","Through this round of BHBH Program funding, DHCS is making available $50 million exclusively to California Tribal entities to operate bridge housing settings to address the immediate housing needs of people experiencing homelessness who have serious behavioral health conditions, including serious me",2026-09-29,2026-09-29,0,closed,,
ca-25448,grants.ca.gov,Governor's Office of Business and Economic Development,California Community Reinvestment Grants Program,https://www.business.ca.gov/CalCRG,state,,6000003000000,2023-09-18,2023-08-14,closed,Nonprofit; Public Agency,"Disadvantaged Communities; Employment, Labor & Training; Health & Human Services; Housing, Community and Economic Development; Law, Justice, and Legal Services",The CalCRG program statute requires programs and services to be provided to communities disproportionately impacted by past federal and state drug policies. Applicants must provide services in one or more of the identified CalCRG eligible counties or census tracts in California.,"The CalCRG program awards grants to Local Health Departments and qualified Community-based Nonprofit Organizations to support job placement, mental health treatment, substance use disorder treatment, system navigation services, legal services to address barriers to reentry, and linkages to medical c",2026-09-29,2026-09-29,0,closed,,
ca-35000,grants.ca.gov,Strategic Growth Council,Community Resilience Centers Round 1 IMPLEMENTATION Grant (FY 22-23),https://sgc.ca.gov/programs/community-resilience-centers/,state,,100000010000000,2023-09-18,2023-07-17,closed,Business; Nonprofit; Public Agency; Tribal Government,"Agriculture; Disadvantaged Communities; Disaster Prevention & Relief; Education; Employment, Labor & Training; Energy; Environment & Water; Food & Nutrition; Health & Human Services; Housing, Community and Economic Development; Libraries and Arts; Parks & Recreation; Transportation","Implementation Grant Applicants are required to define a Project Area that must encompass the CRC Facility, Campus Amenities connected to the CRC Facility, and community resilience services and programs based out of the CRC Facility (see Section 6.5 Project Area of the Guidelines for more information on project area requirements).","The Community Resilience Centers Program (CRC) funds planning, development, construction, and upgrades of local facilities to serve as Community Resilience Centers, providing shelter and resources during climate and other emergencies. The program will also fund ongoing year-round community services ",2026-09-29,2026-09-29,0,closed,,
ca-34985,grants.ca.gov,Strategic Growth Council,Community Resilience Centers Round 1 PROJECT DEVELOPMENT Grant (FY 22-23),https://sgc.ca.gov/programs/community-resilience-centers/,state,,5000005000000,2023-09-18,2023-07-18,closed,Business; Nonprofit; Public Agency; Tribal Government,"Agriculture; Disadvantaged Communities; Disaster Prevention & Relief; Education; Employment, Labor & Training; Energy; Environment & Water; Food & Nutrition; Health & Human Services; Housing, Community and Economic Development; Libraries and Arts; Parks & Recreation; Transportation","Project Development Grant Applicants are required to define a Project Area that must encompass the CRC Facility, Campus Amenities connected to the CRC Facility, and community resilience services and programs based out of the CRC Facility (see Section 6.5 Project Area of the Guidelines for more information on project area requirements).","The Community Resilience Centers Program (CRC) funds planning, development, construction, and upgrades of local facilities to serve as Community Resilience Centers, providing shelter and resources during climate and other emergencies. The program will also fund ongoing year-round community services ",2026-09-29,2026-09-29,0,closed,,
ca-34898,grants.ca.gov,Strategic Growth Council,Community Resilience Centers Round 1 PLANNING Grant (FY 22-23),https://sgc.ca.gov/programs/community-resilience-centers/,state,,100000500000,2023-09-18,2023-07-17,closed,Business; Nonprofit; Public Agency; Tribal Government,"Agriculture; Disadvantaged Communities; Disaster Prevention & Relief; Education; Employment, Labor & Training; Energy; Environment & Water; Food & Nutrition; Health & Human Services; Housing, Community and Economic Development; Libraries and Arts; Parks & Recreation; Transportation","All CRC Planning Grant Applicants are required to define a Planning Area and justify selection through discussion of relevant strategies and activities within that Planning Area. The Planning Area must contain a specific CRC Facility site, which is the primary focus of the CRC Planning Grant proposal. See Section 6.4, Planning Area and Site Identification of the CRC R1 Guidelines for more information. ","The Community Resilience Centers Program (CRC) funds planning, development, construction, and upgrades of local facilities to serve as Community Resilience Centers, providing shelter and resources during climate and other emergencies. The program will also fund ongoing year-round community services ",2026-09-29,2026-09-29,0,closed,,
ca-45914,grants.ca.gov,CA Department of Food and Agriculture,2023 CalAgPlate Grant Program,https://www.cdfa.ca.gov/egov/calagplate/,state,,2500212500,2023-09-20,2023-09-06,closed,Nonprofit; Public Agency; Tribal Government,"Agriculture; Education; Employment, Labor & Training; Food & Nutrition",CA,"The CalAgPlate program funds projects that support agricultural education, agricultural career awareness and development, agriculture career training, and agriculture leadership development to assist students at the kindergarten through twelfth grade (K-12), post-secondary, and adult education level",2026-09-29,2026-09-29,0,closed,,
ca-34253,grants.ca.gov,Department of Transportation,Reconnecting Communities: Highways to Boulevards Program,https://dot.ca.gov/programs/local-assistance/fed-and-state-programs/rc-h2b,state,,,2023-09-20,2023-06-20,closed,Public Agency; Tribal Government,"Disadvantaged Communities; Housing, Community and Economic Development; Transportation",The RC:H2B Pilot Program aims to invest in areas that shall clearly demonstrate a direct and meaningful benefit to an underserved community.,The California Department of Transportation is launching the Reconnecting Communities: Highways to Boulevards (RC:H2B) Pilot Program. $149 million was established for the conversion of underutilized highways into multi-modal corridors to reconnect communities divided by transportation infrastructure,2026-09-29,2026-09-29,0,closed,,
ca-41555,grants.ca.gov,Air Resources Board,FY 2022-23 Statewide Planning and Capacity Building Project Administrator,https://ww2.arb.ca.gov/our-work/programs/low-carbon-transportation-investments-and-air-quality-improvement-program/low,state,,5000000,2023-09-22,2023-07-25,closed,Business; Nonprofit; Public Agency; Tribal Government,"Disadvantaged Communities; Education; Employment, Labor & Training; Energy; Environment & Water; Housing, Community and Economic Development; Transportation",Applicants must be based in California.,"The Statewide Planning and Capacity Building Project Administrator will focus on increasing transportation equity in disadvantaged and low-income communities by strengthening local coordination, leadership, knowledge, and skills through tailored community-led project implementation support. The PCB ",2026-09-29,2026-09-29,0,closed,,
ca-45518,grants.ca.gov,Department of Aging,Local Aging & Disability Action Planning (LADAP) Grant Program – Round 2,https://mpa.aging.ca.gov/LocalMPAGrantProgram/,state,,75000200000,2023-10-02,2023-08-29,closed,Nonprofit; Public Agency; Tribal Government,Health & Human Services,-Rural & frontier communities-Tribal communities-American Indian or Alaska Native; Black; Asian; Native Hawaiian; and Pacific Islander -persons/communities/populations-People with disabilities-People living with Alzheimer’s disease and other dementias.-LGBTQ+ persons/communities/populations-Veterans-Professional & family caregivers-Persons/communities/populations of lower incomes-Persons/communities/populations of immigrant and/or refugee status,"The grant purpose is to provide funding to communities across the state to plan and develop their own, cross-sector local age- and disability-friendly plans.",2026-09-29,2026-09-29,0,closed,,
ca-43205,grants.ca.gov,Department of Resources Recycling and Recovery,Farm and Ranch Solid Waste Clean Up and Abatement Grant Program FR80,https://calrecycle.ca.gov/lea/grantsloans/farmranch/,state,,,2023-10-05,2023-07-26,closed,Public Agency; Tribal Government,Agriculture; Disadvantaged Communities; Environment & Water,"Sites must be located on 'Farm and Ranch' property, defined in CCR Section 17991(d) as range or agricultural land used for activities such as, but not limited to, commercial livestock/crop production (various). The site need not have active sales or production, but shall be appropriately zoned/otherwise authorized for agricultural activities. Appurtenant easements or right-of-ways such as, but not limited to, public roads and utilities included.","The Farm & Ranch Solid Waste Clean Up & Abatement Grant program offers financial support to address the cleanup & prevention of illegal dumping on properties designated for agricultural purposes, as defined in California Code of Regulations (CCR), Section 17991(d). Each FY, there are 4 application c",2026-09-29,2026-09-29,0,closed,,
ca-46382,grants.ca.gov,CA Department of Food and Agriculture,Proactive Integrated Pest Management,https://www.cdfa.ca.gov/oefi/opca/proactive-ipm.html,state,,,2023-10-11,2023-09-20,closed,Nonprofit; Other Legal Entity; Public Agency; Tribal Government,Agriculture,CA,The objective of this research program is to develop and test IPM strategies to control one ofthe target pests identified by CDFA (Table 1). The IPM program could be quickly implementedonce the invasive pest becomes established in California. It is a priority to first utilize andadapt existing knowl,2026-09-29,2026-09-29,0,closed,,
ca-46001,grants.ca.gov,CA Environmental Protection Agency,Environmental Justice Action Grants,https://calepa.ca.gov/EJActionGrants,state,,300000500000,2023-10-13,2023-09-08,closed,Nonprofit; Tribal Government,"Agriculture; Disadvantaged Communities; Disaster Prevention & Relief; Education; Employment, Labor & Training; Energy; Environment & Water; Food & Nutrition; Health & Human Services; Housing, Community and Economic Development; Law, Justice, and Legal Services; Libraries and Arts; Parks & Recreation; Science, Technology, and Research & Development; Transportation","Applicants must be organized or legally authorized to conduct business in CA. Projects may occur on state, tribal, or federal lands. CalEPA is exercising its discretion to fund projects that meaningfully involve/engage disadvantaged communities. To achieve equitable distribution of funds, additional factors may be considered including geographic distribution, rural/unincorporated status, levels of pollution burden, and fewest local resources.","CalEPA Environmental Justice Action Grant will increase our investments in projects that lift the burden of pollution from those most vulnerable to its effects. We know that too many communities across our state continue to face disproportionate impacts from climate change, including low-income and ",2026-09-29,2026-09-29,0,closed,,
ca-44915,grants.ca.gov,Department of Health Care Access and Information,Justice System-Involved Youth Program FY 2023-24,https://hcai.ca.gov/loans-scholarships-grants/grants/hpcop/,state,,,2023-10-16,2023-08-21,closed,Nonprofit; Public Agency,Health & Human Services,"The JSIY activities are open to all participants ages 0 through 25, regardless of gender, race, or ethnicity. Program activities should include individuals from historically underrepresented groups and regions and encourage practicing in health professional shortage areas (HPSA).  ",The purpose of the Justice-System Involved Youth Program is to support and encourage underrepresented individuals to pursue health careers to develop a more culturally and linguistically competent healthcare workforce.,2026-09-29,2026-09-29,0,closed,,
ca-45674,grants.ca.gov,Department of Housing and Community Development,2023 Emergency Solutions Grant Program (ESG),https://gn.ecivis.com/GO/gn_redir/T/vyjsqf2kekyx,state,,,2023-10-16,2023-08-15,closed,Nonprofit; Public Agency,"Housing, Community and Economic Development","ESG funds eligible units of local governments and non-profit organizations, primarily in non-entitlement areas in California.","The ESG program provides grant funding to (1) engage homeless individuals and families living on the street, (2) rapidly re-house homeless individuals and families, (3) help operate and provide essential services in emergency shelters for homeless individuals and families, and (4) prevent individual",2026-09-29,2026-09-29,0,closed,,
ca-44423,grants.ca.gov,CA Department of Food and Agriculture,2023 Urban Agriculture Grant Program,https://cafarmtofork.cdfa.ca.gov/urbanag.html,state,,,2023-10-23,2023-08-21,closed,Business; Nonprofit; Public Agency; Tribal Government,Agriculture; Disadvantaged Communities; Food & Nutrition,"Track 1: Project applicants must serve one of the urban areas of California listed below:  Sacramento: Sacramento, Stockton Bay Area: North Bay, East Bay, & South Bay Fresno: Fresno, Bakersfield LA: Los Angeles, Long Beach San Diego: San Diego Statewide     Track 2: Will be led by and or serve an urban, priority population as determined using the California Air Resources Board’s California Climate Investments Priority Populations map.",Competitive grant that funds programs and projects that enhance the viability of urban agriculture in urban areas across the State of California. ,2026-09-29,2026-09-29,0,closed,,
ca-16394,grants.ca.gov,Sacramento-San Joaquin Delta Conservancy,Nature Based Solutions: Wet Land Restoration Funding,http://deltaconservancy.ca.gov/nature-based-solutions-funding/,state,,,2023-10-25,2023-01-12,closed,Nonprofit; Public Agency; Tribal Government,Agriculture; Environment & Water,Within the legal Sacramento-San Joaquin Delta of California.,"The goals of the Nature Based Solutions: Wetland Restoration funding are to support restoration, conservation, and climate resilience for wetlands in the Sacramento-San Joaquin Delta.",2026-09-29,2026-09-29,0,closed,,
ca-46313,grants.ca.gov,Department of Parks and Recreation,Division of Boating and Waterways Aquatic Center Boating Safety Education Grant FY23,http://dbw.parks.ca.gov/?page_id=28817,state,,162000,2023-10-26,2023-09-15,closed,Nonprofit; Public Agency,Education; Environment & Water; Parks & Recreation,Waterways within California,This grant provides boating safety education to the general public.,2026-09-29,2026-09-29,0,closed,,
ca-44867,grants.ca.gov,Governor's Office of Emergency Services,2023-24 California State Nonprofit Security Grant Program (CSNSGP) RFP – EXTENDED,https://www.caloes.ca.gov/grant-announcement/2023-24-california-state-nonprofit-security-grant-program-csnsgp-rfp/,state,,1500000,2023-10-27,2023-08-17,closed,Nonprofit,Consumer Protection; Disaster Prevention & Relief,All California Counties.,"The purpose of the CSNSGP is to provide funding support for target hardening and other physical security enhancements to nonprofit organizations that are at high risk for violent attacks and hate crimes due to ideology, beliefs, or mission.",2026-09-29,2026-09-29,0,closed,,
ca-6460,grants.ca.gov,Department of Toxic Substances Control,Cleanup in Vulnerable Communities Initiative Equitable Community Revitalization Grants (ECRG),https://dtsc.ca.gov/ecrg/,state,,,2023-10-31,2021-08-09,closed,Nonprofit; Public Agency; Tribal Government,"Disadvantaged Communities; Environment & Water; Housing, Community and Economic Development",Site is in the State of California,"DTSC’s Cleanup in Vulnerable Communities Initiative Equitable Community Revitalization Grant provided $85.5 million in grants through a competitive process for: community-wide assessments, site-specific investigations, and site-specific cleanups.",2026-09-29,2026-09-29,0,closed,,
ca-45614,grants.ca.gov,Public Utilities Commission,"Equity, Engagement, and Education Grant",https://www.cpuc.ca.gov/capacitygrants,state,,1200000,2023-10-31,2023-09-08,closed,Nonprofit; Other Legal Entity; Tribal Government,"Consumer Protection; Disadvantaged Communities; Disaster Prevention & Relief; Employment, Labor & Training; Energy; Environment & Water; Housing, Community and Economic Development; Transportation",CA,"The Equity, Engagement, and Education (EEE) Grant Account will award grants up to $200,000 for the purposes of building CBO, Tribal, and community capacity to understand and engage with CPUC decision-making processes.  This will enable CBOs and Tribes to have more influence over clean energy program",2026-09-29,2026-09-29,0,closed,,
ca-43979,grants.ca.gov,Department of Health Care Services,Children and Youth Behavioral Health Initiative Evidence-Based and Community-Defined Evidence Practices Round Three: Early Childhood Wraparound Services,https://www.dhcs.ca.gov/CYBHI/Documents/DHCS-CYBHI-EBP-CDEP-Round-3-Request-for-Applications.pdf,state,,,2023-11-01,2023-08-21,closed,Business; Individual; Nonprofit; Public Agency; Tribal Government,Disadvantaged Communities; Health & Human Services,CA,"As part of the Children and Youth Behavioral Health Initiative (CYBHI), the CA Dept. of Health Care Services (DHCS) released a Request for Application (RFA) on August 7, 2023, seeking proposals for the third round of grant funding totaling $60 million. For the third round of funding, DHCS seeks prop",2026-09-29,2026-09-29,0,closed,,
ca-45953,grants.ca.gov,Department of Financial Protection and Innovation,Student Loan Empowerment Project (SLE Project),https://www.dfpi.ca.gov/SLE-Project,state,,,2023-11-03,2023-09-07,closed,Nonprofit,"Consumer Protection; Disadvantaged Communities; Housing, Community and Economic Development; Law, Justice, and Legal Services",Funding is to provide services for residents of California only. Funding will be distributed to areas with areas with populations disproportionately impacted by student debt.,"The SLE Project will award $7.25 million to nonprofit organizations to support the development and execution of at least one of two grant streams: Network Coordination grants will fund organizations providing coordination and support for the SLE Project network, and Service Partner grants will fund ",2026-09-29,2026-09-29,0,closed,,
ca-45521,grants.ca.gov,Coastal Commission,WHALE TAIL® Grant,https://www.coastal.ca.gov/whaletailgrant,state,,150000,2023-11-06,2023-08-29,closed,Individual; Nonprofit; Public Agency; Tribal Government,Disadvantaged Communities; Education; Environment & Water,"Grant projects must engage audiences within California, with a priority for communities that have historically received fewer opportunities for coastal and marine education and stewardship.","WHALE TAIL® Grants help people connect to the California coast and its watersheds through experiential education, stewardship, and outdoor experiences. WHALE TAIL® Grants focus on reaching communities that have historically received fewer marine education and stewardship opportunities, and strive fo",2026-09-29,2026-09-29,0,closed,,
ca-46514,grants.ca.gov,Department of Fish and Wildlife,2024 Cooperative Endangered Species Conservation Fund: Conservation Planning Assistance (Nontraditional Section 6),https://www.wildlife.ca.gov/Conservation/Planning/NCCP/Grants,state,,100001000000,2023-11-14,2023-10-03,closed,Nonprofit; Public Agency; Tribal Government,Environment & Water,Statewide voluntary conservation efforts.,"Support the development of new, or the renewal or amendment of existing, Habitat Conservation Plans, Safe Harbor Agreements, and Candidate Conservation Agreements with Assurances.",2026-09-29,2026-09-29,0,closed,,
ca-49673,grants.ca.gov,Department of Health Care Services,Increasing Medication Assisted Treatment (MAT) Services within Department of Health Care Services (DHCS) Licensed Substance Use Disorder (SUD) Facilities RFA,https://urldefense.com/v3/__https://mataccesspoints.org/2023/10/funding-opportunities-increasing-mat-services-within-dhcs-licensed-sud-facilities-round-2/__;!!EuW5fDSpzeg!ckN74AAeMtcmdl7upJfud3GfHlcwmnXqsgdYkwz2U4s0Zg6tyxFl2zDBqSNa6wJhM7ECTtg8G4xDcAI_uf3V_XQ0dIi9xYo$,state,,250000550000,2023-11-14,2023-10-18,closed,Nonprofit,Health & Human Services,Must be in the State of California ,"Increasing MAT Services within DHCS Licensed SUD Facilities RFA , primary objective is to improve access to MAT in non-profit DHCS-licensed residential SUD facilities. This will be done by supporting costs associated with recruitment, mentorship, training, and other associated costs to increase prov",2026-09-29,2026-09-29,0,closed,,
ca-49844,grants.ca.gov,CA Department of Education,21st Century Community Learning Centers (CCLC) and After School Safety and Enrichment for Teens (ASSETs) Grant Program 2024-25,https://www.cde.ca.gov/fg/fo/r27/rfa21standassets2024-25.asp,state,,50000254500,2023-11-16,2023-10-26,closed,Business; Nonprofit; Public Agency; Tribal Government,Education,CA,The purpose of the 21st Century High School After School Safety and Enrichment for Teens (ASSETs) Program is to support community learning centers for students in grades nine through twelve with academic enrichment opportunities and activities designed to complement students' regular academic progra,2026-09-29,2026-09-29,0,closed,,
ca-46058,grants.ca.gov,Department of Health Care Services,Children and Youth Behavioral Health Initiative Evidence-Based and Community-Defined Evidence Practices Round Five: Early Intervention Programs and Practices,https://mhsoac.ca.gov/connect/grant-funding-opportunities/cybhi-round-5-early-intervention-programs-and-practices-request-for-application-early-intervention-001/,state,,,2023-11-17,2023-09-14,closed,Individual; Nonprofit; Public Agency; Tribal Government,Disadvantaged Communities; Education; Health & Human Services,CA,"As part of the Children and Youth Behavioral Health Initiative (CYBHI), the CA Dept. of Health Care Services (DHCS), in partnership with the Mental Health Services Oversight and Accountability Commission (Commission), released a Request for Application (RFA) on Sept 13, 2023, seeking proposals for t",2026-09-29,2026-09-29,0,closed,,
ca-46391,grants.ca.gov,CA Natural Resources Agency,Urban Greening,https://resources.ca.gov/grants/urban-greening,state,,,2023-11-20,2023-10-09,closed,Nonprofit; Public Agency,"Disadvantaged Communities; Environment & Water; Housing, Community and Economic Development; Parks & Recreation","Statewide. Priority will be given to projects that are in and serve disadvantaged communities.  If a project does not qualify as a disadvantaged community, it must be located in an urban area.  An urban area is defined as a geographic area designated or defined as urban by an applicable plan covering the project area, including, but not limited to general plans, specific plans, or community plans. ","Urban Greening Program will fund projects that reduce greenhouse gases while also transforming the built environment into places that are more sustainable, enjoyable, and effective in creating healthy and vibrant communities. These projects will establish and enhance parks and open space, using natu",2026-09-29,2026-09-29,0,closed,,
ca-46400,grants.ca.gov,CA Department of Corrections and Rehabilitation,REHABILITATIVE INVESTMENT GRANTS FOR HEALING AND TRANSFORMATION (RIGHT) GRANT 2.0,https://www.cdcr.ca.gov/rehabilitation/grants/,state,,,2023-11-28,2023-09-29,closed,Nonprofit,"Law, Justice, and Legal Services",The Organization must have a physical office in California.  The funding must be used in California State Prisons.,"RIGHT Grant 2.0 funds may be used to sustain or expand currently existing programs.Organizations may seek to utilize funds to provide a new program in institutions where theprogram is not currently offered. For new programs, DRP will seek approval from the Warden ofthe applicable institution.",2026-09-29,2026-09-29,0,closed,,
ca-49841,grants.ca.gov,CA Department of Food and Agriculture,2024 Pet Lover's License Plate Program,https://www.cdfa.ca.gov/SpayNeuter/,state,,2500050000,2023-11-29,2023-11-07,closed,Nonprofit; Public Agency,Animal Services,CA,The purpose of this program is to help stop pet overpopulation in California by providing funds for spay/neuter services to municipalities and non‐profit organizations in California. The revenue received from the sale and renewal of the license plate is awarded annually through grant agreements to e,2026-09-29,2026-09-29,0,closed,,
ca-46013,grants.ca.gov,CA State Library,Lunch at the Library Summer 2024,https://www.library.ca.gov/services/to-libraries/lunch/application-instructions,state,,,2023-11-29,2023-09-13,closed,Nonprofit; Public Agency,Food & Nutrition; Libraries and Arts; Parks & Recreation,All public libraries in California are eligible to apply.,Funds and support are available for all California public libraries that help to provide USDA summer meals for children.  The Lunch at the Library program helps California public libraries:  Establish library locations as USDA summer meal sites or take pop-up libraries to other USDA community meal s,2026-09-29,2026-09-29,0,closed,,
ca-49256,grants.ca.gov,Department of Forestry and Fire Protection,FY23-24 Urban and Community Forestry Green Schoolyards Child Care,https://34c031f8-c9fd-4018-8c5a-4159cdff6b0d-cdn-endpoint.azureedge.net/-/media/calfire-website/what-we-do/grants/urban-and-community-forestry/urban-forestry-grants-project-applications-forms-and-information/grant-guidelinesgreen-schoolyardschild-care100523.pdf?rev=3aa1cddede4847b0a67cba21ae4b2a99&hash=2127A0E8407F92C97B37FAB47B2385C7,state,,,2023-12-01,2023-10-13,closed,Business; Nonprofit; Public Agency,Disadvantaged Communities; Education,CA,"The purpose of this grant type is to create green schoolyards to protect the health, well-being, and educational opportunity of children most vulnerable to increasing temperatures and extreme heat across California. Projects shall be centered around improving the environmental conditions and experie",2026-09-29,2026-09-29,0,closed,,
ca-29672,grants.ca.gov,Strategic Growth Council,Regional Climate Collaboratives Program Round 2,https://test.sgc.ca.gov/programs/cace/resources/rcc/application.html,state,,5000001750000,2023-12-06,2023-07-06,closed,Business; Nonprofit; Public Agency; Tribal Government,"Agriculture; Disadvantaged Communities; Disaster Prevention & Relief; Employment, Labor & Training; Energy; Environment & Water; Food & Nutrition; Health & Human Services; Housing, Community and Economic Development; Parks & Recreation","Projects may occur on state or federal lands, as long as the project area meets the eligibility requirements. The program has a regional and place-based component. Project Area requirements start on page 15 of the Round 2 Guidelines.","The Regional Climate Collaboratives (RCC) Program is designed to help communities establish partnerships, funding pathways, plan and policy readiness, and a local network of TA providers to pursue funding and implement climate projects. RCC funds collaboratives of cross-sectoral and community-rooted",2026-09-29,2026-09-29,0,closed,,
ca-30686,grants.ca.gov,Governor's Office of Emergency Services,Building Resilient Infrastructure and Communities (BRIC) and Flood Mitigation Assistance (FMA) 2023,https://www.fema.gov/grants/mitigation/building-resilient-infrastructure-communities,state,,,2023-12-13,2023-06-05,closed,Nonprofit; Public Agency; Tribal Government,"Agriculture; Disadvantaged Communities; Disaster Prevention & Relief; Energy; Environment & Water; Health & Human Services; Housing, Community and Economic Development; Parks & Recreation; Transportation",CA,"Authorized by Section 203 of the Stafford Act, Building Resilient Infrastructure and Communities (BRIC) will support states, local communities, tribes and territories as they undertake hazard mitigation projects, reducing the risks they face from disasters and natural hazards. FMA is authorized by S",2026-09-29,2026-09-29,0,closed,,
ca-45512,grants.ca.gov,Department of Parks and Recreation,Outdoor Equity Grants Program (OEP),https://www.parks.ca.gov/?page_id=30443,state,,20000700000,2023-12-14,2023-08-28,closed,Nonprofit; Public Agency; Tribal Government,"Disadvantaged Communities; Education; Employment, Labor & Training; Environment & Water; Parks & Recreation","The program criteria encourages applicants to establish a home base in an underserved community as the hub for local activities and trips to natural areas. ""Natural Area Trips"" from the community home base may be statewide within California. ",OEP will increase the ability of residents in low income communities to participate in outdoor experiences at state parks and other public lands by funding program operation and transportation costs. OEP encourages applicants to establish a home base in an underserved community as the hub for local ,2026-09-29,2026-09-29,0,closed,,
ca-49865,grants.ca.gov,Department of Public Health,ALZHEIMER'S DISEASE RESEARCH AWARDS,https://www.cdph.ca.gov/Programs/CCDPHP/DCDIC/CDCB/Pages/Alzheimer's-Disease-Program-Funding-Opportunities.aspx,state,,,2023-12-15,2023-10-31,closed,Nonprofit; Other Legal Entity,Health & Human Services,Statewide California,Bolster ADRD data among disparate groups by increasing data collection and building upon existing evidence of ADRD prevalence in populations historically underrepresented in research. Disaggregating data for misrepresented populations such as Asian Americans and Native Hawaiian/Pacific Islanders. As,2026-09-29,2026-09-29,0,closed,,
ca-50412,grants.ca.gov,CA Department of Food and Agriculture,Fertilizer Research and Education Program 2024,https://www.cdfa.ca.gov/is/ffldrs/frep/CompetitiveGrantProgram.html,state,,1225000,2023-12-18,2023-11-13,closed,Business; Individual; Nonprofit; Other Legal Entity; Public Agency; Tribal Government,"Agriculture; Disadvantaged Communities; Education; Environment & Water; Science, Technology, and Research & Development","Pre-proposals may originate from outside of California, but all work must be relevant to California agriculture. Collaborating with CA partners is recommended.","The Fertilizer Research and Education Program (FREP) funds and facilitates research and education to advance the environmentally safe and agronomically sound use and handling of fertilizing materials. FREP serves growers, agricultural supply and service professionals, extension personnel, public age",2026-09-29,2026-09-29,0,closed,,
ca-51555,grants.ca.gov,CA Department of Food and Agriculture,State Water Efficiency and Enhancement Program (SWEEP) – 2023,https://www.cdfa.ca.gov/oefi/sweep/,state,,1200000,2023-12-18,2023-12-05,closed,Business; Individual,Agriculture; Energy; Environment & Water,The proposed  project must be on a California agricultural operation.,SWEEP’s objective is to provide financial incentives for California agricultural operations to invest in irrigation systems that save water and reduce GHG emissions.,2026-09-29,2026-09-29,0,closed,,
ca-46472,grants.ca.gov,CA Department of Food and Agriculture,Specialty Crop Multi-State Program (SCMP),https://www.cdfa.ca.gov/Specialty_Crop_Competitiveness_Grants/SCMP.html,state,,2500001000000,2023-12-22,2023-09-29,closed,Business; Nonprofit; Public Agency; Tribal Government,Agriculture,"All applicants must be domestic entities owned, operated, and located within the 50 States, the District of Columbia, the Commonwealth of Puerto Rico, Guam, American Samoa, the United States Virgin Islands, or the Commonwealth of the Northern Mariana Islands. ","The purpose of the program is to competitively award funds to projects that enhance the competitiveness of specialty crops by funding collaborative, multi-state projects that address regional or national level specialty crop issues, including food safety, plant pests and disease, research, crop-spec",2026-09-29,2026-09-29,0,closed,,
ca-45206,grants.ca.gov,Department of Housing and Community Development,National Housing Trust Fund (NHTF) Program,https://www.hcd.ca.gov/grants-and-funding/programs-active/national-housing-trust-fund-program,state,,,2023-12-28,2023-11-30,closed,Business; Individual; Nonprofit; Other Legal Entity; Public Agency; Tribal Government,"Housing, Community and Economic Development","The Department will target at least 20 percent (20%) of the funding for Projects located in rural areas, at least 10 percent (10%) will be targeted for Native American Entities, and at least 20 percent (20%) of the funding for Projects located in federally-declared disaster areas.","The NHTF program provides funding for the acquisition, new construction, and rehabilitation of permanent rental housing for extremely low-income households in California through a competitive application process.",2026-09-29,2026-09-29,0,closed,,
ca-49736,grants.ca.gov,Department of Housing and Community Development,CDBG 2023 NOFA,https://www.hcd.ca.gov/grants-and-funding/programs-active/community-development-block-grant,state,,,2023-12-29,2023-09-29,closed,Public Agency,"Housing, Community and Economic Development","Funds available to the state’s non-entitlement Units of Local Government. Units of general local government are defined by HUD as political subdivisions of the state, which in California are towns, cities, and counties.","Under this 2023 NOFA, approximately $19 million in federal funds for Community Development Block Grant will be made available. This is a limited NOFA. The Department will only accept applications from projects that remain on the waitlist established for Over-the-Counter projects after the 2019-2020 ",2026-09-29,2026-09-29,0,closed,,
ca-6583,grants.ca.gov,Department of Water Resources,Small Community Drought Relief Program,https://water.ca.gov/-/media/DWR-Website/Web-Pages/Water-Basics/Drought/Files/Resources/Small-Community-Drought-Relief-Guidelines20229202022.pdf,state,,,2023-12-29,2021-08-11,closed,Nonprofit; Public Agency; Tribal Government,Disadvantaged Communities; Disaster Prevention & Relief; Environment & Water; Health & Human Services,Entire State of California,The purpose of the Small Community Drought Relief Program is to provide immediate and near-term financial and technical support to help small communities survive this and future droughts. ,2026-09-29,2026-09-29,0,closed,,
ca-27395,grants.ca.gov,CA Department of Food and Agriculture,Beet Curly Top Control Program,https://www.cdfa.ca.gov/plant/ipc/curlytopvirus/ctv_hp.htm,state,,1190000,2023-12-31,2023-04-04,closed,Business; Individual; Nonprofit; Public Agency; Tribal Government,"Agriculture; Science, Technology, and Research & Development",CA,"The Program may consider funding projects that develop new management methods for treating the beet leafhopper (BLH), or development of enhancements to other program areas that will mitigate the virus.  The funding will be based on the researcher using a no pesticide alternative or Department of Pes",2026-09-29,2026-09-29,0,closed,,
ca-41225,grants.ca.gov,Public Utilities Commission,California Advanced Services Fund: Broadband Adoption Account – January 2024 Cycle,https://www.cpuc.ca.gov/industries-and-topics/internet-and-phone/california-advanced-services-fund/casf-adoption-account,state,,,2024-01-01,2023-07-02,closed,Business; Nonprofit; Public Agency,"Disadvantaged Communities; Education; Science, Technology, and Research & Development",CA,"The California Advanced Services Fund Broadband Adoption Account provides grants that will increase publicly available or after-school broadband access and digital inclusion, such as grants for digital literacy training programs and public education to communities with limited broadband adoption.",2026-09-29,2026-09-29,0,closed,,
ca-51564,grants.ca.gov,Department of Resources Recycling and Recovery,Farm and Ranch Solid Waste Clean Up and Abatement Grant Program FR81,https://calrecycle.ca.gov/lea/grantsloans/farmranch/,state,,,2024-01-09,2023-12-05,closed,Public Agency; Tribal Government,Agriculture; Disadvantaged Communities; Environment & Water,"Sites must be located on 'Farm and Ranch' property, defined in CCR Section 17991(d) as range or agricultural land used for activities such as, but not limited to, commercial livestock/crop production (various). The site need not have active sales or production, but shall be appropriately zoned/otherwise authorized for agricultural activities. Appurtenant easements or right-of-ways such as, but not limited to, public roads and utilities included.","The Farm & Ranch Solid Waste Clean Up & Abatement Grant program offers financial support to address the cleanup & prevention of illegal dumping on properties designated for agricultural purposes, as defined in California Code of Regulations (CCR), Section 17991(d). Each FY, there are 4 application c",2026-09-29,2026-09-29,0,closed,,
ca-50445,grants.ca.gov,Department of Forestry and Fire Protection,CAL FIRE Forest Health,https://www.fire.ca.gov/what-we-do/grants/forest-health,state,,,2024-01-15,2023-11-14,closed,Business; Individual; Nonprofit; Public Agency; Tribal Government,Environment & Water,California,"CAL FIRE’s Forest Health Program funds active restoration and reforestation activities aimed at providing for more resilient and sustained forests to ensure future existence of forests in California while also mitigating climate change, protecting communities from fire risk, strengthening rural econ",2026-09-29,2026-09-29,0,closed,,
ca-44003,grants.ca.gov,Department of Pesticide Regulation,2024 Department of Pesticide Regulation Alliance Grants Program,https://www.cdpr.ca.gov/docs/pestmgt/grants/alliance/index.htm,state,,50000800000,2024-01-18,2023-08-04,closed,Business; Individual; Nonprofit; Other Legal Entity; Public Agency; Tribal Government,"Agriculture; Disadvantaged Communities; Education; Employment, Labor & Training; Environment & Water; Food & Nutrition; Health & Human Services; Housing, Community and Economic Development; Parks & Recreation; Science, Technology, and Research & Development","Work may be conducted outside of California, but justification must be provided and projects must primarily benefit the people of California.","To promote safer, more sustainable pest management practices in California, the Department of Pesticide Regulation (DPR) annually funds Alliance projects that promote or increase the implementation, expansion, or adoption of effective, proven, and affordable integrated pest management (IPM) systems ",2026-09-29,2026-09-29,0,closed,,
ca-50409,grants.ca.gov,Department of Fish and Wildlife,California State Duck Stamp Project Proposal Solicitation Notice FY 2024-25,https://wildlife.ca.gov/Grants/Duck-Stamp,state,,,2024-01-22,2023-12-13,closed,Nonprofit,"Environment & Water; Science, Technology, and Research & Development",Statewide. Projects may occur on state and federal lands.,"The goals of the Stamp Project are to protect, preserve, restore, enhance, and develop migratory waterfowl breeding and wintering habitat, evaluate habitat projects, and conduct waterfowl resource assessments and other waterfowl related research.         ",2026-09-29,2026-09-29,0,closed,,
ca-51579,grants.ca.gov,Victim Compensation Board,Trauma Recovery Center Grant Fiscal Year 24/25,https://victims.ca.gov/board/grant-opportunities/,state,,,2024-01-22,2023-12-06,closed,Business; Individual; Nonprofit; Public Agency; Tribal Government,Disadvantaged Communities; Health & Human Services,Statewide,The Trauma Recovery Center Grant funds centers throughout California that assist victims of violent crime. These centers provide wrap-around services and assist victims who are typically unserved and underserved communities. ,2026-09-29,2026-09-29,0,closed,,
ca-49850,grants.ca.gov,Department of Resources Recycling and Recovery,"Community Composting for Green Spaces, Cycle 3 (FY 2021-22)",https://calrecycle.ca.gov/climate/grantsloans/communitycomposting/,state,,25000100000,2024-01-23,2023-10-26,closed,Tribal Government,Agriculture; Disadvantaged Communities; Environment & Water; Food & Nutrition,"Eligible grant projects include the creation, improvement, or expansion of community composting sites to increase composting of organics and reduce generation of methane from organic waste decomposing in landfills.   All project sites must be located in California and on lands owned, managed, or stewarded by members of a tribal community. All project sites must result in the creation of new, improved, or expanded community composting sites.   ",The purpose of this program is to provide opportunities to increase the number of small-scale composting programs supporting green spaces and expand community knowledge about the benefits of compost use and proper composting techniques. This cycle of the program is focused on assisting Qualifying Tr,2026-09-29,2026-09-29,0,closed,,
ca-57423,grants.ca.gov,Department of Fish and Wildlife,Endangered Species Conservation and Recovery Grant Program (Section 6)- 2024,https://wildlife.ca.gov/Grants/Endangered-Species,state,,50000500000,2024-01-29,2023-12-20,closed,Individual; Nonprofit; Public Agency; Tribal Government,"Environment & Water; Science, Technology, and Research & Development",Statewide,The Department of Fish and Wildlife (Department) distributes federal funds through the Endangered Species Conservation and Recovery Grant Program in coordination with the US Fish and Wildlife Service. The objective of this Program is to help develop and implement state programs to conserve and recov,2026-09-29,2026-09-29,0,closed,,
ca-30752,grants.ca.gov,CA Department of Food and Agriculture,CDFA Pierce's Disease and Glassy-winged Sharpshooter Board Research and Outreach Program,https://www.cdfa.ca.gov/pdcp/grants/,state,,,2024-01-31,2023-12-01,closed,Individual; Nonprofit; Public Agency; Tribal Government,"Agriculture; Environment & Water; Food & Nutrition; Science, Technology, and Research & Development",CA,"The California Department of Food and Agriculture's Pierce's Disease and Glassy-winged Sharpshooter Board (CDFA PD/GWSS Board) provides funding support to research and outreach projects focused on protecting vineyards, preventing the spread of pests and diseases, and delivering practical and sustain",2026-09-29,2026-09-29,0,closed,,
ca-54081,grants.ca.gov,Coastal Conservancy,Explore the Coast,https://scc.ca.gov/2023/11/06/explore-the-coast-2024-rfp-now-open/,state,,,2024-01-31,2024-01-24,closed,Nonprofit; Public Agency; Tribal Government,Environment & Water; Parks & Recreation,CA,"The ability to experience the coast without fear of physical barriers, feelings of not belonging, or financial challenge is crucial to how individuals cultivate their lifelong connections with the coast. The Explore the Coast grant program seeks to provide enjoyable coastal experiences for people an",2026-09-29,2026-09-29,0,closed,,
ca-51648,grants.ca.gov,Department of Forestry and Fire Protection,CAL FIRE Forest Health Research Program (FY 2023-24),https://www.fire.ca.gov/what-we-do/grants/forest-health-research-program/applicant-and-grantee-resources,state,,,2024-01-31,2023-12-20,closed,Individual; Nonprofit; Public Agency; Tribal Government,"Environment & Water; Science, Technology, and Research & Development",Projects must be focused on and relevant to California forests and other ecosystems and their management. A significant portion of the geographic area proposed for study must be contained within California and may include adjacent lands contiguous and representative of California sites. Any sites external to California and discontinuous to study areas within the state require justification. Study areas may not be located outside the United States,"The intent of CAL FIRE's Forest Health Research Program is to fund scientific research that expands our knowledge in topics related to forest health and wildland fire.  The outcomes of these projects will support agencies, organizations, landowners, and policy makers, while furthering the goals of t",2026-09-29,2026-09-29,0,closed,,
ca-53475,grants.ca.gov,Department of Housing and Community Development,National Housing Trust Fund (NHTF) Program – Native American Entities and Federally Declared Disaster Areas,https://www.hcd.ca.gov/grants-and-funding/programs-active/national-housing-trust-fund-program,state,,,2024-02-01,2023-11-30,closed,Business; Individual; Nonprofit; Other Legal Entity; Public Agency; Tribal Government,"Housing, Community and Economic Development","The Department will target at least 20 percent (20%) of the funding for Projects located in rural areas, at least 10 percent (10%) will be targeted for Native American Entities, and at least 20 percent (20%) of the funding for Projects located in federally-declared disaster areas.","The NHTF program provides funding for the acquisition, new construction, and rehabilitation of permanent rental housing for extremely low-income households in California through a competitive application process.",2026-09-29,2026-09-29,0,closed,,
ca-53175,grants.ca.gov,Board of State and Community Corrections,Residential Substance Abuse Treatment (RSAT) Program,https://www.bscc.ca.gov/s_rsat/,state,,,2024-02-02,2023-12-19,closed,Public Agency,"Consumer Protection; Education; Employment, Labor & Training; Health & Human Services; Housing, Community and Economic Development; Law, Justice, and Legal Services",CA,"The RSAT Program assists states and local governments in developing and implementing substance usedisorder treatment programs in local detention facilities, and supports efforts to create and maintain community-based aftercare services for individuals who are/have been justice involved. Historically",2026-09-29,2026-09-29,0,closed,,
ca-53250,grants.ca.gov,Governor's Office of Emergency Services,FY 2023 Emergency Management Performance Grant (EMPG) Program for Federally-Recognized Tribes In California RFP,https://www.caloes.ca.gov/grant-announcement/fy-2023-emergency-management-performance-grant-empg-program-for-federally-recognized-tribes-in-california-rfp/,state,,,2024-02-02,2023-12-21,closed,Tribal Government,Disadvantaged Communities,CA,The purpose of the EMPG Program for Federally-Recognized Tribes in California (FY 2023 Tribal EMPG) is to assist federally-recognized tribes in preparing for all hazards. Funds provided under this Program must be used to support activities that effectively contribute to the tribe’s capability to pre,2026-09-29,2026-09-29,0,closed,,
ca-46388,grants.ca.gov,CA Department of Education,Education for Homeless Children and Youth (LEA),https://www.cde.ca.gov/fg/fo/af/,state,,1250000,2024-02-04,2023-11-08,closed,Public Agency,Education,LEAs which include local school districts and direct-funded charter schools to participate in the federally funded EHCY Grant Program.,"The purpose of this program is to facilitate the enrollment, attendance, and success in school of homeless children and youth; and ensure homeless children and youth have equal access to the same free, appropriate, public education as provided to all other students. Services provided cannot replace ",2026-09-29,2026-09-29,0,closed,,
ca-74088,grants.ca.gov,Strategic Growth Council,Tribal Capacity Building Pilot Program,https://sgc.ca.gov/meetings-events/council/2023/10-26/docs/20231026-6_AttachmentA_Guidelines.pdf,state,,150000250000,2024-02-05,2023-11-07,closed,Tribal Government,"Disadvantaged Communities; Employment, Labor & Training; Environment & Water",Program activities must be located within the boundaries of the State of California.,"The Tribal Capacity Building Pilot Program provides funding and technical assistance to California Native American tribes, enhancing their staff capacity to advance tribes’ climate-related work. The goal of the Pilot Program is to help tribes develop long-term capacity to secure funding and implemen",2026-09-29,2026-09-29,0,closed,,
ca-52095,grants.ca.gov,CA Department of Food and Agriculture,Healthy Soils Program Incentive Grants,https://www.cdfa.ca.gov/oefi/healthysoils/IncentivesProgram.html,state,,,2024-02-09,2024-01-22,closed,Business; Individual; Nonprofit; Tribal Government,Agriculture; Disadvantaged Communities; Environment & Water,Within California,"The Healthy Soils Program stems from the California Healthy Soils Initiative, a collaboration of state agencies and departments that promotes the development of healthy soils on California's agricultural lands.   The Healthy Soils Program Incentive Grants provide financial incentives to California g",2026-09-29,2026-09-29,0,closed,,
ca-49889,grants.ca.gov,Department of Housing and Community Development,HOME American Rescue Plan (HOME-ARP) Program – Rental Housing Development – Non-Tribal Applicants,https://www.hcd.ca.gov/grants-and-funding/programs-active/home-american-rescue-plan-program,state,,,2024-02-12,2023-10-30,closed,Business; Nonprofit; Public Agency; Tribal Government,"Housing, Community and Economic Development","HOME-ARP funding will only be distributed to Applicants who intend to acquire, rehabilitate and/or construct affordable rental housing projects located in Eligible State HOME-ARP Jurisdictions.     ","The HOME-ARP program provides funding for the acquisition, new construction, and rehabilitation of rental housing for qualifying populations and low-income households in California through a competitive application process.",2026-09-29,2026-09-29,0,closed,,
ca-54093,grants.ca.gov,Governor’s Office of Land Use and Climate Innovation,Public Awareness and Community Outreach Campaign Services,https://static.cordhub.org/orgs/5/wfm/forms/2/Request+for+Application_OCPSC+TMN_Final+January+24+2024.pdf,state,,3000001000000,2024-02-14,2024-01-26,closed,Nonprofit,Disadvantaged Communities; Education; Health & Human Services,CA,"OCPSC hopes to develop partnerships with community organizations who will act as trusted messengers for their respected communities. Trusted messengers will be expected to conduct interactive engagements and promotional outreach within their respected communities, on priority campaigns identified by",2026-09-29,2026-09-29,0,closed,,
ca-16853,grants.ca.gov,CA Health and Human Services Agency,"A Precision Medicine Approach to Improve the Prevention, Diagnosis, and Treatment of Depression",https://opr.ca.gov/ciapm/activity/research/depression/rfp.html,state,,18000003000000,2024-02-15,2023-09-22,closed,Nonprofit; Public Agency; Tribal Government,"Disadvantaged Communities; Education; Health & Human Services; Science, Technology, and Research & Development",CA,"The California Initiative to Advance Precision Medicine (CIAPM) will award up to $9 million total across three to five independent research teams ($1.8 to $3 million per team) over a three-year project term to further understanding about the prevention, diagnosis, and treatment of depression.",2026-09-29,2026-09-29,0,closed,,
ca-53505,grants.ca.gov,Department of Social Services,Innovative Partnerships,https://www.cdss.ca.gov/inforesources/ocap/grants,state,,150000,2024-02-23,2024-01-12,closed,Nonprofit; Public Agency,Health & Human Services,Grant awards will be given to a maximum of six agencies located in each of OCAP's grant regions. Each region will be awarded one grant. The OCAP’s six grant regions and the associated counties can be found in the OCAP Grant Summary webpage: https://cdss.ca.gov/Portals/9/OCAP/OCAP-Grant-Summary.pdf.   ,"The OCAP is currently accepting applications to fund up to six qualified Applicants to implement grants for the following purpose(s): to develop regional collaborative networks between Child Abuse Prevention Councils (CAPCs) and community stakeholders to improve child abuse prevention outcomes, buil",2026-09-29,2026-09-29,0,closed,,
ca-52140,grants.ca.gov,CA Department of Food and Agriculture,Resilient Food Systems Infrastructure Program,https://www.cdfa.ca.gov/rfsi/,state,,100002999977,2024-02-26,2023-12-14,closed,Business; Individual; Nonprofit; Public Agency; Tribal Government,Agriculture,CA,"The purpose of the Resilient Food Systems Infrastructure (RFSI) program is to build resilience in the middle of the food supply chain; to provide more and better markets to small farms and food businesses; to support the development of value-added products for consumers, fair prices, and fair wages;",2026-09-29,2026-09-29,0,closed,,
ca-58527,grants.ca.gov,Department of Forestry and Fire Protection,Wildfire Resilience and Forestry Assistance Grants,https://www.fire.ca.gov/what-we-do/natural-resource-management/wildfire-resilience,state,,5000003000000,2024-02-26,2024-02-15,closed,Nonprofit; Other Legal Entity; Public Agency,Environment & Water,No specific geographic areas. All forested areas in CA are eligible where they are owned by a nonindustrial forestland owner. Publicly owned lands are not eligible. ,"This grant guideline includes information for the use of funds administered by the California Department of Forestry and Fire Protection (CAL FIRE) for the purpose of developing grant funded projects that, in part, address the needs of the Governor’s Forest Management Task Force’s Wildfire and Fores",2026-09-29,2026-09-29,0,closed,,
ca-53736,grants.ca.gov,Department of Health Care Services,Mobile Narcotic Treatment Programs and Medication Units RFA,https://mataccesspoints.org/2024/01/mobile-narcotic-treatment-programs-and-medication-units/,state,,,2024-02-26,2024-01-22,closed,Business; Individual; Nonprofit; Other Legal Entity; Public Agency; Tribal Government,Health & Human Services,Must be in the State of California,"The primary objective of this funding opportunity is to expand the availability of MUs and MNTPs, to increase MOUD access for rural areas, justice-involved populations, Indigenous and Native communities, patients without transportation, and areas that do not have a Narcotic Treatment Program (NTP) w",2026-09-29,2026-09-29,0,closed,,
ca-53727,grants.ca.gov,CA Department of Corrections and Rehabilitation,Victim Impact Grant RFA,https://www.cdcr.ca.gov/rehabilitation/grants/,state,,,2024-02-27,2024-01-16,closed,Nonprofit,Disadvantaged Communities,State of California,"VI Grants is for eligible nonprofit organizations to deliver victim impact programs at one or more CDCR institutions. VI programs are victim focused restorative justice programs provided by community-based organizations. These programs must employ restorative justice principles, have an emphasis on ",2026-09-29,2026-09-29,0,closed,,
ca-145515,grants.ca.gov,Department of Housing and Community Development,"Family Homelessness Challenge Grant, Round 2",https://www.hcd.ca.gov/grants-and-funding/programs-active/family-homelessness-challenge-grant,state,,,2024-02-27,2023-12-29,closed,Public Agency,"Disadvantaged Communities; Housing, Community and Economic Development",Eligible applicants must be a local jurisdiction (city/county) or Continuum of Care in the State of California.   ,The Family Homelessness Challenge Grant (FHC) provides competitive grants and technical assistance to local jurisdictions to promote rapid innovation and expand promising practices to create scalable solutions that can be shared across the state to address and ultimately end family homelessness. ,2026-09-29,2026-09-29,0,closed,,
ca-8327,grants.ca.gov,Department of Water Resources,Urban Streams Restoration Program,https://water.ca.gov/Programs/Integrated-Regional-Water-Management/Riverine-Stewardship-Program/Riverine-Stewardship-Grants,state,,,2024-02-29,2022-06-01,closed,Nonprofit; Public Agency; Tribal Government,Disadvantaged Communities; Environment & Water,The geographic scope of the USRP is statewide,"The Urban Streams Restoration Program (USRP), established by Water Code section 7048 which declared that urban creek protection, restoration, and enhancement are best undertaken by local agencies and organizations with assistance from the State. The USRP funds projects and provides technical assista",2026-09-29,2026-09-29,0,closed,,
ca-53700,grants.ca.gov,Department of Health Care Access and Information,Peer Personnel Training and Placement Program,https://hcai.ca.gov/wp-content/uploads/2024/01/2024-25-Peer-Personnel-Grant-Guide-1.pdf,state,,,2024-03-01,2024-01-11,closed,Nonprofit; Public Agency,Education; Health & Human Services,Programs must be located in the state of California.,"This grant opportunity will result in agreement(s) with public, private, and nonprofit organizations, including faith-based and community-based organizations (CBOs), for training and support that facilitates the training and placement of peer personnel. ",2026-09-29,2026-09-29,0,closed,,
ca-53637,grants.ca.gov,Department of Parks and Recreation,Grants and Cooperative Agreements Program (GCA) – G24,https://ohv.parks.ca.gov/?page_id=30524,state,,,2024-03-04,2024-01-08,closed,Nonprofit; Public Agency; Tribal Government,Education; Environment & Water; Parks & Recreation,All Projects shall reside on public lands within the State of California.,"The Grants and Cooperative Agreements (GCA) Program provides for well managed Off-Highway Vehicle (OHV) Recreation by providing financial assistance to eligible agencies and organizations that develop, maintain, operate, expand, support, or contribute to well managed, high-quality, OHV Recreation ar",2026-09-29,2026-09-29,0,closed,,
ca-53655,grants.ca.gov,Governor's Office of Emergency Services,2023-24 Listos California Target Grant (LG) Program RFP,https://www.caloes.ca.gov/grant-announcement/2023-24-listos-california-target-grant-lg-program-rfp/,state,,1400000,2024-03-04,2024-01-08,closed,Nonprofit; Other Legal Entity,Disaster Prevention & Relief; Education,CA,Support organizations throughout California that serve smaller communities with equity priority factors located in areas at moderate to high risk of disaster. Community-based organizations (CBOS) throughout the State can work independently or subgrant with local CBOs to provide disaster training and,2026-09-29,2026-09-29,0,closed,,
ca-53640,grants.ca.gov,Governor's Office of Emergency Services,2023-24 Listos California Youth Development Grant (LY) Program RFP,https://www.caloes.ca.gov/grant-announcement/2023-24-listos-california-youth-development-grant-ly-program-rfp/,state,,1200000,2024-03-04,2024-01-08,closed,Nonprofit,Disaster Prevention & Relief; Education,CA,"To support new and existing projects developing or enhancing youth programs that introduce and educate about emergency preparedness. The primary goal is to develop and grow lifesaving skills for youth that can be used at home, school, and in their communities; assist in the discovery of career optio",2026-09-29,2026-09-29,0,closed,,
ca-53424,grants.ca.gov,CA State Library,Teens Succeed,https://www.library.ca.gov/grants/,state,,5000075000,2024-03-06,2024-01-03,closed,Public Agency,Health & Human Services; Libraries and Arts,This opportunity is open to Public Libraries in the State of California,"The California State Library’s LSTA grant opportunities:  Support improvement, innovation, and experimentation in library services;  Build capacity among the California library community in grant-writing and grant management; and Help California’s local libraries develop services that effectively re",2026-09-29,2026-09-29,0,closed,,
ca-53259,grants.ca.gov,CA State Library,2024 – 2025 LSTA Community Impact Grants,https://www.library.ca.gov/grants/library-services-technology-act/local-and-collaborative/,state,,10000250000,2024-03-06,2024-01-10,closed,Individual; Nonprofit,Disadvantaged Communities; Libraries and Arts,Grant opportunity is limited to California.,The California State Library’s LSTA Community Impact grants opportunity helps California’s libraries respond effectively to local needs and align services with local community aspirations; support experimentation and research and development in California’s libraries; and provide training and suppor,2026-09-29,2026-09-29,0,closed,,
ca-53370,grants.ca.gov,CA State Library,2024-25 Sustainable California Libraries,https://www.library.ca.gov/grants/,state,,1000075000,2024-03-06,2024-01-03,closed,Public Agency,Education; Energy; Environment & Water; Food & Nutrition; Libraries and Arts,This opportunity is open to Public Libraries within the State of California ,"The California State Library’s LSTA grant opportunities:  Support improvement, innovation, and experimentation in library services;  Build capacity among the California library community in grant-writing and grant management; and Help California’s local libraries develop services that effectively re",2026-09-29,2026-09-29,0,closed,,
ca-53373,grants.ca.gov,CA State Library,eBooks for All Collection Development Grant Opportunity,https://www.library.ca.gov/grants/,state,,,2024-03-06,2024-01-03,closed,Public Agency,Health & Human Services; Libraries and Arts,This opportunity is open to Public Libraries and Library Consortiums in the State of California ,"The California State Library’s LSTA grant opportunities:  Support improvement, innovation, and experimentation in library services;  Build capacity among the California library community in grant-writing and grant management; and Help California’s local libraries develop services that effectively re",2026-09-29,2026-09-29,0,closed,,
ca-49982,grants.ca.gov,CA Department of Education,Education for Homeless Children and Youth Grant Program for County Offices of Education,https://www.cde.ca.gov/fg/fo/af/,state,,,2024-03-07,2023-11-08,closed,Public Agency,Education,State of California,"The purpose of this program is to facilitate the enrollment, attendance, and success in school of homeless children and youth; and ensure homeless children and youth have equal access to the same free, appropriate, public education as provided to all other students. ",2026-09-29,2026-09-29,0,closed,,
ca-59772,grants.ca.gov,Department of Fish and Wildlife,2024 Voluntary Tax Fund Native Wildlife Rehabilitation Grant,https://nrm.dfg.ca.gov/FileHandler.ashx?DocumentID=213840&inline,state,,,2024-03-12,2024-03-12,closed,Nonprofit,Animal Services,N/A,"The California Department of Fish and Wildlife (CDFW) has established a competitive grant  program, to support and advance the  recovery and rehabilitation of injured, sick, or orphaned wildlife, and conservation education.",2026-09-29,2026-09-29,0,closed,,
ca-53784,grants.ca.gov,Department of Health Care Access and Information,Wellness Coach Employer Support Grant Program 2024,https://hcai.ca.gov/workforce/initiatives/certified-wellness-coach/,state,,,2024-03-15,2024-01-22,closed,Public Agency,Health & Human Services,Organizations must be located in the state of California.   ,The purpose of the Certified Wellness Coach (CWC) Employer Support Grant Program is to assist Certified Wellness Coach employers to recruit and employ Certified Wellness Coaches. The Grant Program supports educational institutions and school-based and school-linked health and behavioral health agenc,2026-09-29,2026-09-29,0,closed,,
ca-59121,grants.ca.gov,Department of Industrial Relations,California Opportunity Youth Apprenticeship Grant Round 1,https://www.dir.ca.gov/DAS/Grants/California-Youth-Apprenticeship-Grant.html,state,,,2024-03-15,2024-02-23,closed,Business; Nonprofit; Other Legal Entity; Public Agency,"Disadvantaged Communities; Education; Employment, Labor & Training; Food & Nutrition; Health & Human Services; Science, Technology, and Research & Development",CA,"The California Opportunity Youth Apprenticeship (COYA) Grant is a new funding source to develop and test innovative practices to increase the participation of opportunity youth in pre-apprenticeship and apprenticeship programs, and to demonstrate the impact of apprenticeship on employment and earnin",2026-09-29,2026-09-29,0,closed,,
ca-49460,grants.ca.gov,Strategic Growth Council,Affordable Housing & Sustainable Communities Round 8,https://sgc.ca.gov/programs/ahsc/resources/,state,,1000000050000000,2024-03-19,2024-01-19,closed,Business; Nonprofit; Public Agency; Tribal Government,"Disadvantaged Communities; Housing, Community and Economic Development; Transportation","The program has a target to award at least one project from each of the Program's eight geographic areas of the state (defined in Sec.108.h.2 of the Guidelines).   Also, the program's Project Area type targets (as a percentage of funds available as designated in the NOFA) are as follows:  (A) TOD Project Area applications target: 35%  (B) ICP Project Area applications target: 35%  (C) RIPA application target: 10%       ","The Affordable Housing and Sustainable Communities (AHSC) Program makes it easier for Californians to drive less by making sure housing, jobs, and key destinations are accessible by walking, biking, and transit.   https://sgc.ca.gov/programs/ahsc/",2026-09-29,2026-09-29,0,closed,,
ca-53523,grants.ca.gov,Coachella Valley Mountains Conservancy,Proposition 1 Grant Program,http://www.cvmc.ca.gov,state,,,2024-03-20,2024-01-05,closed,Nonprofit; Other Legal Entity; Public Agency; Tribal Government,Environment & Water,Within the Coachella Valley or its surrounding mountains.,Implement the California Water Action Plan in the Coachella Valley,2026-09-29,2026-09-29,0,closed,,
ca-59538,grants.ca.gov,Workforce Development Board,Workforce Accelerator Fund 12,https://cwdb.ca.gov/initiatives/workforce-accelerator-fund/workforce-accelerator-fund-12-grant-program/,state,,,2024-03-20,2024-03-06,closed,Nonprofit; Public Agency,"Disadvantaged Communities; Employment, Labor & Training; Law, Justice, and Legal Services; Veterans & Military",CA,"The Workforce Accelerator Fund (Accelerator 12) grant program will support local board development and implementation of projects that incorporate High Road strategies, as defined in California Unemployment Insurance Code §14005(r), which include: improving job quality and job access, meeting the sk",2026-09-29,2026-09-29,0,closed,,
ca-58020,grants.ca.gov,Governor's Office of Emergency Services,FY 2023 Homeland Security Grant Program (HSGP) For Federally-Recognized Tribes In California RFP,https://www.caloes.ca.gov/grant-announcement/fy-2023-homeland-security-grant-program-hsgp-for-federally-recognized-tribes-in-california-rfp/,state,,1130000,2024-03-25,2024-02-12,closed,Tribal Government,Disaster Prevention & Relief,Restricted to federally-recognized tribes in California.,"The purpose is to support building or sustaining security enhancement projects that fall within the parameters of the Cal OES HSGP. Funds awarded under HSGP must be used to support statewide preparedness activities. The enhancement project must address high-priority preparedness gaps, and contribute",2026-09-29,2026-09-29,0,closed,,
ca-54747,grants.ca.gov,Governor's Office of Emergency Services,2023-24 Listos California Community Disaster Aid (LD) Program RFP,https://www.caloes.ca.gov/grant-announcement/2023-24-listos-california-community-disaster-aid-ld-program-rfp/,state,,,2024-03-26,2024-01-30,closed,Nonprofit,Disadvantaged Communities; Disaster Prevention & Relief,CA,- The purpose of the Listos California Community Disaster Aid (LD) Program is to reimburse community-based organizations (CBOs) throughout the State for work performed in the direct aid of individuals and families impacted by a disaster during response and recovery efforts.,2026-09-29,2026-09-29,0,closed,,
ca-34094,grants.ca.gov,Department of Water Resources,Instream Flow Water Purchase Program,https://resources.ca.gov/-/media/CNRA-Website/Files/grants/DWR-Instream-Flow-Water-Purchase-Program/2023/Instream-Flow-Water-Purchase-Program-Guidelines.pdf,state,,,2024-03-31,2023-06-12,closed,Business; Individual; Nonprofit; Public Agency; Tribal Government,Agriculture; Disadvantaged Communities; Environment & Water,The WPP program shall focus on funding the acquisition of instream flows in the Sacramento-San Joaquin Delta Watershed that can be made available below the furthest downstream reservoirs.,The Instream Flow Water Purchase Program (WPP) establishes financial instruments and agreements necessary to ensure water for beneficial instream flows are made available from those with legal rights to use or dedicate water.,2026-09-29,2026-09-29,0,closed,,
ca-26786,grants.ca.gov,CA Department of Food and Agriculture,"California Fruit Tree, Nut Tree, and Grapevine Improvement Advisory Board Research Grant",https://www.cdfa.ca.gov/plant/pe/nsc/iab/,state,,,2024-04-01,2024-01-02,closed,Business; Individual; Nonprofit; Public Agency; Tribal Government,"Agriculture; Environment & Water; Science, Technology, and Research & Development",CA,"The California Fruit Tree, Nut Tree, and Grapevine Improvement Advisory Board (IAB) funds research to promote the production of fruit tree, nut tree, and grapevines resulting in improved nursery stock. The intended research should address important disease and pest problems or other cultural aspects",2026-09-29,2026-09-29,0,closed,,
ca-64491,grants.ca.gov,State Water Resources Control Board,General Fund – Water Resilience Infrastructure – Water Recycling,https://www.waterboards.ca.gov/water_issues/programs/grants_loans/water_recycling/,state,,15000000,2024-04-01,2023-06-06,closed,Nonprofit; Public Agency; Tribal Government,Environment & Water,"All community types are eligible for funding. This includes small and large communities, non-disadvantaged, disadvantaged, and severely disadvantaged communities.","Note: Due to the anticipated reduction of funding, all grant is anticipated to be committed to existing project applications.    The purpose of the General Fund grant is to provide technical and financial assistance to local agencies for the planning and construction of water recycling projects that",2026-09-29,2026-09-29,0,closed,,
ca-53715,grants.ca.gov,Department of Resources Recycling and Recovery,Farm and Ranch Solid Waste Clean Up and Abatement Grant Program FR82,https://calrecycle.ca.gov/lea/grantsloans/farmranch/,state,,,2024-04-02,2024-01-16,closed,Public Agency; Tribal Government,Agriculture; Disadvantaged Communities; Environment & Water,"Sites must be located on 'Farm and Ranch' property, defined in CCR Section 17991(d) as range or agricultural land used for activities such as, but not limited to, commercial livestock/crop production (various). The site need not have active sales or production, but shall be appropriately zoned/otherwise authorized for agricultural activities. Appurtenant easements or right-of-ways such as, but not limited to, public roads and utilities included.","The Farm & Ranch Solid Waste Clean Up & Abatement Grant program offers financial support to address the cleanup & prevention of illegal dumping on properties designated for agricultural purposes, as defined in California Code of Regulations (CCR), Section 17991(d). Each FY, there are 4 application c",2026-09-29,2026-09-29,0,closed,,
ca-58101,grants.ca.gov,CA Department of Food and Agriculture,2023-24 California Farm to School Incubator Grant Program,https://www.cdfa.ca.gov/caf2sgrant/,state,,,2024-04-04,2024-02-13,closed,Business; Nonprofit; Public Agency; Tribal Government,Agriculture; Education; Food & Nutrition,California,"The California Department of Food and Agriculture’s (CDFA) California Farm to School Incubator Grant Program will award competitive grants to support projects that cultivate equity, nurture students, build climate resilience, and create scalable and sustainable change.",2026-09-29,2026-09-29,0,closed,,
ca-59508,grants.ca.gov,Department of Health Care Access and Information,Psychiatry Education Capacity Expansion (PECE) Program 2024 – Psychiatric Mental Health Nurse Practitioner (PMHNP) Training Program,https://hcai.ca.gov/workforce/financial-assistance/grants/bhp/#peer-personnel-training-and-placement,state,,,2024-04-08,2024-03-05,closed,Public Agency,Education; Health & Human Services,Programs must be located in the state of California.,The purpose of this program is to enter into grant agreement(s) for grantee(s) to fund increased numbers of Psychiatric Mental Health Nurse Practitioners (PMHNPs) training in California.   ,2026-09-29,2026-09-29,0,closed,,
ca-59514,grants.ca.gov,Department of Health Care Access and Information,Social Work Education Capacity Expansion (SWECE) Grant Program 2024,https://hcai.ca.gov/workforce/financial-assistance/grants/bhp/#psychiatric-education-capacity-expansion-pece-psychiatry-residency-grant-program,state,,,2024-04-08,2024-03-05,closed,Public Agency,Education; Health & Human Services,Programs must be located in the state of California.,The purpose of this program is to enter into grant agreement(s) with educational institutions to develop new Bachelor of Art in Social Work (BASW) and/or Master of Social Work (MSW) programs as well as serve to expand MSW programs.,2026-09-29,2026-09-29,0,closed,,
ca-59511,grants.ca.gov,Department of Health Care Access and Information,Psychiatry Education Capacity Expansion (PECE) – Psychiatry Residency Grant Program 2024,https://hcai.ca.gov/workforce/financial-assistance/grants/bhp/,state,,,2024-04-08,2024-03-05,closed,Public Agency,Education; Health & Human Services,Programs must be located in the state of California.,The purpose of this program is to enter into grant agreement(s) for grantee(s) to train psychiatry residents and fellows in California.   ,2026-09-29,2026-09-29,0,closed,,
ca-53427,grants.ca.gov,Department of Health Care Services,Round 3: County Behavioral Health Agencies — Strategic Enhancements,https://bridgehousing.buildingcalhhs.com/county-behavioral-health-agencies/,state,,,2024-04-10,2024-01-16,closed,Public Agency,"Disadvantaged Communities; Health & Human Services; Housing, Community and Economic Development","California county BHAs with a BHBH Program contract executed under the first round of funding prior to April 10, 2024 are eligible. County BHAs must serve individuals with serious behavioral health conditions, including SMI and/or SUD, who are experiencing homelessness. Counties are encouraged to consider the specific needs of populations that are historically more impacted by housing discrimination and homelessness.","This third round of Behavioral Health Bridge Housing (BHBH) Program funding will provide $265,000,000 to county behavioral health agencies (BHAs) for use in the expanded implementation of bridge housing services for Californians experiencing homelessness who have serious behavioral health conditions",2026-09-29,2026-09-29,0,closed,,
ca-57432,grants.ca.gov,Department of Housing and Community Development,HOME American Rescue Plan Program (HOME-ARP) – Non-Tribal Applicants,https://www.hcd.ca.gov/grants-and-funding/programs-active/home-american-rescue-plan-program,state,,,2024-04-12,2024-01-23,closed,Nonprofit; Tribal Government,"Housing, Community and Economic Development","To ensure all eligible HOME-ARP Jurisdictions throughout the state have an equitable opportunity to apply for funds, the department has divided the funding into five geographic areas in California and one Tribal target. as follows: Region 1 (Northern) $8,910,000; Region 2 (Bay) $2,970,000; Region 3 (Central) $6,210,000; Region 4 (LA); $3,240,000; Region 5 (Southern) $2.970.000; Tribal $$2,700,000.",The HOME-ARP Housing Plus Support Program provides funding for service providers to provide short term financial assistance and critical services to qualifying populations who are exiting homelessness as well as to prevent vulnerable qualifying populations from losing housing.,2026-09-29,2026-09-29,0,closed,,
ca-57753,grants.ca.gov,Department of Resources Recycling and Recovery,Beverage Container Redemption Innovation Grant Program Fiscal Year 2022-23,https://www2.calrecycle.ca.gov/PublicNotices/Details/5286,state,,300003000000,2024-04-16,2024-02-06,closed,Business; Individual; Nonprofit; Public Agency; Tribal Government,Disadvantaged Communities; Environment & Water,Statewide,"The purpose of the grant is to issue up to $73,333,000 to support start-up costs for recycling programs, which shall be limited to recycling centers, mobile recycling, reverse vending machines, or bag drop programs. These funds are also available to existing recycling centers for the purpose of esta",2026-09-29,2026-09-29,0,closed,,
ca-58530,grants.ca.gov,Department of Health Care Services,Tribal Entities Request for Applications (RFA) — Round 2B,https://bridgehousing.buildingcalhhs.com/wp-content/uploads/2024/02/BHBH-Round-2B-RFA-FINAL_508.pdf,state,,,2024-04-17,2024-02-15,closed,Tribal Government,"Disadvantaged Communities; Health & Human Services; Housing, Community and Economic Development","Only eligible applicants as defined above and within the state of California are eligible to apply for this round of BHBH Program funding. This refers to eligible applicants as defined above, whether rural or urban. Applicants are encouraged to form partnerships with other organizations if appropriate, as long as the primary applicant meets the eligibility criteria. ","Through this round of BHBH Program funding, DHCS is making available more than $20 million to eligible applicants in California to operate bridge housing settings to address the immediate housing needs of individuals in tribal communities experiencing homelessness who have serious behavioral health ",2026-09-29,2026-09-29,0,closed,,
ca-59670,grants.ca.gov,Air Resources Board,Access Clean California Grant Solicitation FY 2023-2024,https://ww2.arb.ca.gov/our-work/programs/low-carbon-transportation-investments-and-air-quality-improvement-program/low,state,,5000000,2024-04-24,2024-03-08,closed,Nonprofit; Public Agency; Tribal Government,Disadvantaged Communities; Environment & Water; Transportation,"This competitive solicitation is open to federal, State, or local government entities or agencies, and California nonprofit organizations with expertise in building and maintaining key partnerships, effective outreach to underserved communities, and climate equity incentive programs. California-based non-profit organizations must at all times be registered with and in active/good standing with the California Secretary of State.",The California Air Resources Board is soliciting a Grantee to serve as the Access Clean California Administrator. The overarching purpose of this program is to increase consumer awareness of the State’s clean transportation and related clean energy incentive programs through coordinated outreach and,2026-09-29,2026-09-29,0,closed,,
ca-59523,grants.ca.gov,Department of Housing and Community Development,CDBG 2023 NOFA Amendment #1,https://www.hcd.ca.gov/grants-and-funding/programs-active/community-development-block-grant,state,,,2024-04-30,2024-03-01,closed,Public Agency,"Housing, Community and Economic Development","Funds available to the state’s non-entitlement Units of Local Government. Units of general local government are defined by HUD as political subdivisions of the state, which in California are towns, cities, and counties.","The 2023 NOFA,approximately $19 million of federal funds was made available for the Community Development Block Grant (CDBG) program only for applications from projects that remain on the wait-list established for Over-the-Counter projects after the 2019-2020 NOFA. This amendment makes another $19 m",2026-09-29,2026-09-29,0,closed,,
ca-59193,grants.ca.gov,Public Utilities Commission,Clean Energy Access Grant Account,https://www.cpuc.ca.gov/-/media/cpuc-website/divisions/news-and-outreach/documents/bco/ea-grant-documents/ea-grant-guidelines-112023.pdf,state,,,2024-04-30,2024-03-01,closed,Nonprofit; Tribal Government,"Disadvantaged Communities; Education; Employment, Labor & Training; Energy; Science, Technology, and Research & Development; Transportation",CA,The Clean Energy Access Grant Account will award grants to CBOs & Tribal organizations to help facilitate access to & the adoption of clean energy programs in their respective communities. The CEA Grant Account will provide funding to develop equity initiatives & clean energy access opportunities th,2026-09-29,2026-09-29,0,closed,,
ca-49928,grants.ca.gov,Governor's Office of Business and Economic Development,California Small Business and Nonprofit COVID-19 Supplemental Paid Sick Leave Relief Grant Program,https://caspsl.com/,state,,500050000,2024-05-01,2023-11-03,closed,Business; Individual; Nonprofit; Other Legal Entity,"Disadvantaged Communities; Employment, Labor & Training; Housing, Community and Economic Development",State of California,The Program will award funds to eligible businesses and nonprofits that have incurred costs for COVID-19 Supplemental Paid Sick Leave pursuant to Sections 248.6 and 248.7 of the Labor Code. This Program was created in accordance with California AB 152 and is administered by the California Office of ,2026-09-29,2026-09-29,0,closed,,
ca-61251,grants.ca.gov,CA Department of Veterans Affairs,CalVet Leadership Summit Facilitation Grant,https://www.calvet.ca.gov/VetServices/Pages/Veterans-Support-to-Self-Reliance.aspx,state,,150000,2024-05-02,2024-04-25,closed,Nonprofit,Veterans & Military,CalVet intends to award this CalVet Leadership Summit Facilitation Grant with a statewide scope to ensure a high quality CalVet Leadership Summit.,"In collaboration with CalVet, grantee will host the 2024 and 2025 CalVet Leadership Summit bringing together veteran and leaders across multiple relevant organizations to focus on improving the health and well-being of California's service members, veterans, and their families. The Leadership Summit",2026-09-29,2026-09-29,0,closed,,
ca-60183,grants.ca.gov,CA Department of Education,"Tier 1, Cohort T",https://www.cde.ca.gov/fg/fo/r8/tupetier1coht24rfa.asp,state,,,2024-05-03,2024-03-27,closed,Public Agency,Education,CA,"To equip California youth with knowledge and skills to live tobacco-, vape-, and nicotine-free by providing leadership and guidance for the development and implementation of school-based education, intervention, counseling, and youth development activities.",2026-09-29,2026-09-29,0,closed,,
ca-60810,grants.ca.gov,Department of Financial Protection and Innovation,CalMoneySmart 2024-26 Grant,https://dfpi.ca.gov/calmoneysmart/,state,,,2024-05-06,2024-04-09,closed,Nonprofit,"Consumer Protection; Disadvantaged Communities; Education; Housing, Community and Economic Development",CA,"The CalMoneySmart program aims to enhance financial empowerment among unbanked and underbanked Californians by funding nonprofit organizations. Through financial education and empowerment services, it seeks to reduce disparities, improve financial literacy, and foster wealth-building opportunities. ",2026-09-29,2026-09-29,0,closed,,
ca-10277,grants.ca.gov,Wildlife Conservation Board,Ecosystem Restoration and Agricultural Lands,https://wcb.ca.gov/Grants,state,,,2024-05-06,2022-05-11,closed,Nonprofit; Public Agency; Tribal Government,Environment & Water,Statewide,"The intent of the Ecosystem Restoration and Agricultural Lands program is to collaborate with the agricultural community in identifying and implementing projects that provide long-term habitat benefits for wildlife, consistent with landowner objectives, including economic sustainability, and have th",2026-09-29,2026-09-29,0,closed,,
ca-60156,grants.ca.gov,CA State Council on Development Disabilities,Cycle 47 Program Development Grants,https://scdd.ca.gov/grantinformation/,state,,,2024-05-10,2024-03-22,closed,Individual; Nonprofit; Public Agency; Tribal Government,"Disadvantaged Communities; Education; Employment, Labor & Training; Health & Human Services","The Council will award funding, on a competitive basis, to California-based agencies and organizations that represent and/or serve individuals with intellectual, developmental and/or cross-disabilities.","The State Council on Developmental Disabilities, in alignment with the goals of its 5-year state plan issues requests for proposals through Program Development Grants on a yearly basis. Successful grant projects are implemented by community-based organizations that research, develop and/or implement",2026-09-29,2026-09-29,0,closed,,
ca-57438,grants.ca.gov,Department of Housing and Community Development,HOME American Rescue Plan Program (HOME-ARP) Tribal Applicants,https://www.hcd.ca.gov/grants-and-funding/programs-active/home-american-rescue-plan-program,state,,,2024-05-17,2024-01-23,closed,Nonprofit; Tribal Government,"Housing, Community and Economic Development","To ensure all eligible HOME-ARP Jurisdictions throughout the state have an equitable opportunity to apply for funds, the department has divided the funding into five geographic areas in California and one Tribal target. as follows: Region 1 (Northern) $8,910,000; Region 2 (Bay) $2,970,000; Region 3 (Central) $6,210,000; Region 4 (LA); $3,240,000; Region 5 (Southern) $2.970.000; Tribal $$2,700,000.",The HOME-ARP Housing Plus Support Program provides funding for service providers to provide short term financial assistance and critical services to qualifying populations who are exiting homelessness as well as to prevent vulnerable qualifying populations from losing housing.,2026-09-29,2026-09-29,0,closed,,
ca-60807,grants.ca.gov,CA Natural Resources Agency,Museum Grant Program (2024),https://resources.ca.gov/-/media/CNRA-Website/Files/grants/Museum/2023-GF-MGP/MGP-GUIDELINES-2024_FINAL.pdf,state,,500001000000,2024-05-22,2024-04-08,closed,Nonprofit; Public Agency; Tribal Government,Disadvantaged Communities; Education; Libraries and Arts,Statewide,"The Museum Grant Program is intended to solicit proposals for projects that assist the California Cultural and Historical Endowment in supporting and enhancing museums that are deeply rooted in, and reflective of, previously underserved communities.",2026-09-29,2026-09-29,0,closed,,
ca-60948,grants.ca.gov,Department of Health Care Access and Information,2024-25 Golden State Social Opportunities Program,https://hcai.ca.gov/loans-scholarships-grants/golden-state-social-opportunities-program/,state,,,2024-05-24,2024-04-12,closed,Individual,Health & Human Services,A worksite must be a California-based nonprofit eligible setting. A community-based non-profit is defined as an institution based in the state of California to which contributions have been determined by the United States Internal Revenue Service to be tax-deductible pursuant to Section 501(c)(3) of Title 26 of the Internal Revenue Code. ,The Golden State Social Opportunities Program (GSSOP) increases the number of appropriately trained behavioral health professionals providing direct patient in a California-based nonprofit organization.         ,2026-09-29,2026-09-29,0,closed,,
ca-60954,grants.ca.gov,Department of Health Care Access and Information,2024-25 Wellness Coach Scholarship Program,https://hcai.ca.gov/workforce/initiatives/certified-wellness-coach/#wellness-coach-scholarship-program-wcsp,state,,,2024-05-24,2024-04-12,closed,Individual,Disadvantaged Communities; Education; Health & Human Services,Grantees must fulfill their service obligations as a Certified Wellness Coach in settings that support the behavioral health needs of children and youth aged 0-25.,The Wellness Coach Scholarship Program’s goal is to educate and train students to serve as Certified Wellness Coaches (CWC) in California.      ,2026-09-29,2026-09-29,0,closed,,
ca-61200,grants.ca.gov,Department of Health Care Services,Round 3: COVID-19 MITIGATION PROJECT,https://www.shfcenter.org/wp-content/uploads/2024/04/COVID-19_Mitigation_Project_RFA_2024_ADA-Final.pdf,state,,1200000,2024-05-29,2024-04-29,closed,Nonprofit; Public Agency; Tribal Government,Health & Human Services,CA,"The COVID-19 Mitigation Project funding opportunity will prevent, prepare for and respond to the COVID-19 public health emergency and ensure the continuity of services to support individuals connected to the behavioral health system. The project will particularly focus on people engaged in mental he",2026-09-29,2026-09-29,0,closed,,
ca-59673,grants.ca.gov,Department of Forestry and Fire Protection,California Urban and Community Forestry Inflation Reduction Act,https://www.fire.ca.gov/what-we-do/grants/urban-and-community-forestry-grants,state,,,2024-05-30,2024-04-08,closed,Nonprofit; Public Agency; Tribal Government,"Disadvantaged Communities; Employment, Labor & Training; Environment & Water","The project area must be in an ""urban area"" or ""urban cluster,"" defined by the U.S. Department of Commerce as areas with a population of 2,500 or more persons.   100% of the funds awarded through this grant opportunity must be spent on projects within urban Priority Populations, which include state-designated disadvantaged communities (DAC), low-income communities (LIC), and/or low-income households (LIH).","To help create sustainable urban forests across the state, $30.8 million in funding will be available to support urban and community forestry projects in historically disinvested urban communities throughout California. ",2026-09-29,2026-09-29,0,closed,,
ca-60453,grants.ca.gov,CA Arts Council,Arts Integration Training,https://arts.ca.gov/2024_AIT_Guidelines,state,,,2024-06-06,2024-03-28,closed,Nonprofit; Public Agency; Tribal Government,Libraries and Arts,CA,"Arts Integration Training supports nonprofit arts organizations and teaching artists to plan and deliver professional development in arts integration strategies to classroom teachers, as well as site, district, and county-level administrators. ",2026-09-29,2026-09-29,0,closed,,
ca-60459,grants.ca.gov,CA Arts Council,Impact Projects,https://arts.ca.gov/2024_Impact_Guidelines,state,,,2024-06-06,2024-03-28,closed,Nonprofit; Public Agency; Tribal Government,Libraries and Arts; Parks & Recreation,CA,"The Impact Projects grant program intends to support collaborative projects that center artists and artistic practice in responding to issues experienced by historically and systemically under-resourced communities in California at this time, including, but not limited to, social, political, and eco",2026-09-29,2026-09-29,0,closed,,
ca-60456,grants.ca.gov,CA Arts Council,Creative Youth Development,https://arts.ca.gov/2024_CYD_Guidelines,state,,,2024-06-06,2024-03-28,closed,Nonprofit; Public Agency; Tribal Government,Disadvantaged Communities; Disaster Prevention & Relief,CA,"The Creative Youth Development program is rooted in the CAC’s belief that arts learning is an essential tool for healthy human development and that it should be available to all young people throughout California, including but not limited to those whose lives have been impacted or interrupted by th",2026-09-29,2026-09-29,0,closed,,
ca-60450,grants.ca.gov,CA Arts Council,Arts Education Exposure,https://arts.ca.gov/2024_AEE_Guidelines,state,,,2024-06-06,2024-03-28,closed,Nonprofit; Public Agency; Tribal Government,Libraries and Arts; Parks & Recreation,CA,"The purpose of the Exposure program is to support attendance at high-quality performances and exhibits for students who would particularly benefit from these experiences. Students may be identified as priority communities for participation due to socio-economic status, geographic region, or other as",2026-09-29,2026-09-29,0,closed,,
ca-61098,grants.ca.gov,Board of State and Community Corrections,Proposition 47 Grant Program: Safe Neighborhoods and Schools Act Cohort 4,https://www.bscc.ca.gov/s_bsccprop47/,state,,,2024-06-10,2024-04-16,closed,Public Agency,"Disadvantaged Communities; Education; Employment, Labor & Training; Health & Human Services; Law, Justice, and Legal Services",CA,"Proposition 47 is a grant program to public agencies aimed at supporting mental health treatment, substance abuse treatment, and diversion programs for people in the criminal justice system, with an emphasis on programs that reduce recidivism of people convicted of less serious crimes, such as those",2026-09-29,2026-09-29,0,closed,,
ca-66021,grants.ca.gov,CA Energy Commission,Local Government Building Decarbonization Challenge,https://www.energy.ca.gov/solicitations/2024-03/gfo-23-403-local-government-building-decarbonization-challenge,state,,,2024-06-12,2024-05-28,closed,Public Agency,"Disadvantaged Communities; Housing, Community and Economic Development",Refer to page 12 of 53 in the solicitation manual.,"To provide grants to local governments, which will be awarded for eligible project activities including the following:  · Community building decarbonization planning.  · Municipal building decarbonization planning.  · Advancing municipal operations to support building decarbonization.  · Developing ",2026-09-29,2026-09-29,0,closed,,
ca-61149,grants.ca.gov,Department of Parks and Recreation,Arts in California Parks – Local Parks,https://artsincaliforniaparks.org/local-parks-grant-program/,state,,,2024-06-14,2024-04-18,closed,Nonprofit; Public Agency; Tribal Government,Disadvantaged Communities; Libraries and Arts; Parks & Recreation,Statewide,"Eligible projects/programs will enhance connections to local cultural history, local parks, open space or natural areas through artistic community events, programming or art installations that help to build sustainable community connections, health and well-being. The Local Parks Grants Program will",2026-09-29,2026-09-29,0,closed,,
ca-60504,grants.ca.gov,Governor's Office of Emergency Services,FY 2024-25 Physical and Digital Infrastructure Security Grant (DP) Program for Health Care Practitioners RFP,https://www.caloes.ca.gov/grant-announcement/fy-2024-25-physical-and-digital-infrastructure-security-grant-dp-program-for-health-care-practitioners-rfp/,state,,1150000,2024-06-14,2024-04-02,closed,Business; Nonprofit; Other Legal Entity; Tribal Government,Disaster Prevention & Relief,All California Counties.,The purpose of the DP Program is to provide funding for physical facility and digital security enhancements to health care practitioners providing abortion-related services and reproductive health care services throughout California that may be the target of violence and vandalism.,2026-09-29,2026-09-29,0,closed,,
ca-60510,grants.ca.gov,Governor's Office of Emergency Services,FY 2024-25 Physical and Digital Infrastructure Security Grant (DF) Program For Health Care Facilities RFP,https://www.caloes.ca.gov/grant-announcement/fy-2024-25-physical-and-digital-infrastructure-security-grant-df-program-for-health-care-facilities-rfp/,state,,1750000,2024-06-14,2024-04-02,closed,Business; Nonprofit; Other Legal Entity; Tribal Government,Disaster Prevention & Relief,All California Counties,The purpose of the DF Program is to provide funding for physical facility and digital security enhancements to health care facilities providing abortion-related services and reproductive health care services throughout California that may be the target of violence and vandalism.,2026-09-29,2026-09-29,0,closed,,
ca-61185,grants.ca.gov,CA Natural Resources Agency,Environmental Enhancement & Mitigation (2024),https://resources.ca.gov/-/media/CNRA-Website/Files/grants/EEM/2024/2024-EEM-Guidelines-Final.pdf,state,,7500001500000,2024-06-25,2024-04-23,closed,Nonprofit; Public Agency,Environment & Water; Parks & Recreation,"Statewide  North/South Split  An attempt will be made to award 40% of the total funding to projects in northern counties and 60% of the total funding to projects in southern counties. The following are defined as southern counties: San Luis Obispo, Kern, Mono, Tulare, Inyo, Santa Barbara, Ventura, Los Angeles, San Bernardino, Orange, Riverside, San Diego, and Imperial. All other counties are considered northern counties","The EEM Program is an annual program established by legislation in 1989 and amended on September 26, 2013. It offers grants to local, state, and federal governmental agencies, and nonprofit organizations for projects to mitigate the environmental impacts caused by new or modified public transportati",2026-09-29,2026-09-29,0,closed,,
ca-61194,grants.ca.gov,Department of Housing and Community Development,"Tribal Homeless Housing, Assistance and Prevention Program, Round 3",https://www.bcsh.ca.gov/calich/documents/tribal_hhap3_nofa.pdf,state,,,2024-06-28,2024-04-23,closed,Tribal Government,"Disadvantaged Communities; Health & Human Services; Housing, Community and Economic Development",Within the state of California,"The California Interagency Council on Homelessness (Cal ICH) is pleased to announce the availability of $20 million of Tribal Homeless Housing, Assistance and Prevention (Tribal HHAP) grant funding. These funds are available for California Federally Recognized Tribes and are designed to be flexible ",2026-09-29,2026-09-29,0,closed,,
ca-61287,grants.ca.gov,Department of Justice (Office of the Attorney General),Tobacco Grant Program FY 2024-25 Request for Proposals,https://oag.ca.gov/tobaccogrants,state,,,2024-06-28,2024-04-29,closed,Public Agency,"Consumer Protection; Law, Justice, and Legal Services","This grant opportunity is geographically limited to the state of California, and applicants should be able to demonstrate significant tobacco products usage within their jurisdiction.","The purpose of this grant offered through the Office of the Attorney General, California Department of Justice Tobacco Grant Program is to promote a healthier California by reducing illegal sales and marketing of cigarettes and tobacco products, including e-cigarettes, to minors and youth.",2026-09-29,2026-09-29,0,closed,,
ca-28967,grants.ca.gov,Department of Housing and Community Development,Manufactured Housing Opportunity and Revitalization (MORE),https://www.hcd.ca.gov/grants-and-funding/programs-active/manufactured-housing-opportunity-and-revitalization-program,state,,,2024-06-30,2023-05-05,closed,Nonprofit; Public Agency; Tribal Government,"Housing, Community and Economic Development",CA,"On June 30, 2022, Governor Gavin Newsom approved statutory changes to Health and Safety Code (HSC), commencing with Section 50780,which establishes the Manufactured Housing Opportunity and Revitalization (MORE) Program. The intent of this legislation is to ensure that Mobilehome Parks can continue t",2026-09-29,2026-09-29,0,closed,,
ca-61971,grants.ca.gov,Public Utilities Commission,"Equity, Engagement, and Education (EEE) Grant Account Cycle 2",https://www.cpuc.ca.gov/-/media/cpuc-website/divisions/news-and-outreach/documents/bco/ea-grant-documents/ea-grant-guidelines-112023.pdf,state,,,2024-06-30,2024-05-08,closed,Nonprofit; Other Legal Entity; Tribal Government,"Disadvantaged Communities; Disaster Prevention & Relief; Education; Employment, Labor & Training; Energy; Environment & Water; Health & Human Services; Housing, Community and Economic Development; Law, Justice, and Legal Services; Science, Technology, and Research & Development",CA,"The Equity, Engagement, and Education (EEE) Grant Account Cycle 2 will award grants up to $200,000 for the purposes of building CBO, Tribal, and community capacity to understand and engage with CPUC decision-making processes.  This will enable CBOs and Tribes to have more influence over clean energy",2026-09-29,2026-09-29,0,closed,,
ca-53472,grants.ca.gov,Public Utilities Commission,California Advanced Services Fund: Broadband Adoption Account – July 2024 Cycle,https://www.cpuc.ca.gov/industries-and-topics/internet-and-phone/california-advanced-services-fund/casf-adoption-account,state,,,2024-07-01,2024-01-03,closed,Business; Nonprofit; Public Agency,"Disadvantaged Communities; Education; Science, Technology, and Research & Development",CA,"The California Advanced Services Fund Broadband Adoption Account provides grants that will increase publicly available or after-school broadband access and digital inclusion, such as grants for digital literacy training programs and public education to communities with limited broadband adoption.",2026-09-29,2026-09-29,0,closed,,
ca-60192,grants.ca.gov,Department of Resources Recycling and Recovery,Farm and Ranch Solid Waste Clean Up and Abatement Grant Program FR83,https://calrecycle.ca.gov/lea/grantsloans/farmranch/,state,,,2024-07-09,2024-06-03,closed,Public Agency; Tribal Government,Agriculture; Disadvantaged Communities; Environment & Water,"Sites must be located on 'Farm and Ranch' property, defined in CCR Section 17991(d) as range or agricultural land used for activities such as, but not limited to, commercial livestock/crop production (various). The site need not have active sales or production, but shall be appropriately zoned/otherwise authorized for agricultural activities. Appurtenant easements or right-of-ways such as, but not limited to, public roads and utilities included.","The Farm & Ranch Solid Waste Clean Up & Abatement Grant program offers financial support to address the cleanup & prevention of illegal dumping on properties designated for agricultural purposes, as defined in California Code of Regulations (CCR), Section 17991(d). Each FY, there are 4 application c",2026-09-29,2026-09-29,0,closed,,
ca-60495,grants.ca.gov,CA Department of Veterans Affairs,California Veterans Health Initiative (CVHI) Mental Health Support Grant Program (MHSGP),https://www.calvet.ca.gov/VetServices/Pages/CVHI.aspx,state,,14000000,2024-07-12,2024-04-02,closed,Nonprofit,Disadvantaged Communities; Health & Human Services; Veterans & Military,"CalVet intends to ensure access to mental healthcare through the CVHI network by targeting 8 regions in California: North Valley, San Francisco Bay Area, Central Valley, Central Coast, Los Angeles, Inland Empire, Orange, and San Diego.  Multi-regional and statewide proposals will also be considered. A regional map can be found in the NOFA. ",The California Department of Veterans Affairs (CalVet) is announcing the availability of up to $38 million in competitive grants. Grantees will focus on prevention and early intervention efforts with the end goal of increasing access to mental health services for veterans and their families.  This i,2026-09-29,2026-09-29,0,closed,,
ca-60621,grants.ca.gov,CA Energy Commission,GFO-23-312 – Community Energy Reliability and Resilience Investment (CERRI) Program,https://www.energy.ca.gov/solicitations/2024-03/gfo-23-312-community-energy-reliability-and-resilience-investment-cerri,state,,,2024-07-12,2024-03-29,closed,Other Legal Entity,Energy,N/A,"This solicitation is part of the Community Energy Reliability & Resilience Investment (CERRI) Program, which invests in deployment projects across California that increase community energy reliability and resilience, support California’s climate and energy policies, improve energy justice and equity",2026-09-29,2026-09-29,0,closed,,
ca-70647,grants.ca.gov,CA Department of Food and Agriculture,Biologically Integrated Farming Systems,https://www.cdfa.ca.gov/oefi/opca/bifs.html,state,,999999,2024-07-26,2024-06-18,closed,Nonprofit; Public Agency; Tribal Government,Agriculture,CA,"The goal of the Biologically Integrated Farming Systems grant program is to provide outreach of innovative, biologically integrated plant-based farming systems that reduce chemical pesticide inputs. Projects from this program should demonstrate IPM-based alternative pest management options that focu",2026-09-29,2026-09-29,0,closed,,
ca-72408,grants.ca.gov,Governor's Office of Business and Economic Development,Technical Assistance Program (TAP) 2024-2025,https://calosba.ca.gov/for-calosba-partners/funding-opportunities-for-partners/,state,,,2024-08-12,2024-07-05,closed,Nonprofit,"Housing, Community and Economic Development",Eligible applicants must be located in the State of California and provide services to California's small businesses and entrepreneurs. ,This grant is ONLY open to Small Business Technical Assistance Centers.   This is NOT a grant to small businesses.  TAP seeks to expand consulting and training to small businesses entrepreneurs. Funding is for new or enhanced consulting and training services to small businesses. Applicants must prov,2026-09-29,2026-09-29,0,closed,,
ca-66246,grants.ca.gov,CA Natural Resources Agency,Youth Community Access (2024),https://resources.ca.gov/grants/youth,state,,25000300000,2024-08-14,2024-06-27,closed,Nonprofit; Public Agency; Tribal Government,Disadvantaged Communities; Education; Parks & Recreation,Statewide,"Youth Community Access is a program supporting youth access to natural and cultural resources with a focus on low-income and disadvantaged communities including, but not limited to, community education and recreational amenities to support youth substance use prevention and early intervention.",2026-09-29,2026-09-29,0,closed,,
ca-77340,grants.ca.gov,Department of Health Care Access and Information,2024 Licensed Mental Health Services Provider Education Program,https://hcai.ca.gov/loans-scholarships-grants/loan-repayment/lmhspep/,state,,,2024-08-26,2024-07-15,closed,Individual,Health & Human Services,"For a facility to qualify, it must be in an eligible geographic or site designations.   ",The licensed Mental Health Services Provider Education Program (LMH) increases the number of appropriately trained mental healthcare professionals providing direct client care in a qualified facility or area in California.,2026-09-29,2026-09-29,0,closed,,
ca-70650,grants.ca.gov,CA Department of Food and Agriculture,Proactive Integrated Pest Management Solutions,https://www.cdfa.ca.gov/oefi/opca/proactive-ipm.html,state,,100000550000,2024-08-30,2024-07-01,closed,Nonprofit; Public Agency,Agriculture,CA,The goal of CDFA's Proactive IPM Solutions program is to anticipate which exotic pests are likely to arrive in California and/or spread from isolated local populations and to develop and test low impact management strategies that can be quickly implemented if these pests become established in the st,2026-09-29,2026-09-29,0,closed,,
ca-78168,grants.ca.gov,Department of Housing and Community Development,Community Development Block Grant – Disaster Recovery Multifamily Housing Program (DR-MHP) Round One,https://www.hcd.ca.gov/grants-and-funding/disaster-recovery-and-mitigation/disaster-recovery-multifamily-housing-program-cdbg-dr-mhp,state,,,2024-09-06,2024-07-19,closed,Business; Nonprofit; Public Agency; Tribal Government,"Housing, Community and Economic Development","For the 2020 funds (DR-4558 and DR-4569), $41,086,865 will be made available for proposed developments in Santa Cruz County; $31,419,367 in Butte County; $30,210,930 in Napa, Solano and Sonoma Counties; $13,292,809 in Los Angeles and Fresno Counties; and $4,833,749 in Shasta and Siskiyou Counties.  For the $26,699,371 in 2018 funds (DR-4407), the applicant's proposed development must be in one of the cities of Malibu, Agouras Hills, or Calabasas.","Provides loans to eligible entities seeking to develop affordable multifamily rental housing in the counties of Butte, Fresno, Los Angeles, Napa, Santa Cruz, Shasta, Siskiyou, Solano, and Sonoma to aid in their recovery from the fire disasters that occurred in California in 2020, and in the cities o",2026-09-29,2026-09-29,0,closed,,
ca-79437,grants.ca.gov,CA Department of Food and Agriculture,2025 Specialty Crop Block Grant Program,https://www.cdfa.ca.gov/Specialty_Crop_Competitiveness_Grants/,state,,100000500000,2024-09-09,2024-08-12,closed,Business; Nonprofit; Public Agency; Tribal Government,"Agriculture; Disadvantaged Communities; Education; Employment, Labor & Training; Environment & Water; Food & Nutrition; Science, Technology, and Research & Development",CA,The California Department of Food and Agriculture's (CDFA) Specialty Crop Block Grant Program (SCBGP) funds projects that enhance the competitiveness of California specialty crops. The SCBGP is designed to support all sectors of California's specialty crop industry and improve the performance of Cal,2026-09-29,2026-09-29,0,closed,,
ca-78867,grants.ca.gov,Governor's Office of Business and Economic Development,California Community Reinvestment Grants Program,https://www.business.ca.gov/CalCRG,state,,6000003000000,2024-09-09,2024-08-05,closed,Nonprofit; Public Agency,"Disadvantaged Communities; Employment, Labor & Training; Health & Human Services; Housing, Community and Economic Development; Law, Justice, and Legal Services",The CalCRG program statute requires programs and services to be provided to communities disproportionately impacted by past federal and state drug policies. Applicants must provide services in one or more of the identified CalCRG eligible counties or census tracts in California.,"The CalCRG program awards grants to Local Health Departments and qualified Community-based Nonprofit Organizations to support job placement, mental health treatment, substance use disorder treatment, system navigation services, legal services to address barriers to reentry, and linkages to medical c",2026-09-29,2026-09-29,0,closed,,
ca-76545,grants.ca.gov,Department of Fish and Wildlife,Environmental Enhancement Fund – 2024,https://wildlife.ca.gov/OSPR/Science/Environmental-Enhancement-Fund/About,state,,5000005000000,2024-09-11,2024-07-17,closed,Nonprofit; Public Agency,Environment & Water; Parks & Recreation,"Projects located within or immediately adjacent to waters of the state, as defined in California Government Code (of Section 8670.3).","The objective of this grant program is to award grants to nonprofit organizations, cities, counties, cities and counties, districts, state agencies, and departments; and, to the extent permitted by federal law, to federal agencies to support environmental enhancement projects located within or immed",2026-09-29,2026-09-29,0,closed,,
ca-78705,grants.ca.gov,Department of Health Care Services,Mobile Narcotic Treatment Programs and Medication Units Round Two,https://mataccesspoints.org/news/,state,,,2024-09-13,2024-08-06,closed,Nonprofit,Health & Human Services,Must be in the State of California. ,"The primary objective of this funding opportunity is to expand the availability of MUs and MNTPs, to increase MOUD access for rural areas, justice-involved populations, Indigenous and Native communities, patients without transportation, and areas that do not have a Narcotic Treatment Program (NTP) w",2026-09-29,2026-09-29,0,closed,,
ca-144447,grants.ca.gov,Department of Alcoholic Beverage Control,ABC/OTS Alcohol Enforcement Grant 2025,https://www.abc.ca.gov/enforcement/alcohol-policing-partnership/,state,,2000040000,2024-09-15,2024-08-01,closed,Public Agency,"Law, Justice, and Legal Services",CA state wide,The Department of Alcoholic Beverage Control (ABC) will expand its efforts to achieve the ongoing goal of reducing youth access to alcohol by combining enforcement with training and educational programs. Enforcement training grants will be awarded by ABC to local law enforcement agencies. ,2026-09-29,2026-09-29,0,closed,,
ca-144615,grants.ca.gov,Department of Alcoholic Beverage Control,DUI Awareness and Underage Drinking Prevention Program 2025,https://www.abc.ca.gov/enforcement/alcohol-policing-partnership/,state,,750000,2024-09-15,2024-07-30,closed,Nonprofit,"Education; Law, Justice, and Legal Services",CA state wide,The Department of Alcoholic Beverage Control (ABC) will expand its efforts to achieve the ongoing goal of reducing youth access to alcohol by combining enforcement with training and educational programs. Enforcement training grants will be awarded by ABC to local law enforcement agencies. ,2026-09-29,2026-09-29,0,closed,,
ca-60366,grants.ca.gov,Department of Pesticide Regulation,2025 Department of Pesticide Regulation Research Grants Program,https://www.cdpr.ca.gov/docs/pestmgt/grants/research/index.htm,state,,50000500000,2024-09-19,2024-07-31,closed,Business; Individual; Nonprofit; Other Legal Entity; Public Agency; Tribal Government,"Agriculture; Animal Services; Disadvantaged Communities; Disaster Prevention & Relief; Education; Employment, Labor & Training; Environment & Water; Food & Nutrition; Housing, Community and Economic Development; Parks & Recreation; Science, Technology, and Research & Development","Work may be conducted outside of California, but justification must be provided and projects must primarily benefit the people of California. Travel outside the state of California is not reimbursable.","To promote safer, more sustainable pest management practices in California, the Department of Pesticide Regulation's (DPR) Research Grants Program provides funding to advance integrated pest management (IPM) knowledge in agricultural, urban, or wildland settings. Projects should focus on reducing im",2026-09-29,2026-09-29,0,closed,,
ca-79589,grants.ca.gov,Department of Health Care Services,Elevate Youth California: Cohort 6 Standard Track,https://elevateyouthca.org/wp-content/uploads/2024/08/EYC-R6-Standard-RFA-Final-Draft_ADA.pdf,state,,,2024-09-23,2024-08-20,closed,Nonprofit; Public Agency; Tribal Government,Disadvantaged Communities; Health & Human Services,Statewide,"Through this round of Elevate Youth California funding (Cohort 6), the Department of Health Care Services (DHCS) is making approximately $48 million available to community-based, tribal, and county behavioral health organizations throughout California to expand youth and young adult substance use pr",2026-09-29,2026-09-29,0,closed,,
ca-78639,grants.ca.gov,Governor's Office of Emergency Services,2024-25 California State Nonprofit Security Grant Program (CSNSGP),https://www.caloes.ca.gov/grant-announcement/2024-25-california-state-nonprofit-security-grant-program-csnsgp-rfp/,state,,1250000,2024-09-23,2024-07-30,closed,Nonprofit,Consumer Protection; Disaster Prevention & Relief,All California Counties,"The purpose of the CSNSGP is to provide funding support for target hardening and other physical security enhancements to nonprofit organizations that are at high risk for violent attacks and hate crimes due to ideology, beliefs, or mission.     ",2026-09-29,2026-09-29,0,closed,,
ca-41570,grants.ca.gov,Department of Resources Recycling and Recovery,Beverage Container Recycling Grant Program (FY 2024-25 and 2025-26),https://calrecycle.ca.gov/bevcontainer/grants/bevcontainer/fy2024-26/,state,,,2024-09-24,2024-08-07,closed,Nonprofit; Other Legal Entity; Public Agency; Tribal Government,"Disadvantaged Communities; Education; Environment & Water; Housing, Community and Economic Development; Parks & Recreation","California cities, counties, state agencies, and other local governmental entities.","The Department of Resources Recycling and Recovery offers the Beverage Container Recycling Grant Program pursuant to Section 14581(a)(4) of the Public Resources Code. The purpose of the grant is to issue up to $1,500,000 annually in the form of grants for beverage container recycling and litter redu",2026-09-29,2026-09-29,0,closed,,
ca-79979,grants.ca.gov,CA Department of Food and Agriculture,2024 CalAgPlate Grant Program,https://www.cdfa.ca.gov/egov/calagplate/,state,,2500153000,2024-09-25,2024-09-04,closed,Nonprofit; Public Agency; Tribal Government,"Agriculture; Education; Employment, Labor & Training; Food & Nutrition",CA,"The CalAgPlate program funds projects that support agricultural education, agricultural career awareness and development, agriculture career training, and agriculture leadership development to assist students at the kindergarten through twelfth grade (K-12), post-secondary, and adult education level",2026-09-29,2026-09-29,0,closed,,
ca-79545,grants.ca.gov,Department of Fish and Wildlife,2025 Voluntary Tax Fund Native Wildlife Rehabilitation Grant,https://wildlife.ca.gov/Grants/Wildlife-Rehab-Grants,state,,250020000,2024-09-25,2024-08-16,closed,Nonprofit,Animal Services,N/A,"The California Department of Fish and Wildlife (CDFW) has established a competitive grant  program, to support and advance the recovery and rehabilitation of injured, sick, or orphaned wildlife, and conservation education.",2026-09-29,2026-09-29,0,closed,,
ca-78684,grants.ca.gov,Governor's Office of Emergency Services,2024-25 State and Local Cybersecurity Grant – State Agency (SG) CFO,https://www.caloes.ca.gov/grant-announcement/2024-25-state-and-local-cybersecurity-grant-state-agency-sg-cfo/,state,,1250000,2024-09-27,2024-07-31,closed,Other Legal Entity; Public Agency,Consumer Protection; Disaster Prevention & Relief,Statewide,"The purpose of the SG Program is to assist agencies of the State of California address cybersecurity risks and threats to information systems, and improve security of critical infrastructure and resilience of the services these entities provide to their communities.",2026-09-29,2026-09-29,0,closed,,
ca-78672,grants.ca.gov,Governor's Office of Emergency Services,2024-25 State and Local Cybersecurity Grant – Local and Tribal (SL) CFO,https://www.caloes.ca.gov/grant-announcement/2024-25-state-and-local-cybersecurity-grant-local-and-tribal-sl-cfo/,state,,1250000,2024-09-27,2024-07-31,closed,Nonprofit; Other Legal Entity; Public Agency; Tribal Government,Disaster Prevention & Relief,Statewide,"The purpose of the SL Program is to assist local governments, including school districts and special districts, and federally recognized tribes address cybersecurity risks and threats to information systems, and improve security of critical infrastructure and resilience of the services these entitie",2026-09-29,2026-09-29,0,closed,,
ca-95678,grants.ca.gov,CA Department of Education,American Indian Education Center Tobacco-Use Prevention Education Program,https://www.cde.ca.gov/sp/ai/,state,,,2024-10-01,2024-07-31,closed,Public Agency; Tribal Government,Education,Geographic distribution will be considered when funding decisions are made.,The American Indian/Alaska Native youth are more likely to use e-cigarettes and almost twice as likely to be frequent users of e-cigarettes than high school students overall; 47.3% of American Indian/Alaska Native high school students reported past 30-day use of “electronic vapor products” including,2026-09-29,2026-09-29,0,closed,,
ca-76131,grants.ca.gov,CA Energy Commission,"GFO-23-316 – Industrial, Agriculture, and Water Demand Flexible Research and Deployment Hub (IAW FlexHub)",https://www.energy.ca.gov/solicitations/2024-07/gfo-23-316-industrial-agriculture-and-water-demand-flexible-research-and,state,,,2024-10-04,2024-07-08,closed,Business; Individual; Nonprofit; Other Legal Entity; Public Agency; Tribal Government,Energy,"No local publicly owned electric utilities and other public entities, such as national laboratories and universities.","The purpose of this solicitation is to fund a single research hub administrator who will establish the Industrial, Agricultural, and Water Research and Deployment Hub (IAW FlexHub or Hub) and convene leading research teams to demonstrate and deploy demand flexibility technology solutions for the ind",2026-09-29,2026-09-29,0,closed,,
ca-79964,grants.ca.gov,CA State Council on Development Disabilities,Cycle 47 Tribal Health Program Development Grants,https://scdd.ca.gov/grantinformation/,state,,,2024-10-08,2024-08-23,closed,Individual; Nonprofit; Public Agency; Tribal Government,Disadvantaged Communities; Health & Human Services,"The Council will award funding, on a competitive basis, to California-based agencies and organizations that represent and/or serve individuals with intellectual, developmental and/or cross-disabilities.","SCDD is seeking a grantee to actively engage with Indigenous PwI/DD and their families, Tribal health organizations, and other collaborative partners in California to provide plain language materials, outreach, and training opportunities to connect Native Americans with critical health-related suppo",2026-09-29,2026-09-29,0,closed,,
ca-78132,grants.ca.gov,Department of Resources Recycling and Recovery,Farm and Ranch Solid Waste Clean Up and Abatement Grant Program FR84,https://calrecycle.ca.gov/lea/grantsloans/farmranch/,state,,,2024-10-08,2024-08-05,closed,Public Agency; Tribal Government,Agriculture; Disadvantaged Communities; Environment & Water,"Sites must be located on 'Farm and Ranch' property, defined in CCR Section 17991(d) as range or agricultural land used for activities such as, but not limited to, commercial livestock/crop production (various). The site need not have active sales or production, but shall be appropriately zoned/otherwise authorized for agricultural activities. Appurtenant easements or right-of-ways such as, but not limited to, public roads and utilities included.","The Farm & Ranch Solid Waste Clean Up & Abatement Grant program offers financial support to address the cleanup & prevention of illegal dumping on properties designated for agricultural purposes, as defined in California Code of Regulations (CCR), Section 17991(d). Each FY, there are 4 application c",2026-09-29,2026-09-29,0,closed,,
ca-80861,grants.ca.gov,CA Department of Food and Agriculture,2025 California Nutrition Incentive Program,https://cafarmtofork.cdfa.ca.gov/cnip.html,state,,,2024-10-11,2024-09-30,closed,Business; Nonprofit,Agriculture; Disadvantaged Communities; Food & Nutrition,CA,"CDFA is seeking project proposals from eligible entities to distribute nutrition incentives to CalFresh shoppers using their benefits to purchase fresh, California grown fruits andvegetables at direct marketing outlets (Certified Farmers’ Markets, Community Supported Agriculture programs, and farm s",2026-09-29,2026-09-29,0,closed,,
ca-78174,grants.ca.gov,CA Department of Food and Agriculture,2024 Dairy Digester Research and Development Program,https://www.cdfa.ca.gov/oefi/ddrdp/docs/2024_DDRDP_Request_for_Grant_Applications.pdf,state,,,2024-10-18,2024-07-23,closed,Business; Individual; Nonprofit; Tribal Government,Agriculture; Animal Services; Energy; Environment & Water,The project site must be located on a commercial California dairy operation. Individuals and/or entities receiving grant award funds must be located in California with a physical California business address.,"The California Department of Food and Agriculture's (CDFA) Dairy Digester Research and Development Program (DDRDP), awards competitive grants to California dairy operations and digester developers for the implementation of dairy digesters that result in long-term methane emission reductions on Calif",2026-09-29,2026-09-29,0,closed,,
ca-78204,grants.ca.gov,CA Department of Food and Agriculture,2024 Alternative Manure Management Program,https://www.cdfa.ca.gov/oefi/ammp/docs/2024_AMMP_RGA.pdf,state,,,2024-10-18,2024-07-23,closed,Business; Individual; Nonprofit; Tribal Government,Agriculture; Animal Services; Environment & Water,The project site must be located on a commercial California dairy or livestock operation. Individuals and business entities receiving grant award funds must be located in California with a physical California business address.,The California Department of Food and Agriculture's (CDFA) Alternative Manure Management Program (AMMP) awards competitive grants to California dairy and livestock operations for the implementation of manure management technologies and practices other than dairy digesters that result in long-term me,2026-09-29,2026-09-29,0,closed,,
ca-78177,grants.ca.gov,CA Department of Food and Agriculture,2024 Dairy Plus Program,https://www.cdfa.ca.gov/oefi/dairyplus/,state,,,2024-10-18,2024-07-23,closed,Individual; Tribal Government,Agriculture; Animal Services; Environment & Water,"CDFA will prioritize awards to small and historically underserved producers by carving out a minimum of 10% of Dairy Plus Program funds (or approximately $7,500,000) throughout the program’s lifetime. Underserved producers generally are defined in (https://www.nrcs.usda.gov/getting-assistance/underserved-farmers-ranchers). Small farms are defined in the Partnerships for Climate-Smart Commodities Data Dictionary for Recipients).",The California Department of Food and Agriculture's (CDFA) 2024 Dairy Plus Program will award competitive grants to California dairy farms for the implementation of advanced manure management practices that address both methane emissions and nutrient surplus.,2026-09-29,2026-09-29,0,closed,,
ca-80504,grants.ca.gov,Department of Parks and Recreation,Division of Boating and Waterways Aquatic Center Boating Safety Education Grant FY24,http://dbw.parks.ca.gov/?page_id=28817,state,,162000,2024-10-25,2024-09-10,closed,Nonprofit; Public Agency,Education; Environment & Water; Parks & Recreation,Waterways within California,Provide boating safety education to the general public.,2026-09-29,2026-09-29,0,closed,,
ca-80507,grants.ca.gov,Workforce Development Board,Workforce Accelerator Fund 13,https://cwdb.ca.gov/initiatives/workforce-accelerator-fund/workforce-accelerator-fund-13/,state,,,2024-10-28,2024-09-30,closed,Nonprofit; Public Agency; Tribal Government,"Disadvantaged Communities; Education; Employment, Labor & Training; Health & Human Services; Housing, Community and Economic Development; Veterans & Military",CA,"CWDB will fund new and existing projects to design, develop, and implement innovative workforce service models that lead to quality jobs and accelerate employment and re-employment for California workers. Traditional workforce funding streams can be rigid, and Accelerator 13 funding is designed to a",2026-09-29,2026-09-29,0,closed,,
ca-80933,grants.ca.gov,Air Resources Board,Community Air Protection Program Cycle 5 Community Air Grant Request for Applications,https://ww2.arb.ca.gov/capp/cag/cycle-5-request-for-applications,state,,,2024-11-01,2024-10-17,closed,Individual; Nonprofit; Tribal Government,"Disadvantaged Communities; Education; Employment, Labor & Training; Energy; Environment & Water; Health & Human Services; Housing, Community and Economic Development; Law, Justice, and Legal Services; Science, Technology, and Research & Development","Projects must be wholly located in and benefit disadvantaged and/or low-income communities, as identified pursuant to California Health and Safety Code sections 39711 and 39713 (added and amended by Senate Bill 535 and AB 1550), or on Tribal lands.  Specific project census tract location(s) must be included in the application narrative.  CARB’s priority population investments mapping tool may be utilized for location identification purposes.","Community Air Grants (CAGs) build community capacity, improve air quality at the local scale, and support community participation in the Community Air Protection Program (Program), whose mission is to reduce harmful air pollution emissions and exposures to communities most impacted by poor air quali",2026-09-29,2026-09-29,0,closed,,
ca-79958,grants.ca.gov,Coastal Commission,WHALE TAIL® Grant 2024,https://www.coastal.ca.gov/whaletailgrant,state,,150000,2024-11-04,2024-08-22,closed,Nonprofit; Public Agency; Tribal Government,Disadvantaged Communities; Education; Environment & Water,"Grant projects must engage audiences within California, with a priority for communities that have historically received fewer opportunities for coastal and marine education and stewardship.","WHALE TAIL® Grants help people connect to the California coast and its watersheds through experiential education, stewardship, and outdoor experiences. WHALE TAIL® Grants focus on reaching communities that have historically received fewer marine education and stewardship opportunities, and can engag",2026-09-29,2026-09-29,0,closed,,
ca-78219,grants.ca.gov,Department of Resources Recycling and Recovery,Beverage Container Quality Infrastructure Grant Program (FY 2022-23),https://calrecycle.ca.gov/bevcontainer/grants/qig/fy202223/,state,,100000010000000,2024-11-05,2024-09-24,closed,Business; Nonprofit; Public Agency; Tribal Government,Environment & Water,All projects must be located within the State of California. MRFs will be required to identify the curbside program they sort for and the certified Processors to whom the curbside will supply materials. All grant recipients will need to provide the Department with a disposition of the materials (e.g. a flow chart).,"The Department of Resources Recycling and Recovery (CalRecycle) was appropriated $50,000,000 from the California Beverage Container Recycling Fund to support the Beverage Container Quality Infrastructure Grant Program. The fundamental goal of the Program is to provide infrastructure costs related to",2026-09-29,2026-09-29,0,closed,,
ca-80543,grants.ca.gov,Department of Public Health,Ending California’s Tobacco Epidemic in Every Community,https://tcfor.catcp.org,state,,,2024-11-08,2024-09-13,closed,Nonprofit,Health & Human Services,CA,"Fund up to 43 projects to accelerate momentum toward ending CA's tobacco epidemic through policy, system, and environmental change strategies by increasing community engagement within populations disproportionately targeted by the tobacco industry. Priority populations include the following populati",2026-09-29,2026-09-29,0,closed,,
ca-80879,grants.ca.gov,Workforce Development Board,High Road Training Partnerships 2024-25 Healthcare Grant Program,https://cwdb.ca.gov/initiatives/high-road-training-partnerships/hrtp-hc-2024-25-grant-program/,state,,,2024-11-12,2024-10-14,closed,Business; Individual; Nonprofit; Tribal Government,"Disadvantaged Communities; Education; Employment, Labor & Training; Health & Human Services; Veterans & Military",Statewide,"The California Workforce Development Board (CWDB) and the California Labor and Workforce Development Agency (LWDA) are pleased to announce up to $28,500,000 in available grant funding for the High Road Training Partnerships 2024-25 Healthcare Grant Program (HRTP HC), a California Jobs First initiati",2026-09-29,2026-09-29,0,closed,,
ca-76128,grants.ca.gov,Employment Development Department,"Opportunity Young Adult (OYA) Career Pathway Program, Evaluation and Technical Assistance (ETA) Solicitation for Proposals for Program Year 2024-25 (PY 24-25)",https://edd.ca.gov/en/jobs_and_training/WDSFP_Workforce_Development_Solicitations_for_Proposals,state,,1700000,2024-11-15,2024-10-17,closed,Nonprofit; Public Agency,"Disadvantaged Communities; Employment, Labor & Training; Health & Human Services","This grant will support the organizations that were awarded program grants under OYACPP PY 23-24 in the service of the following counties:  Alameda, Contra Costa, Los Angeles, Riverside, Sacramento, San Bernardino, San Diego, San Francisco, Santa Clara, Ventura.","The OYA ETA PY 24-25 awardee will assist the OYA Career Pathway Program PY 23-24 ""OYACPP awardees"" with the continued support to design and implement projects that focus on creating pathways to success that test and demonstrate program strategies to improve employment outcomes and reduce persistent ",2026-09-29,2026-09-29,0,closed,,
ca-82226,grants.ca.gov,CA Department of Food and Agriculture,Vertebrate Pest Control Research Program,https://www.cdfa.ca.gov/plant/IPC/vertebrates/docs/2024_Vertebrate_Pest_Control_Proposal_Submittal_Requirements.pdf,state,,,2024-11-18,2024-11-06,closed,Individual; Nonprofit; Public Agency,"Agriculture; Science, Technology, and Research & Development",Statewide ,"Proposals may focus on research and/or education projects to enhance control measures of vertebrate pests that pose a significant threat to the welfare of state’s agricultural economy, infrastructure, environment, and the public.  CDFA does not support proprietary product development projects.  Prop",2026-09-29,2026-09-29,0,closed,,
ca-80768,grants.ca.gov,CA State Library,Lunch at the Library Summer 2025,https://www.library.ca.gov/services/to-libraries/lunch/application-instructions/,state,,,2024-11-19,2024-09-25,closed,Nonprofit; Public Agency,Disadvantaged Communities; Food & Nutrition; Libraries and Arts,California public libraries only.,Funds and support are available for all California public libraries that help to provide USDA summer meals for children and youth.  The Lunch at the Library program helps California public libraries to establish library locations as U.S Department of Agriculture (USDA) summer meal sites and take pop,2026-09-29,2026-09-29,0,closed,,
ca-78186,grants.ca.gov,Department of Pesticide Regulation,2025 Department of Pesticide Regulation Alliance Grants Program,https://www.cdpr.ca.gov/docs/pestmgt/grants/alliance/index.htm,state,,50000400000,2024-11-21,2024-07-31,closed,Business; Individual; Nonprofit; Other Legal Entity; Public Agency; Tribal Government,"Agriculture; Disadvantaged Communities; Education; Employment, Labor & Training; Environment & Water; Food & Nutrition; Health & Human Services; Housing, Community and Economic Development; Parks & Recreation; Science, Technology, and Research & Development","Work may be conducted outside of California, but justification must be provided and projects must primarily benefit the people of California. Travel outside the state of California is not reimbursable.","To promote safer, more sustainable pest management practices in California, the Department of Pesticide Regulation (DPR) annually funds Alliance projects that promote or increase the implementation, expansion, and/or adoption of effective, proven, and affordable integrated pest management (IPM) syst",2026-09-29,2026-09-29,0,closed,,
ca-81803,grants.ca.gov,Department of Health Care Services,Hub and Spoke System (H&SS) SOR IV Request for Applications (RFA),https://cahubandspoke.com/wp-content/uploads/2024/10/D5_HSS-SOR-IV.RFA_.10.21.2024.Final_508.docx,state,,,2024-11-22,2024-10-23,closed,Nonprofit; Public Agency; Tribal Government,Health & Human Services,CA,"The California’s State Opioid Response (SOR) IV grant supports the California Department of Health Care Services (DHCS) Opioid Response Project, which aims to address the opioid and stimulant use disorder crises by improving access to treatment, reducing unmet treatment needs, and reducing opioid an",2026-09-29,2026-09-29,0,closed,,
ca-78222,grants.ca.gov,Department of Water Resources,Urban Streams Restoration Program,https://water.ca.gov/Programs/Integrated-Regional-Water-Management/Riverine-Stewardship-Program/Riverine-Stewardship-Grants,state,,,2024-11-29,2024-08-01,closed,Nonprofit; Public Agency; Tribal Government,Disadvantaged Communities; Environment & Water,The geographic scope of the USRP is statewide,"The Urban Streams Restoration Program (USRP), established by Water Code section 7048 which declared that urban creek protection, restoration, and enhancement are best undertaken by local agencies and organizations with assistance from the State. The USRP funds projects and provides technical assista",2026-09-29,2026-09-29,0,closed,,
ca-82163,grants.ca.gov,CA Department of Food and Agriculture,2025 Pet Lover's Spay and Neuter Grant Program,https://www.cdfa.ca.gov/SpayNeuter/,state,,2500050000,2024-12-02,2024-11-05,closed,Nonprofit; Public Agency,Animal Services,CA,"The purpose of this program is to help stop pet overpopulation in California by providing funds for spay/neuter services to municipalities and non-profit organizations in California.  This program is funded by the Pet Lover’s License Plate Program, from the sale and renewal of the specailty license ",2026-09-29,2026-09-29,0,closed,,
ca-81653,grants.ca.gov,Department of Health Care Services,"Reducing Overdose Deaths in California through Prevention, Treatment and Harm Reduction Strategies led by Multi-Sector Coalitions",https://nopn.org/california/sor-iv-rfa,state,,,2024-12-06,2024-10-22,closed,Nonprofit; Public Agency,Health & Human Services,CA,"The California Overdose Prevention Network (COPN), based at the PHI Center for Health Leadership and Impact (CHLI), is pleased to release this Request for Applications (RFA) funded by the California Department of Health Care Services (DHCS).",2026-09-29,2026-09-29,0,closed,,
ca-79583,grants.ca.gov,Employment Development Department,Farmworker Advancement Program (FAP) Technical Assistance (TA) and Developmental Evaluation (DE) Solicitation for Proposals (SFP) for Program Year 2024-25 (PY 24-25),https://edd.ca.gov/en/jobs_and_training/WDSFP_Workforce_Development_Solicitations_for_Proposals,state,,1000000,2024-12-09,2024-11-05,closed,Nonprofit; Public Agency,"Agriculture; Disadvantaged Communities; Employment, Labor & Training",The FAP TA DE awardee must work with each FAP program awardee to determine the specific demographics and needs of the farmworkers in each of their service areas.  The FAP TA DE provider should be prepared to offer support and resources tailored to the unique needs and challenges of this population.  ,The FAP TA DE awardee will assist the FAP program awardees with the continued development and refinement of projects that focus exclusively on farmworker needs at a regional level by offering essential skills and upskilling training to either advance in the agricultural industry and/or prepare for a,2026-09-29,2026-09-29,0,closed,,
ca-79580,grants.ca.gov,Employment Development Department,Farmworkers Advancement Program (FAP) Grant for Program Year 2024-25 (PY 24-25),https://edd.ca.gov/en/jobs_and_training/wdsfp_workforce_development_solicitations_for_proposals,state,,350000500000,2024-12-09,2024-11-04,closed,Nonprofit; Public Agency; Tribal Government,"Agriculture; Disadvantaged Communities; Employment, Labor & Training",Target regions were identified. Region 1 will serve farmworkers living in a county in the San Joaquin Valley and/or a Northern California county. Region 2 will serve farmworkers living in the Coastal and/or a Southern California county. Applicants can serve participants in any of the regions and/or counties if the need for services is supported and outlined in the proposal.,"The goal of this grant is to research, design, and implement projects that focus exclusively on farmworker needs at a regional level by offering essential skills and upskilling training for farmworkers to either advance in the agricultural industry and/or prepare for advancement outside of the agric",2026-09-29,2026-09-29,0,closed,,
ca-83996,grants.ca.gov,CA Department of Veterans Affairs,California Veterans Health Initiative (CVHI) Mental Health Support Grant Program (MHSGP) Round 2 – Central Valley and Central Coast,https://www.calvet.ca.gov/VetServices/Pages/CVHI.aspx,state,,14000000,2024-12-13,2024-11-25,closed,Nonprofit,Disadvantaged Communities; Health & Human Services; Veterans & Military,"In Round 2, CalVet will prioritize two major regions in California, the Central Valley and the Central Coast. The Central Valley encompasses Stanislaus, Merced, Mariposa, Madera, Fresno, Kings, Tulare, and Kern Counties, while the Central Coast includes San Benito, Santa Cruz, Monterey, San Luis Obispo, and Santa Barbara Counties. To be eligible, applicants must be physically located within one of these counties to apply.   ",CalVet is offering up to $5 million in competitive grants for applicants in California's Central Valley and Central Coast. Round 2 of the California Veterans Health Initiative Mental Health Support Grant Program focuses on improving veterans' and their families' access to mental health services thro,2026-09-29,2026-09-29,0,closed,,
ca-81275,grants.ca.gov,CA Energy Commission,"GFO-24-303 – Direct Air Capture Research, Demonstration, and Community Engagement",https://www.energy.ca.gov/solicitations/2024-10/gfo-24-303-direct-air-capture-research-demonstration-and-community-engagement,state,,,2024-12-13,2024-10-21,closed,Business; Individual; Nonprofit; Other Legal Entity; Public Agency; Tribal Government,Energy,CA,"The purpose of this solicitation is to advance the technical, economic, and environmental viability of innovative DAC technologies to meet the state’s carbon neutrality goals. This can include testing, piloting, and demonstrating advanced technologies, coupled with active community engagement, benef",2026-09-29,2026-09-29,0,closed,,
ca-77973,grants.ca.gov,Department of Health Care Services,Behavioral Health Infrastructure Bond Act of 2024: Behavioral Health Continuum Infrastructure Program Round 1: Launch Ready,https://www.infrastructure.buildingcalhhs.com/wp-content/uploads/2024/07/bond_bhcip_round1_rfa_508.pdf,state,,,2024-12-13,2024-07-17,closed,Business; Nonprofit; Public Agency; Tribal Government,Health & Human Services,Bond BHCIP funding will allow eligible entities in all regions of the state.   *Refer to the RFA for more eligibility requirements.,"Passed in March 2024, Proposition 1 includes Behavioral Health Services Act (SB 326) and the Behavioral Health Infrastructure Bond Act of 2024 (BHIBA) (AB 531). BHIBA is a $6.38B general obligation bond to develop behavioral health treatment facilities and supportive housing for individuals experien",2026-09-29,2026-09-29,0,closed,,
ca-82412,grants.ca.gov,CA Department of Food and Agriculture,2025 Fertilizer Research and Education Program Grant Cycle,https://www.cdfa.ca.gov/is/ffldrs/frep/competitivegrantprogram.html,state,,75000300000,2024-12-16,2024-11-07,closed,Business; Individual; Nonprofit; Other Legal Entity; Public Agency; Tribal Government,Agriculture,CA,FREP’s competitive grant program funds proposals that advance fertilization and irrigation practices and minimize environmental impacts of fertilizing materials. The 2025 request for pre-proposals (RFP) includes several initiatives put forth by the department to help effectively manage irrigation wa,2026-09-29,2026-09-29,0,closed,,
ca-82001,grants.ca.gov,CA Department of Food and Agriculture,"2025 CNIP Expansion – WIC, WIC Farmers’ Market Nutrition Program and Senior Farmers’ Market Nutrition Program",https://cafarmtofork.cdfa.ca.gov/cnip.html,state,,,2024-12-16,2024-11-05,closed,Business; Nonprofit,Agriculture; Disadvantaged Communities; Food & Nutrition,Applicants live or do business in California,"CNIP Expansion was established to encourage the purchase and consumption of healthy, California-grown fresh fruits, vegetables, and nuts by nutrition benefit clients, including WIC, WIC FMNP, and SFMNP clients.",2026-09-29,2026-09-29,0,closed,,
ca-79494,grants.ca.gov,Department of Resources Recycling and Recovery,Reusable Beverage Containers Infrastructure Grant Program (FY 2022-23),https://calrecycle.ca.gov/bevcontainer/grants/rbi/fy202023/,state,,300000023750000,2024-12-19,2024-11-01,closed,Business; Nonprofit; Public Agency; Tribal Government,Environment & Water,"Projects must be located within California and service California-located businesses.  Applicants will be required to identify the location selected prior to award.  Applicants must provide a timeline and supporting documentation for obtaining permits in the form of a letter from the appropriate City, County, or State Agency.","The Department of Resources Recycling and Recovery (CalRecycle) received an appropriation of $25,000,000 from AB 179 Budget Act of 2022 to support a deposit-return system for reusable beverage containers consistent with Section 14539 of the Public Resources Code. ",2026-09-29,2026-09-29,0,closed,,
ca-51558,grants.ca.gov,Department of Fish and Wildlife,2023-2024 Natural Community Conservation Planning 30×30 Grant Program,https://wildlife.ca.gov/Conservation/Planning/NCCP/Grants,state,,,2024-12-31,2023-12-05,closed,Nonprofit; Public Agency; Tribal Government,Environment & Water,Proposals must address the highest priority tasks associated with the implementation of approved NCCPs and/or HCPs in California. Projects may occur on state or federal lands.,"The Natural Community Conservation Planning Local Assistance Grant (NCCP LAG) Program and the 30x30 Grant Program are intended to assist local public and non-profit entities with the highest priority tasks needed to implement NCCPs, and for projects associated with the planning and implementation of",2026-09-29,2026-09-29,0,closed,,
ca-144519,grants.ca.gov,Department of Alcoholic Beverage Control,DUI Awareness and Underage Drinking Prevention Program 2026,https://www.abc.ca.gov/enforcement/alcohol-policing-partnership/,state,,750000,2025-01-01,2024-09-30,closed,Nonprofit,"Education; Law, Justice, and Legal Services",CA state wide,The Department of Alcoholic Beverage Control (ABC) will expand its efforts to achieve the ongoing goal of reducing youth access to alcohol by combining enforcement with training and educational programs. Enforcement training grants will be awarded by ABC to local law enforcement agencies. ,2026-09-29,2026-09-29,0,closed,,
ca-75993,grants.ca.gov,Public Utilities Commission,California Advanced Services Fund: Broadband Adoption Account – January 2025 Cycle,https://www.cpuc.ca.gov/industries-and-topics/internet-and-phone/california-advanced-services-fund/casf-adoption-account,state,,,2025-01-01,2024-07-02,closed,Business; Nonprofit; Public Agency,"Disadvantaged Communities; Education; Science, Technology, and Research & Development",CA,"The California Advanced Services Fund Broadband Adoption Account provides grants that will increase publicly available or after-school broadband access and digital inclusion, such as grants for digital literacy training programs and public education to communities with limited broadband adoption.",2026-09-29,2026-09-29,0,closed,,
ca-81284,grants.ca.gov,Department of Resources Recycling and Recovery,Farm and Ranch Solid Waste Clean Up and Abatement Grant Program FR85,https://calrecycle.ca.gov/lea/grantsloans/farmranch/,state,,,2025-01-09,2024-10-09,closed,Public Agency; Tribal Government,Agriculture; Disadvantaged Communities; Environment & Water,"Sites must be located on 'Farm and Ranch' property, defined in CCR Section 17991(d) as range or agricultural land used for activities such as, but not limited to, commercial livestock/crop production (various). The site need not have active sales or production, but shall be appropriately zoned/otherwise authorized for agricultural activities. Appurtenant easements or right-of-ways such as, but not limited to, public roads and utilities included.","The Farm & Ranch Solid Waste Clean Up & Abatement Grant program offers financial support to address the cleanup & prevention of illegal dumping on properties designated for agricultural purposes, as defined in California Code of Regulations (CCR), Section 17991(d). Each FY, there are 4 application c",2026-09-29,2026-09-29,0,closed,,
ca-85064,grants.ca.gov,CA Department of Education,After School Education and Safety Grant,https://www.cde.ca.gov/ls/ex/fundingop.asp,state,,50000205000,2025-01-15,2024-12-15,closed,Public Agency,Education,CA,"The purpose of the After School Education and Safety Program is to create incentives for establishing locally-driven Expanded Learning programs, including after school programs that partner with public schools and communities to provide academic and literacy support, and safe, constructive alternati",2026-09-29,2026-09-29,0,closed,,
ca-66024,grants.ca.gov,Department of Toxic Substances Control,Technical Assistance Grant (TAG),https://dtsc.ca.gov/tag/,state,,40000150000,2025-01-15,2024-01-15,closed,Nonprofit; Tribal Government,Disadvantaged Communities; Environment & Water,Site is in the State of California,DTSC’s Cleanup in Vulnerable Communities Initiative Technical Assistance Grant (TAG) will provide approximately $1.5 million in grant funding to California community organizations to engage in the cleanup process of contaminated properties in their communities.,2026-09-29,2026-09-29,0,closed,,
ca-83045,grants.ca.gov,Department of Industrial Relations,California Workplace Outreach Project (CWOP) Program Year (PY) 2025-27,https://www.dir.ca.gov/outreach/cwop/,state,,200000500000,2025-01-20,2024-11-21,closed,Nonprofit; Other Legal Entity; Public Agency,"Agriculture; Disadvantaged Communities; Disaster Prevention & Relief; Employment, Labor & Training; Environment & Water; Health & Human Services; Housing, Community and Economic Development; Law, Justice, and Legal Services"," Applicants will identify the counties they will conduct outreach in, those counties will make up 11 Regions for CWOP. Some Regions will be classified as having an intended statewide reach. The grant fund should be spent in the county where the outreach will be conducted. Some Regions have specific disadvantaged target populations they are serving.","The objective of this iteration of CWOP is to build upon lessons learned and successes achieved in previous iterations, with a renewed focus on fostering an informed, safe, and healthy workplace culture across California. This initiative aims to not only educate but also to inspire action and change",2026-09-29,2026-09-29,0,closed,,
ca-83051,grants.ca.gov,Department of Fish and Wildlife,California State Duck Stamp Project Solicitation FY 2025-26,https://wildlife.ca.gov/Grants/Duck-Stamp,state,,,2025-01-22,2024-11-18,closed,Nonprofit; Public Agency,"Environment & Water; Science, Technology, and Research & Development",California and occurring on state and federal lands.,"The goals of the Stamp Project, as described in legislation, are to protect, preserve, restore, enhance, and develop migratory waterfowl breeding and wintering habitat, evaluate habitat projects, and conduct waterfowl resource assessments and other waterfowl related research. To achieve these goals ",2026-09-29,2026-09-29,0,closed,,
ca-83075,grants.ca.gov,Victim Compensation Board,Trauma Recovery Center Grant Fiscal Year 25/26,https://victims.ca.gov/board/grant-opportunities/,state,,,2025-01-24,2024-12-04,closed,Business; Individual; Nonprofit; Public Agency; Tribal Government,Disadvantaged Communities; Health & Human Services,Statewide,The Trauma Recovery Center Grant funds centers throughout California that assist victims of violent crime. These centers provide wrap-around services and assist victims who are typically unserved and underserved communities. ,2026-09-29,2026-09-29,0,closed,,
ca-85151,grants.ca.gov,Department of Housing and Community Development,2024 Homeownership Super NOFA,https://www.hcd.ca.gov/grants-and-funding/programs-active/homeownership-super-nofa,state,,,2025-01-30,2024-12-13,closed,Nonprofit; Public Agency; Tribal Government,"Housing, Community and Economic Development",A Local Public Entity that is not a Tribal Entity shall only be eligible to apply for an Award Program funds for a Local Program or project located within its jurisdictional boundaries.,"This funding provides Loans and Grants to Local Public Entities and Nonprofits for Homeownership Development Projects, Self-Help Technical Assistance Projects, Mortgage Assistance Programs, Owner-Occupied Rehabilitation Programs, ADU/JADU Programs, Shared Housing Programs and Programs for the Acquis",2026-09-29,2026-09-29,0,closed,,
ca-84401,grants.ca.gov,CA Department of Food and Agriculture,CDFA Pierce's Disease and Glassy-winged Sharpshooter Board Research and Outreach Program,https://www.cdfa.ca.gov/pdcp/grants/,state,,,2025-01-31,2024-12-02,closed,Individual; Nonprofit; Public Agency; Tribal Government,"Agriculture; Environment & Water; Food & Nutrition; Science, Technology, and Research & Development",CA,"The California Department of Food and Agriculture's Pierce's Disease and Glassy-winged Sharpshooter Board (CDFA PD/GWSS Board) provides funding support to research and outreach projects focused on protecting vineyards, preventing the spread of pests and diseases, and delivering practical and sustain",2026-09-29,2026-09-29,0,closed,,
ca-62154,grants.ca.gov,Department of Conservation,2023-24 (Round 10) Sustainable Agricultural Lands Conservation Program (SALC) Agricultural Conservation Acquisition Grants,https://www.conservation.ca.gov/dlrp/grant-programs/SALCP,state,,,2025-01-31,2024-10-31,closed,Nonprofit; Public Agency; Tribal Government,Agriculture; Environment & Water,State of California,"Permanently protect croplands, rangelands, and lands utilized for the cultivation of traditional resources from conversion to non-agricultural uses.​ Protecting these lands promotes smart growth within existing jurisdictions, ensures open space remains available, and supports healthy agricultural an",2026-09-29,2026-09-29,0,closed,,
ca-62157,grants.ca.gov,Department of Conservation,2023-24 (Round 10) Sustainable Agricultural Lands Conservation Program (SALC) Land Use Planning Grants,https://www.conservation.ca.gov/dlrp/grant-programs/SALCP,state,,,2025-01-31,2024-10-31,closed,Nonprofit; Public Agency; Tribal Government,Agriculture; Environment & Water,State of California,"To protect critical agricultural lands, to support infill & compact development, and to avoid increases in the greenhouse gas emissions associated with the conversion of agricultural land to non-agricultural uses. Planning grants support the development of local and regional land use policies and ec",2026-09-29,2026-09-29,0,closed,,
ca-85715,grants.ca.gov,CA Department of Food and Agriculture,2025 WMA Grant Program (WMAGP),https://www.cdfa.ca.gov/plant/IPC/pdf/WMA-24-001_2025_WMAGP_RFP.pdf,state,,120000,2025-02-28,2024-12-20,closed,Other Legal Entity,Agriculture; Environment & Water,"The project site must be located within the state of California, and related to the WMA's geographic location. ","The California Department of Food and Agriculture's (CDFA) 2025 Weed Management Area Grant Program (WMAGP) will award grants to eligible applicants within the State of California to establish, develop and maintain Weed Management Areas (WMAs) and implement the WMAs integrated weed management plan. T",2026-09-29,2026-09-29,0,closed,,
ca-81143,grants.ca.gov,Employment Development Department,Employment Social Enterprise (ESE) Program Year 2024-25 (PY 24-25),https://edd.ca.gov/en/jobs_and_training/WDSFP_Workforce_Development_Solicitations_for_Proposals,state,,5000002000000,2025-02-28,2024-12-27,closed,Business; Nonprofit; Public Agency,"Disadvantaged Communities; Employment, Labor & Training","Applicants to the ESE Program PY 24-25 may serve disconnected young adults, justice-involved individuals, people with disabilities, long-term unemployed, older individuals, English Language Learners, and veterans in disadvantaged communities across the State of California.","The ESE PY 24-25 grant competition solicits a second round of proposals to design, develop, and implement programs that will focus on the first step to transitioning participants into the workforce by placing individuals into employment, typically in a supported employment setting, to help them earn",2026-09-29,2026-09-29,0,closed,,
ca-85316,grants.ca.gov,Governor's Office of Business and Economic Development,California STEP Grant – Y11 Round 2,https://export.business.ca.gov/wp-content/uploads/STEP-Program-Guidelines.pdf,state,,50010000,2025-02-28,2024-12-18,closed,Business,"Agriculture; Energy; Environment & Water; Food & Nutrition; Science, Technology, and Research & Development","Must be organized or incorporated in the United States of America; Must have significant business operations in California. (Substantial presence in terms of workforce, facilities, and economic impact within that state); Must be registered to do business in the State of California and have a good standing with regulatory agencies; GO-Biz will assess the operating status of a company based on the business type:  See detailed eligibility.",The California State Expansion Program (STEP) grant offers financial assistance to eligible California small businesses seeking to expand into foreign markets through STEP Events and Export Vouchers. ,2026-09-29,2026-09-29,0,closed,,
ca-86477,grants.ca.gov,CA State Library,2025 – 2026 LSTA Community Impact Grants,https://www.library.ca.gov/services/to-libraries/local-and-collaborative/,state,,10000250000,2025-03-01,2025-01-10,closed,Individual; Nonprofit,Disadvantaged Communities; Libraries and Arts,Grant opportunity is limited to California.,The California State Library’s LSTA Community Impact grants opportunity helps California’s libraries respond effectively to local needs and align services with local community aspirations; support experimentation and research and development in California’s libraries; and provide training and suppor,2026-09-29,2026-09-29,0,closed,,
ca-84980,grants.ca.gov,Board of State and Community Corrections,Adult Reentry Grant (ARG) Cohort 4,https://www.bscc.ca.gov/s_argrant/,state,,,2025-03-03,2024-12-06,closed,Nonprofit,"Disadvantaged Communities; Education; Employment, Labor & Training; Food & Nutrition; Health & Human Services; Housing, Community and Economic Development; Transportation",CA,"The ARG Program provides funding for community-based organizations to support individuals formerly incarcerated in state prison. ARG was established in the 2018 Budget Act (Senate Bill 840, Chapter 29, Statutes of 2018) and receives annual appropriations through the Budget Acts.",2026-09-29,2026-09-29,0,closed,,
ca-81149,grants.ca.gov,Employment Development Department,Employment Social Enterprise (ESE) Technical Assistance (TA) Program Year 2024-25 (PY 24-25),https://edd.ca.gov/en/jobs_and_training/WDSFP_Workforce_Development_Solicitations_for_Proposals,state,,1000000,2025-03-04,2025-01-22,closed,Nonprofit; Public Agency,"Disadvantaged Communities; Employment, Labor & Training","Applicants to the ESE TA PY 24-25 must be organizations with the capacity, relationships, and expertise to deliver technical assistance to projects that serve disconnected young adults, justice-involved individuals, people with disabilities, and veterans in disadvantaged communities across the State of California.",The ESE TA PY 24-25 awardee will be responsible for providing meaningful technical assistance to ESE PY 24-25 program awardees as they plan and implement social enterprise projects that accelerate outcomes for underserved populations facing barriers to employment. The ESE TA grant intends to fund an,2026-09-29,2026-09-29,0,closed,,
ca-86489,grants.ca.gov,CA State Library,Teens Succeed,https://www.library.ca.gov/grants/,state,,5000075000,2025-03-12,2025-01-09,closed,Nonprofit; Public Agency,Education; Health & Human Services; Libraries and Arts,This opportunity is open to eligible organizations in the State of California,"The California State Library’s LSTA grant opportunities:  Support improvement, innovation, and experimentation in library services;  Build capacity among the California library community in grant-writing and grant management; and Help California’s local libraries develop services that effectively re",2026-09-29,2026-09-29,0,closed,,
ca-86474,grants.ca.gov,CA State Library,2025-2026 Sustainable California Libraries,https://www.library.ca.gov/grants/,state,,1000075000,2025-03-12,2025-01-09,closed,Public Agency,Education; Energy; Environment & Water; Food & Nutrition; Libraries and Arts,This opportunity is open to Public Libraries within the State of California.,"The California State Library’s LSTA grant opportunities:  Support improvement, innovation, and experimentation in library services;  Build capacity among the California library community in grant-writing and grant management; and Help California’s local libraries develop services that effectively re",2026-09-29,2026-09-29,0,closed,,
ca-87497,grants.ca.gov,Department of Industrial Relations,Equal Representation in Construction Apprenticeship (ERiCA) Grant Round 2,https://www.dir.ca.gov/DAS/Grants/ERICA.html,state,,,2025-03-12,2025-02-04,closed,Nonprofit; Public Agency,"Employment, Labor & Training",ALL OF CALIFORNIA,"ERiCA is funding designed to increase equitable access to building & construction career pathways for women, non-binary individuals, and underrepresented populations in CA. Administered by the California Department of Industrial Relations Division of Apprenticeship Standards, the ERiCA is dedicated ",2026-09-29,2026-09-29,0,closed,,
ca-95666,grants.ca.gov,CA Department of Education,Foster Youth Services Coordinating Program Technical Assistance Provider,https://www.cde.ca.gov/fg/fo/profile.asp?id=6363,state,,1620300,2025-03-14,2024-10-18,closed,Nonprofit; Public Agency; Tribal Government,Education,N/A,"The California Department of Education (CDE), in accordance with Education Code Section 42926, has been directed to select a FYSCP TAP to administer the county FYSCPs for the 2025-2028 cycle. The FYSCP TAP receives annually five percent of the Foster Youth Budget Act authority. These funds are issue",2026-09-29,2026-09-29,0,closed,,
ca-87473,grants.ca.gov,CA Department of Education,2025-26 School Breakfast Program and Summer Meals Start-Up and Expansion Grants,https://www.cde.ca.gov/fg/fo/r9/sbsm25rfa.asp,state,,150000,2025-03-17,2025-01-14,closed,Public Agency,Food & Nutrition,CA,"The intent of the grant is for the California Department of Education (CDE) to award competitive grants of up to $15,000 per school site for nonrecurring expenses incurred when initiating or expanding an SBP or SMP. The following types of grants are available:  Start-up grants for costs associated w",2026-09-29,2026-09-29,0,closed,,
ca-97151,grants.ca.gov,Governor's Office of Emergency Services,FY 2023 Homeland Security Grant Program (HSGP) For California State Agencies,https://www.caloes.ca.gov/grant-announcement/fy-2023-homeland-security-grant-program-hsgp-for-california-state-agencies/,state,,1300000,2025-03-21,2025-02-10,closed,Public Agency,Disaster Prevention & Relief,Statewide,To assist state agencies in building or sustaining security enhancement projects that support statewide preparedness and resiliency.,2026-09-29,2026-09-29,0,closed,,
ca-97142,grants.ca.gov,Behavioral Health Services Oversight and Accountability Commission,Request for Application (RFA) for 0-5/Maternal Behavioral Health Initiative,https://bhsoac.ca.gov/connect/grant-funding-opportunities/request-for-application-rfa-for-0-5-maternal-behavioral-health-initiative-rfa-0-5-mbh-001/,state,,20000004000000,2025-03-28,2025-02-05,closed,Nonprofit; Public Agency,Education; Health & Human Services,"The Commission will apportion the funds based on county population. Populations are designated into three (3) sizes: Small, Medium, and Large.  Population Designations  Population is per county based on headquarters/main location of the Applicant, as follows:  1)       Small (Less than, or equal to 200,000)  2)       Medium (Greater than 200,000 – 750,000)  3)       Large (Greater than 750,000)","The purpose of this Request for Application is to award $18 million in available Mental Health Wellness Act funds to reduce out-of-home placements, improve educational outcomes, identify developmental delays, and otherwise serve the behavioral health needs of the Population.  It is expected that the",2026-09-29,2026-09-29,0,closed,,
ca-85208,grants.ca.gov,Department of Forestry and Fire Protection,Tribal Wildfire Resilience Grant Solicitation 2025,https://www.fire.ca.gov/what-we-do/grants/tribal-wildfire-resilience,state,,2500003000000,2025-03-28,2025-01-29,closed,Nonprofit; Tribal Government,"Agriculture; Disadvantaged Communities; Disaster Prevention & Relief; Employment, Labor & Training; Environment & Water; Food & Nutrition; Parks & Recreation","Ancestral homelands within California (as defined by the applying tribe) are eligible.  The grantee must have long-term access to the land. If the grantee does not currently have legal jurisdiction or ownership of the project area, then there must be a long-term access or co-management agreement for the grantee tribe for that land. The application will have a section to describe this. ","Tribal Wildfire Resilience grants is part of CAL FIRE’s Climate and Energy Program and supports California Native American tribes in managing ancestral lands, implementing and promoting Traditional Environmental Knowledges in wildfire resilience, and establishing wildfire safety for tribal communiti",2026-09-29,2026-09-29,0,closed,,
ca-97662,grants.ca.gov,Department of Resources Recycling and Recovery,Farm and Ranch Solid Waste Cleanup and Abatement Grant FR86,https://calrecycle.ca.gov/lea/grantsloans/farmranch/,state,,,2025-04-02,2025-02-25,closed,Public Agency; Tribal Government,Agriculture; Disadvantaged Communities; Environment & Water,"Sites must be located on 'Farm and Ranch' property, defined in CCR Section 17991(d) as range or agricultural land used for activities such as, but not limited to, commercial livestock/crop production (various). The site need not have active sales or production, but shall be appropriately zoned/otherwise authorized for agricultural activities. Appurtenant easements or right-of-ways such as, but not limited to, public roads and utilities included.","The Farm & Ranch Solid Waste Clean Up & Abatement Grant program provides funding for cleaning up and preventing illegal dumping on agricultural properties (CCR, Section 17991(d)). Each fiscal year has four application cycles, with the fourth serving as the pilot cycle. Cycle 86 (FR86) is the pilot c",2026-09-29,2026-09-29,0,closed,,
ca-97596,grants.ca.gov,Behavioral Health Services Oversight and Accountability Commission,Kindergarten – 12th Grade Student Advocacy,https://bhsoac.ca.gov/connect/grant-funding-opportunities/request-for-proposal-rfp-for-advocacy-for-kindergarten-through-12th-grade-student-population-rfp-k-12-003/,state,,2010000,2025-04-04,2025-02-18,closed,Nonprofit,Education; Health & Human Services,CA,"The purpose of this Request for Proposals (RFP) is to award $2,010,000 to one (1) Statewide Organization to conduct state and local level advocacy, training and education and outreach and engagement activities on behalf of K-12 Student Populations.",2026-09-29,2026-09-29,0,closed,,
ca-95327,grants.ca.gov,CA Energy Commission,GFO-24-304 – California Battery Pilot Manufacturing Line,https://www.energy.ca.gov/solicitations/2025-01/gfo-24-304-california-battery-pilot-manufacturing-line,state,,,2025-04-04,2025-01-28,closed,Nonprofit,Energy,"The following entities are not eligible to be prime applicants for projects under this solicitation:  ·       Private for-profit companies  ·       Public and private universities  ·       National Labs  ·       Utilities  These organizations are eligible to be subrecipients.  In accordance with CPUC Decision 12-05-037, funds administered by the CEC may not be used for any purposes associated with local publicly owned electric utility activities",The purpose of this solicitation is to fund the establishment of a battery pilot manufacturing line capable of manufacturing and testing a variety of emerging lithium-ion based technologies.,2026-09-29,2026-09-29,0,closed,,
ca-153798,grants.ca.gov,Department of Industrial Relations,California Opportunity Youth Apprenticeship Grant Round 2,https://www.dir.ca.gov/DAS/Grants/California-Youth-Apprenticeship-Grant.html,state,,,2025-04-10,2025-02-26,closed,Nonprofit; Public Agency; Tribal Government,"Disadvantaged Communities; Education; Employment, Labor & Training; Food & Nutrition; Health & Human Services; Science, Technology, and Research & Development",CA,"The goal of the California Opportunity Youth Apprenticeship (COYA) Grant is to develop and test innovative practices to increase the participation of opportunity youth in pre-apprenticeship and apprenticeship programs, and to demonstrate the impact of apprenticeship on employment and earnings outcom",2026-09-29,2026-09-29,0,closed,,
ca-99933,grants.ca.gov,Department of Social Services,State Fiscal Year (SFY) 2025-28 CDSS Removal Defense Grant,https://www.cdss.ca.gov/inforesources/immigration/removal-defense,state,,,2025-04-11,2025-03-24,closed,Nonprofit,Health & Human Services,Statewide,"Under the Removal Defense program, CDSS grants funds to selected qualified nonprofit organizations to provide legal services to  immigrants currently in or facing removal proceedings. Pursuant to the RFA process, the CDSS will select nonprofit organizations that meet the qualifications and demonstra",2026-09-29,2026-09-29,0,closed,,
ca-95324,grants.ca.gov,CA Department of Food and Agriculture,Farm to Community Food Hubs Grant Program,https://cafarmtofork.cdfa.ca.gov/F2CFHP.html,state,,500002000000,2025-04-14,2025-02-12,closed,Business; Nonprofit; Other Legal Entity; Public Agency; Tribal Government,Agriculture; Disadvantaged Communities; Food & Nutrition,Applicants must be based and operating in California. Projects must only purchase and sell California grown or produced food.,"Funding planning and food aggregation and distribution infrastructure for community food hubs to increase purchasing of local, environmentally sustainable, climate smart, and equitably produced food by schools and other institutions to build a better food system economy, support the local farming an",2026-09-29,2026-09-29,0,closed,,
ca-97605,grants.ca.gov,Department of Housing and Community Development,2025 Multifamily Finance SuperNOFA,https://www.hcd.ca.gov/grants-and-funding/supernofa,state,,,2025-04-15,2025-02-27,closed,Business; Nonprofit; Public Agency; Tribal Government,"Housing, Community and Economic Development",CA,The Multifamily Housing Super NOFA is being released for approximately $478 million in funds. This marks the third Multifamily Finance Super NOFA that provides applicants the opportunity to apply for a combination of the available funding programs at the same time and within the same round.,2026-09-29,2026-09-29,0,closed,,
ca-84983,grants.ca.gov,Board of State and Community Corrections,Missing and Murdered Indigenous People Grant Program Cohort 3,https://www.bscc.ca.gov/missing-and-murdered-indigenous-people-grant-program/,state,,,2025-04-18,2024-12-06,closed,Tribal Government,"Disadvantaged Communities; Law, Justice, and Legal Services",CA,"The State Budget Act of 2022 (Senate Bill 154, Chapter 43, Statutes of 2022) established the Missing and Murdered Indigenous People Grant Program. Funding is available to federally recognized Indian tribes in California to support efforts to identify, collect caselevel data, publicize, investigate a",2026-09-29,2026-09-29,0,closed,,
ca-98106,grants.ca.gov,CA Department of Education,"Tobacco-Use Prevention Education Program Initiation Grant Tier 1, Cohort U",https://www.cde.ca.gov/fg/fo/r29/tupetier1cohu25rfa.asp,state,,,2025-04-18,2025-03-12,closed,Public Agency,Education,"Eligible. COEs, public school districts, direct-funded charter schools, or consortia that serve students in grades 6–12 within the state of California are eligible to apply. The governing district must apply on behalf of a school or school sites within its jurisdiction. Any currently funded Tier 1 district or direct-funded charter school that is a member of a Tier 1 consortium with a grant expiring on June 30, 2025, is eligible to re-apply separately or as part of a consortium.  Not Eligible. Individual schools, community agencies, private schools, and locally-funded charter schools are not eligible to apply for these funds. In addition, projects targeting out-of-school students cannot be funded under this application. Currently-funded TUPE Tier 1 grantees with grants not expiring on June 30, 2025, and Tier 2 grantees are ineligible for Tier 1, Cohort U funds.","The purpose of the TUPE Initiation Grant Program Tier 1 Cohort U is for grantees to adopt tobacco-free campus policies that prohibit the use of products containing tobacco and nicotine, including, but not limited to, smokeless tobacco, snuff, chew, clove cigarettes, and electronic cigarettes (e-ciga",2026-09-29,2026-09-29,0,closed,,
ca-97782,grants.ca.gov,Department of Health Care Services,Narcotic Treatment Programs and Medication Units Round Two,https://mataccesspoints.org/news/,state,,,2025-04-28,2025-03-10,closed,Nonprofit,Health & Human Services,Must be in the State of California. ,"California was the first state to create and implement Medication Units (MUs), which operate as an extension of a Narcotic Treatment Program (NTP). MUs expand access to medications for opioid use disorder treatment (MOUD, also known as MAT), including buprenorphine, methadone, and naltrexone, to pat",2026-09-29,2026-09-29,0,closed,,
ca-99765,grants.ca.gov,Department of Health Care Services,INCREASING MAT SERVICES WITHIN DHCS-LICENSED SUD FACILITIES ROUND THREE,https://mataccesspoints.org/,state,,,2025-04-30,2025-03-24,closed,Nonprofit,Health & Human Services,Must be in the State of California.,"The purpose of this project is to improve access to MAT in DHCS-licensed residential SUD facilities. This will be done by supporting costs associated with recruitment, mentorship, training, and other associated costs to increase provider knowledge and comfort with providing MAT through a collaborati",2026-09-29,2026-09-29,0,closed,,
ca-174786,grants.ca.gov,Department of Health Care Services,Increasing MAT Services within DHCS-Licensed SUD Facilities   Round Three,https://mataccesspoints.org/,state,,,2025-04-30,2025-03-24,closed,Nonprofit,Health & Human Services,Must be in the State of California.,"The purpose of this project is to improve access to MAT in DHCS-licensed residential SUD facilities. This will be done by supporting costs associated with recruitment, mentorship, training, and other associated costs to increase provider knowledge and comfort with providing MAT through a collaborati",2026-09-29,2026-09-29,0,closed,,
ca-1560,grants.ca.gov,State Water Resources Control Board,Small Community Clean Water/Wastewater (SCWW) Funding,https://www.waterboards.ca.gov/water_issues/programs/grants_loans/sustainable_water_solutions/,state,,,2025-05-01,2020-07-10,closed,Nonprofit; Public Agency; Tribal Government,Disadvantaged Communities; Environment & Water,CA,"The purpose of wastewater planning funding is to provide low-interest loans, grants, and principal forgiveness to small disadvantaged communities for planning/design and construction of projects that restore and maintain water quality in the state.",2026-09-29,2026-09-29,0,closed,,
ca-1797,grants.ca.gov,State Water Resources Control Board,Small Community Drinking Water (SCDW) Funding Program,https://www.waterboards.ca.gov/water_issues/programs/grants_loans/sustainable_water_solutions/,state,,,2025-05-01,2020-07-10,closed,Nonprofit; Public Agency; Tribal Government,Disadvantaged Communities; Environment & Water,CA,Small Community Drinking Water (SCDW) Funding is available to assist small disadvantage communities to implement drinking water infrastructure improvement projects. The Program provides low-interest loans and grants for the planning/design and construction of drinking water infrastructure that are n,2026-09-29,2026-09-29,0,closed,,
ca-98121,grants.ca.gov,CA Department of Education,Tobacco-Use Prevention Education Program Rural Initiative Center Grant,https://www.cde.ca.gov/fg/fo/r29/ruralinitiativerfa25.asp,state,,,2025-05-02,2025-03-12,closed,Public Agency,Education,"The purpose of this RFA is to fund Rural Initiative Centers that will increase rural students’ access to TUPE services. The CDE intends to fund up to two such centers. Applicants must indicate the specific region(s) that their center will serve, as defined by the California County Superintendents Educational Services Association (CCSESA).",The purpose of this RFA is to counter tobacco trends by developing up to two Rural Initiative Centers to increase student access to tobacco-use prevention education services in underserved rural areas. The CDE is soliciting proposals to operate these new centers from county offices of education that,2026-09-29,2026-09-29,0,closed,,
ca-100554,grants.ca.gov,CA Arts Council,Impact Projects,https://arts.ca.gov/grants/grant-programs/,state,,,2025-05-05,2025-04-02,closed,Nonprofit; Public Agency; Tribal Government,Libraries and Arts,Applicant organizations and fiscal sponsors must meet the requirements below: Have a principal place of business in California and a California address. ,"The purpose is to support collaborative projects that center artists and artistic practice in responding to issues experienced by historically and systemically under-resourced communities, including but not limited to, social, political, and economic inequalities. This program prioritizes California",2026-09-29,2026-09-29,0,closed,,
ca-99621,grants.ca.gov,Board of Forestry,2025/26 Effectiveness Monitoring Committee Request for Research Proposals to test the California Forest Practice Rules and related regulations,https://bof.fire.ca.gov/media/no5hziwf/emc-grant-guidelines-2025-26-final.pdf,state,,,2025-05-19,2025-03-18,closed,Business; Individual; Nonprofit; Public Agency; Tribal Government,"Agriculture; Environment & Water; Science, Technology, and Research & Development","Proposed projects should focus on large, landscape-scale forestlands composed of one or more landowners, which may cover multiple jurisdictions. Proposed projects that have a wide geographic scope or a wide applicability of results within the State are preferred.","The Effectiveness Monitoring Committee is an advisory body to the Board of Forestry and Fire Protection, intended to fund robust scientific research aimed at testing the efficacy of the California Forest Practice Rules and other natural resource protection statutes, laws, codes, and associated regul",2026-09-29,2026-09-29,0,closed,,
ca-106176,grants.ca.gov,Governor’s Office of Land Use and Climate Innovation,Capacity Building and Community Engagement Grant Program,https://acrobat.adobe.com/id/urn:aaid:sc:VA6C2:eb67ee65-bbc8-4116-9d91-0a189ecccb92,state,,800000,2025-05-19,2025-05-05,closed,Nonprofit,Disadvantaged Communities; Education; Health & Human Services,Statewide,OCPSC seeks an awardee responsible for building a network of CBOs and a program that can enhance their capacity building training to enable organizations to be better equipped for engagement with the state and future challenges their communities may encounter.,2026-09-29,2026-09-29,0,closed,,
ca-103752,grants.ca.gov,Employment Development Department,Campesino de California Outreach Grant – Radio Media (CCOG-RM) for Program Year 2025-26 (PY 25-26),https://edd.ca.gov/en/jobs_and_training/WDSFP_Workforce_Development_Solicitations_for_Proposals,state,,100000,2025-05-27,2025-04-28,closed,Nonprofit; Public Agency; Tribal Government,"Agriculture; Disadvantaged Communities; Employment, Labor & Training",The grant targets domestic and foreign Migrant and Seasonal Farmworkers and their families in rural and hard to reach communities.,"The CCOG-RM grant PY 25-26 is awarded to develop and implement radio talk shows aimed at reaching domestic and foreign Migrant and Seasonal Farmworkers (MSFW) and their families to provide timely information regarding various programs, benefits, and services offered through the EDD and its partners.",2026-09-29,2026-09-29,0,closed,,
ca-100530,grants.ca.gov,Strategic Growth Council,Affordable Housing & Sustainable Communities–Round 9,https://sgc.ca.gov/programs/ahsc/resources/,state,,1000000050000000,2025-05-28,2025-04-02,closed,Business; Nonprofit; Public Agency; Tribal Government,"Disadvantaged Communities; Housing, Community and Economic Development; Transportation","Per Section 112.a.1 of the Guidelines, the program's Project Area Type targets (as a percentage of funds available) are as follows:  (A) TOD Project Area applications target: 35%  (B) ICP Project Area applications target: 35%  (C) RIPA application target: 10%   Additionally, the program has a target to award at least one project from each of the Program's eight geographic areas of the state (Sec. 112.a.2).       ","The Affordable Housing and Sustainable Communities (AHSC) Program aims to fund projects for affordable housing, which include partnerships and collaboration to integrate transportation and other community benefits. The Program encourages housing and transportation within proximity of jobs and key de",2026-09-29,2026-09-29,0,closed,,
ca-107169,grants.ca.gov,Governor's Office of Business and Economic Development,Technical Assistance Program 2022 Special Grant Project,https://calosba.ca.gov/for-calosba-partners/funding-opportunities-for-partners/,state,,50000543000,2025-05-30,2025-05-09,closed,Nonprofit; Other Legal Entity; Public Agency,"Disadvantaged Communities; Energy; Health & Human Services; Libraries and Arts; Science, Technology, and Research & Development; Transportation",State of California,A grant program for small business technical assistance centers in the California Technical Assistance Program Network .,2026-09-29,2026-09-29,0,closed,,
ca-85322,grants.ca.gov,Governor's Office of Business and Economic Development,California STEP Grant – Y11 Round 3,https://export.business.ca.gov/wp-content/uploads/STEP-Program-Guidelines.pdf,state,,50010000,2025-05-30,2025-03-01,closed,Business,"Agriculture; Energy; Food & Nutrition; Science, Technology, and Research & Development","Must be organized or incorporated in the United States of America; Must have significant business operations in California. (Substantial presence in terms of workforce, facilities, and economic impact within that state); Must be registered to do business in the State of California and have a good standing with regulatory agencies; GO-Biz will assess the operating status of a company based on the business type:  See detailed eligibility.",The California State Expansion Program (STEP) grant offers financial assistance to eligible California small businesses seeking to expand into foreign markets through STEP Events and Export Vouchers. ,2026-09-29,2026-09-29,0,closed,,
ca-87092,grants.ca.gov,Public Utilities Commission,Digital Divide Grant Program,https://www.cpuc.ca.gov/consumer-support/financial-assistance-savings-and-discounts/california-teleconnect-fund/digital-divide-grant-program,state,,50000100000,2025-05-30,2025-01-09,closed,Nonprofit; Public Agency,"Education; Housing, Community and Economic Development; Science, Technology, and Research & Development","The Digital Divide Grant Program is for a rural or urban small school district with a FRMP of at least 50%. The DDGP relies on data from the California Department of Education (CDE) to determine eligibility. CDE designates small districts that have an Average Daily Attendance (ADA) of less than 2,500 students; medium are over 2,500 students; large districts are over 10,000 students. The urban/rural designation is from US Census track data.","The Digital Divide Grant Program will award one grant of $100,000 for rural and urban public schools and two grants of up to $50,000 each for non-profit Community Based Organizations (CBO). The grants will fund digital projects that serve beneficiary public schools/districts and non-profit Community",2026-09-29,2026-09-29,0,closed,,
ca-110925,grants.ca.gov,State Water Resources Control Board,2024 Clean Water Act Section 319 Nonpoint Source Pollution Grant,https://www.faast.waterboards.ca.gov,state,,500001000000,2025-05-30,2025-05-29,closed,Nonprofit; Public Agency; Tribal Government,Agriculture; Disadvantaged Communities; Environment & Water,"Projects must address a program preference, which is a specific watershed or waterbody and pollutant combination that is identified by the Regional Water Quality Control Board. Program preferences are listed in the grant guidelines found at the state waterboard website.","The Clean Water Act Section 319 Grant Program awards grants to reduce and mitigate the effects of nonpoint  source pollution - such as sediment, pesticides, and nutrients - to waters of the state. ",2026-09-29,2026-09-29,0,closed,,
ca-110835,grants.ca.gov,State Water Resources Control Board,2025 Clean Water Act Section 319 Nonpoint Source Pollution Grant,https://www.faast.waterboards.ca.gov,state,,500001000000,2025-06-02,2025-05-29,closed,Nonprofit; Public Agency; Tribal Government,Agriculture; Disadvantaged Communities; Environment & Water,"Projects must address a program preference, which is a specific watershed or waterbody and pollutant combination that is identified by the Regional Water Quality Control Board. Program preferences are listed in the grant guidelines.","The Clean Water Act Section 319 Grant Program awards grants to reduce and mitigate the effects of nonpoint  source pollution - such as sediment, pesticides, and nutrients - to waters of the state. ",2026-09-29,2026-09-29,0,closed,,
ca-110271,grants.ca.gov,Department of Social Services,DETAINED REPRESENTATION PROJECT State Fiscal Year (SFY) 2025-27,https://cdss.ca.gov/inforesources/immigration/other-projects,state,,150000350000,2025-06-04,2025-05-29,closed,Nonprofit,"Health & Human Services; Law, Justice, and Legal Services",Statewide,"The California Department of Social Services announces a grant to fund legal services for individuals in immigration detention. Backed by SBX 1-2, the Detained Representation Project aims to expand access to trauma-informed, client-centered legal aid and address service gaps for vulnerable immigrant",2026-09-29,2026-09-29,0,closed,,
ca-100542,grants.ca.gov,CA Arts Council,General Operating Support,https://arts.ca.gov/grants/grant-programs/,state,,,2025-06-05,2025-04-02,closed,Nonprofit; Tribal Government,Libraries and Arts,"Applicants must have a principal place of business in California.   2025/26 Funding Priorities Organizations serving historically and systemically underserved communities located in the lower two quartiles of the Healthy Places Index, including rural and inland areas, as well as regions with a history of low investment from the CAC; First-time grantees; and Small organizations with Total Revenues of $250,000 or below. ","The General Operating Support grant program provides direct funding to arts and cultural organizations in support of ongoing operations.   An arts and cultural organization is defined as an entity with a primary purpose of providing arts, creative, or cultural programming/services. Assessed by CAC s",2026-09-29,2026-09-29,0,closed,,
ca-100560,grants.ca.gov,CA Arts Council,State-Local Partner Mentorship,https://arts.ca.gov/grants/grant-programs/,state,,,2025-06-05,2025-04-02,closed,Nonprofit; Public Agency; Tribal Government,Libraries and Arts,Have a principal place of business in California and a California address. ,"The State-Local Partner Mentorship (SLP-M) program is intended to support the establishment of a county-designated local arts agency in each of the three counties in which no such agency has currently been identified (Glenn, Kings, San Joaquin).",2026-09-29,2026-09-29,0,closed,,
ca-100545,grants.ca.gov,CA Arts Council,Arts & Youth,https://arts.ca.gov/grants/grant-programs/,state,,,2025-06-05,2025-04-02,closed,Nonprofit; Public Agency; Tribal Government,Libraries and Arts,"Applicants must have a principal place of business in California.   2025/26 Funding Priorities Organizations serving historically and systemically underserved communities located in the lower two quartiles of the Healthy Places Index, including rural and inland areas, as well as regions with a history of low investment from the CAC; First-time grantees; and Small organizations with Total Revenues of $250,000 or below. ","The Arts and Youth program expands meaningful arts participation and learning in diverse settings and contexts for infants, children, and youth ages 0-25 by prioritizing programs that directly bridge barriers to access and participation. ",2026-09-29,2026-09-29,0,closed,,
ca-100548,grants.ca.gov,CA Arts Council,Folk and Traditional Arts,https://arts.ca.gov/grants/grant-programs/,state,,,2025-06-05,2025-04-02,closed,Nonprofit; Public Agency; Tribal Government,Libraries and Arts,"Applicants must have a principal place of business in California.   2025/26 Funding Priorities Organizations serving historically and systemically underserved communities located in the lower two quartiles of the Healthy Places Index, including rural and inland areas, as well as regions with a history of low investment from the CAC; First-time grantees; and Small organizations with Total Revenues of $250,000 or below. ","Folk and traditional art forms are rooted in and reflective of the cultural life of a community, whose members may share common ethnic heritage, cultural mores, language, religion, occupation, or geographic regions. The Folk and Traditional Arts (FTA) grant program supports the culture bearers pract",2026-09-29,2026-09-29,0,closed,,
ca-157143,grants.ca.gov,Department of Health Care Access and Information,2025 Licensed Mental Health Services Provider Education Program,https://hcai.ca.gov/loans-scholarships-grants/loan-repayment/lmhspep/,state,,,2025-06-13,2025-05-01,closed,Individual,Health & Human Services,"For a facility to qualify, it must be in an eligible geographic or site designations.   ",The licensed Mental Health Services Provider Education Program (LMH) increases the number of appropriately trained mental healthcare professionals providing direct client care in a qualified facility or area in California.,2026-09-29,2026-09-29,0,closed,,
ca-100539,grants.ca.gov,Department of Justice (Office of the Attorney General),Tobacco Grant Program FY 2025-26 Request for Proposals,https://oag.ca.gov/tobaccogrants,state,,,2025-06-20,2025-04-21,closed,Public Agency,"Consumer Protection; Law, Justice, and Legal Services","This grant opportunity is geographically limited to the state of California, and applicants should be able to demonstrate significant tobacco products usage within their jurisdiction.","The purpose of this grant offered through the Office of the Attorney General, California Department of Justice (DOJ) Tobacco Grant Program is to promote a healthier California by reducing illegal sales and marketing of cigarettes and tobacco products, including e-cigarettes, to minors and youth.",2026-09-29,2026-09-29,0,closed,,
ca-106359,grants.ca.gov,Governor's Office of Emergency Services,FY 2024 Homeland Security Grant Program (HSGP) for Federally-Recognized Tribes,https://www.caloes.ca.gov/office-of-the-director/policy-administration/finance-administration/grants-management/search-for-grants/,state,,1130000,2025-06-20,2025-05-05,closed,Tribal Government,Disaster Prevention & Relief,Statewide,"The purpose of fiscal year 2024 HSGP Tribal RFP, for Federally-Recognized Tribes in California, is to support building or sustaining security enhancement projects that fall within the parameters of the Cal OES HSGP.",2026-09-29,2026-09-29,0,closed,,
ca-103905,grants.ca.gov,Board of State and Community Corrections,Proposition 47 Grant Program: Safe Neighborhoods and Schools Act Cohort 5,https://www.bscc.ca.gov/s_bsccprop47/,state,,,2025-06-23,2025-04-15,closed,Public Agency,"Disadvantaged Communities; Education; Employment, Labor & Training; Health & Human Services; Housing, Community and Economic Development; Law, Justice, and Legal Services",CA,"Prop 47 grants support mental health services, substance use disorder treatment, and diversion programs for people in the criminal justice system.",2026-09-29,2026-09-29,0,closed,,
ca-85292,grants.ca.gov,Public Utilities Commission,California Advanced Services Fund: Broadband Adoption Account – July 2025 Cycle,https://www.cpuc.ca.gov/industries-and-topics/internet-and-phone/california-advanced-services-fund/casf-adoption-account,state,,,2025-07-01,2025-01-02,closed,Business; Nonprofit; Public Agency,"Disadvantaged Communities; Education; Science, Technology, and Research & Development",CA,"The California Advanced Services Fund Broadband Adoption Account provides grants that will increase publicly available or after-school broadband access and digital inclusion, such as grants for digital literacy training programs and public education to communities with limited broadband adoption.",2026-09-29,2026-09-29,0,closed,,
ca-62166,grants.ca.gov,Department of Conservation,(Round 10) Sustainable Agricultural Lands Conservation Program (SALC) Capacity and Project Development Grants,https://www.conservation.ca.gov/dlrp/grant-programs/SALCP,state,,,2025-07-05,2024-10-31,closed,Nonprofit; Public Agency; Tribal Government,Agriculture; Environment & Water,State of California,"Permanently protect croplands, rangelands, and lands utilized for the cultivation of traditional resources from conversion to non-agricultural uses.​ Protecting these lands promotes smart growth within existing jurisdictions, ensures open space remains available, and supports healthy agricultural an",2026-09-29,2026-09-29,0,closed,,
ca-161727,grants.ca.gov,Department of Resources Recycling and Recovery,Farm and Ranch Solid Waste Cleanup and Abatement Grant FR87,https://calrecycle.ca.gov/lea/grantsloans/farmranch/fy202526/,state,,,2025-07-08,2025-06-01,closed,Public Agency; Tribal Government,Agriculture; Disadvantaged Communities; Environment & Water,"Sites must be located on 'Farm and Ranch' property, defined in CCR Section 17991(d) as range or agricultural land used for activities such as, but not limited to, commercial livestock/crop production (various). The site need not have active sales or production, but shall be appropriately zoned/otherwise authorized for agricultural activities. Appurtenant easements or right-of-ways such as, but not limited to, public roads and utilities included.","The Farm & Ranch Solid Waste Clean Up & Abatement Grant program provides funding for cleaning up and preventing illegal dumping on agricultural properties (CCR, Section 17991(d)). Each fiscal year has four application cycles, with the fourth serving as the pilot cycle. Cycle 87 (FR87) is the fourth ",2026-09-29,2026-09-29,0,closed,,
ca-130635,grants.ca.gov,CA Department of Education,Restorative Practices Grant Program,https://www.cde.ca.gov/fg/fo/r29/restopract.asp,state,,,2025-07-09,2025-07-08,closed,Nonprofit; Public Agency,"Education; Law, Justice, and Legal Services","This grant is open to LEAs in California, defined as a school district, charter school, or county office of education.","Restorative Practices is intended to help LEAs adopt, expand, and integrate best practices for restorative practices to existing district initiatives to strengthen efforts to reduce disciplinary actions, enhance student engagement, and improve school climate to promote an inclusive, supportive, and ",2026-09-29,2026-09-29,0,closed,,
ca-107151,grants.ca.gov,CA Natural Resources Agency,Environmental Enhancement and Mitigation (2025),https://resources.ca.gov/-/media/CNRA-Website/Files/grants/EEM/2025/Step-1/2025-EEMP-Grant-Guidelines-FINAL.pdf,state,,7500001500000,2025-07-16,2025-05-07,closed,Nonprofit; Public Agency; Tribal Government,Environment & Water; Parks & Recreation; Transportation,"Statewide  North/South Split  An attempt will be made to award 40% of the total funding to projects in northern counties and 60% of the total funding to projects in southern counties. The following are defined as southern counties: San Luis Obispo, Kern, Mono, Tulare, Inyo, Santa Barbara, Ventura, Los Angeles, San Bernardino, Orange, Riverside, San Diego, and Imperial. All other counties are considered northern counties","The EEM Program is an annual program established by legislation in 1989 and amended on September 26, 2013. It offers grants to local, state, and federal governmental agencies, and nonprofit organizations for projects to mitigate the environmental impacts caused by new or modified public transportati",2026-09-29,2026-09-29,0,closed,,
ca-109185,grants.ca.gov,CA Department of Food and Agriculture,Resilient Food Systems Infrastructure Program 2025,https://www.cdfa.ca.gov/rfsi/,state,,10000100000,2025-07-17,2025-06-11,closed,Business; Individual; Nonprofit; Other Legal Entity; Public Agency; Tribal Government,Agriculture,"All applicant businesses and organizations must be domestically owned, and applicants' facilities must be physically located within the State of California. All projects must benefit crops grown in California.",RFSI will create more and better processing options for local and regional producers across various sectors by targeting opportunities in the programs supporting the agricultural supply chain. RFSI will build resilience in the middle of the food supply chain; provide more and better markets to small,2026-09-29,2026-09-29,0,closed,,
ca-112632,grants.ca.gov,CA Department of Food and Agriculture,Biologically Integrated Farming Systems,https://www.cdfa.ca.gov/oars/opca/bifs.html?utm_medium=email&utm_source=govdelivery,state,,1000000,2025-07-23,2025-06-04,closed,Nonprofit; Public Agency; Tribal Government,Agriculture,CA,"The program funds on-farm demonstration and evaluation of innovative, biologically based farming systems that use sustainable pest management strategies. These practices aim to reduce reliance on biologically disruptive pesticides while supporting crop yields and economic sustainability. Outreach is",2026-09-29,2026-09-29,0,closed,,
ca-118170,grants.ca.gov,CA Arts Council,Cultural Districts,https://www.caculturaldistricts.org/application,state,,10000,2025-08-07,2025-06-10,closed,Nonprofit; Other Legal Entity; Public Agency; Tribal Government,"Housing, Community and Economic Development; Libraries and Arts","Applicant organizations and fiscal sponsors must have a principal place of business in California and a California address. A cultural district is understood as a well-defined geographic area with a high concentration of cultural resources and activities.   Designated statewide cultural districts collectively represent rural, urban, and suburban districts and will include a focus on both cultural production and cultural heritage. ","This initiative will designate up to 10 new state-designated cultural districts. The Cultural Districts program offers grants up to $10,000 over a two-year period, official state certification, technical assistance, and access to joint marketing and branding resources. The 2025 cohort designation pe",2026-09-29,2026-09-29,0,closed,,
ca-97821,grants.ca.gov,Board of State and Community Corrections,California Violence Intervention & Prevention Cohort 5,https://www.bscc.ca.gov/s_cpgpcalvipgrant/,state,,,2025-08-18,2025-03-03,closed,Nonprofit; Public Agency; Tribal Government,"Disadvantaged Communities; Employment, Labor & Training; Law, Justice, and Legal Services",CA,"Assembly Bill (AB) 762 (Chapter 241, Statutes of 2023) specified that the purpose of the program is to support effective community gun violence reduction initiatives in communities that are disproportionately impacted by community gun violence. It expands the CalVIP program to include counties that ",2026-09-29,2026-09-29,0,closed,,
ca-111306,grants.ca.gov,Department of Resources Recycling and Recovery,Beverage Container Redemption Innovation Grant Program,https://calrecycle.ca.gov/bevcontainer/grants/rig/fy202324/,state,,1500003000000,2025-08-19,2025-07-01,closed,Business; Nonprofit,Environment & Water,"Private entities must be authorized to conduct business in the State of California, by either being registered and in good standing with the California Secretary of State as a business located in California, being registered as a foreign (out-of-state or out-of-country) business or processing a business license issued by a California city, county, or city and county. ","The Department of Resources Recycling and Recovery (CalRecycle) offers the Beverage Container Redemption Innovation Grant Program pursuant to Senate Bill (SB) 101 (Chapter 12, Skinner, Budget Act of 2023).  The purpose of the grant is to provide funding for reverse vending machines for Dealers to me",2026-09-29,2026-09-29,0,closed,,
ca-111312,grants.ca.gov,Governor's Office of Business and Economic Development,California STEP Grant – Y11 Round 4,https://export.business.ca.gov/wp-content/uploads/STEP-Program-Guidelines.pdf,state,,50010000,2025-08-29,2025-06-01,closed,Business,"Agriculture; Energy; Environment & Water; Food & Nutrition; Science, Technology, and Research & Development; Transportation","Must be organized or incorporated in the United States of America; Must have significant business operations in California. (Substantial presence in terms of workforce, facilities, and economic impact within that state); Must be registered to do business in the State of California and have a good standing with regulatory agencies; GO-Biz will assess the operating status of a company based on the business type:  See detailed eligibility.",The California State Expansion Program (STEP) grant offers financial assistance to eligible California small businesses seeking to expand into foreign markets through STEP Events and Export Vouchers. ,2026-09-29,2026-09-29,0,closed,,
ca-143394,grants.ca.gov,Department of Transportation,Caltrans FTA 5310 2025 Call for Projects,https://dot.ca.gov/programs/rail/enhanced-mobility-of-seniors-and-individuals-with-disabilities-program-fta-5310,state,,,2025-09-03,2025-07-26,closed,Nonprofit; Public Agency; Tribal Government,"Disadvantaged Communities; Education; Employment, Labor & Training; Food & Nutrition; Health & Human Services; Housing, Community and Economic Development; Parks & Recreation; Transportation; Veterans & Military","Rural Areas (pop under 50,000)  Small Urban Area (pop between 50,000-199,999)  Large Urbanized Areas administered by Caltrans:  *Antioch  *Bakersfield  *Concord  *Indio-Cathedral  *Modesto  *Livermore-Pleasanton-Dublin  *Murrieta-Temecula  *Riverside-San Bernardino  *Sacramento  *San Francisco-Oakland  *San Jose  *Santa Rosa  *Stockton    ",The goal of the Federal Transit Administration (FTA) Section 5310 Program is to improve mobility for seniors and individuals with disabilities by removing barriers to transportation services and expanding the transportation mobility options available. Provides financial assistance for transportation,2026-09-29,2026-09-29,0,closed,,
ca-144858,grants.ca.gov,Behavioral Health Services Oversight and Accountability Commission,Immigrants and Refugees Advocacy – Statewide Organization,https://bhsoac.ca.gov/connect/grant-funding-opportunities/request-for-proposal-rfp-for-immigrants-and-refugees-advocacy-statewide-organization-i-r-004/,state,,502500,2025-09-05,2025-07-30,closed,Nonprofit,Disadvantaged Communities; Health & Human Services,CA,"The Commission is issuing an RFP to contract a Statewide Organization to lead advocacy, training, education, and outreach for Immigrant and Refugee Populations. This organization will partner with seven local groups to amplify local voices and advocate for Immigrant and Refugee communities statewide",2026-09-29,2026-09-29,0,closed,,
ca-144261,grants.ca.gov,Department of Community Services and Development,2025 California Earned Income Tax Credit Plus (CalEITC+) Education and Outreach Grant,https://www.csd.ca.gov/Pages/contractopportunities.aspx,state,,220000701004,2025-09-05,2025-08-11,closed,Nonprofit,Disadvantaged Communities; Health & Human Services,"Grant funds must be used in the geographic target area for which they are awarded. Target areas include statewide, rural, or the prioritized thirteen regions that include twenty counties. Activities must focus on low-income individuals and families eligible for low-income tax credits and interested California residents who may file using an Individual Taxpayer Identification Number (ITIN) or are interested and eligible to apply for an ITIN.","The goal of the CalEITC+ grant is to increase the number of eligible Californians claiming low-income tax credits by providing outreach regarding the availability of the credits, to provide access to free tax preparation assistance services, and to provide eligibility awareness regarding the availab",2026-09-29,2026-09-29,0,closed,,
ca-130620,grants.ca.gov,Governor's Office of Business and Economic Development,California Community Reinvestment Grants Program,https://www.business.ca.gov/CalCRG,state,,6000003000000,2025-09-08,2025-07-09,closed,Nonprofit; Public Agency,"Disadvantaged Communities; Employment, Labor & Training; Health & Human Services; Housing, Community and Economic Development; Law, Justice, and Legal Services",The CalCRG program statute requires programs and services to be provided to communities disproportionately impacted by past federal and state drug policies. Applicants must provide services in one or more of the identified CalCRG eligible counties or census tracts in California.,"The CalCRG program awards grants to Local Health Departments and qualified Community-based Nonprofit Organizations to support job placement, mental health treatment, substance use disorder treatment, system navigation services, legal services to address barriers to reentry, and linkages to medical c",2026-09-29,2026-09-29,0,closed,,
ca-145569,grants.ca.gov,CA Department of Food and Agriculture,2026 Specialty Crop Block Grant Program,https://www.cdfa.ca.gov/Specialty_Crop_Competitiveness_Grants/docs/2026_request_for_concept_proposals.pdf,state,,100000500000,2025-09-11,2025-08-15,closed,Business; Nonprofit; Public Agency; Tribal Government,"Agriculture; Disadvantaged Communities; Education; Employment, Labor & Training; Environment & Water; Food & Nutrition; Science, Technology, and Research & Development",CA,The California Department of Food and Agriculture's (CDFA) Specialty Crop Block Grant Program (SCBGP) funds projects that enhance the competitiveness of California specialty crops. The SCBGP is designed to support all sectors of California's specialty crop industry and improve the performance of Cal,2026-09-29,2026-09-29,0,closed,,
ca-143049,grants.ca.gov,Department of Alcoholic Beverage Control,ABC/OTS Alcohol Law Enforcement Grant 2026,https://www.abc.ca.gov/enforcement/alcohol-policing-partnership/,state,,2000040000,2025-09-12,2025-07-30,closed,Public Agency,"Law, Justice, and Legal Services",CA state wide,The Department of Alcoholic Beverage Control (ABC) will expand its efforts to achieve the ongoing goal of reducing youth access to alcohol by combining enforcement with training and educational programs. Enforcement training grants will be awarded by ABC to local law enforcement agencies. ,2026-09-29,2026-09-29,0,closed,,
ca-129213,grants.ca.gov,Department of Resources Recycling and Recovery,Beverage Container Redemption Innovation Grant Program,https://calrecycle.ca.gov/bevcontainer/grants/rig/fy202324rig4/,state,,13000000,2025-09-16,2025-07-15,closed,Individual; Nonprofit; Tribal Government,Environment & Water,Project Requirements  All applicants must be certified by CalRecycle’s Division of Recycling and will be required to comply with all certification requirements.,"The Department of Resources Recycling and Recovery (CalRecycle) offers the Beverage Container Redemption Innovation Grant Program pursuant to Senate Bill (SB) 101 (Chapter 12, Skinner, Budget Act of 2023). The purpose of the grant is to support start-up costs for Qualifying Tribal Entity recycling p",2026-09-29,2026-09-29,0,closed,,
ca-99762,grants.ca.gov,CA Department of Food and Agriculture,Vertebrate Pest Control Research Program,https://www.cdfa.ca.gov/plant/IPC/vertebrates/docs/2025_Vertebrate_Pest_Control_Proposal_Submittal_Requirements.pdf,state,,,2025-09-20,2025-03-20,closed,Individual; Nonprofit; Other Legal Entity; Public Agency; Tribal Government,"Agriculture; Environment & Water; Health & Human Services; Science, Technology, and Research & Development",Proposals that originate from outside of California are considered if the proposal includes relevance to vertebrate pest concerns within California.,"Proposals may focus on research and/or education projects to enhance control measures of vertebrate pests that pose a significant threat to the welfare of state’s agricultural economy, infrastructure, environment, and the public. CDFA does not support proprietary product development projects. Propos",2026-09-29,2026-09-29,0,closed,,
ca-146226,grants.ca.gov,Office of Community Partnerships and Strategic Communications,OCPSC Community Outreach and Enrollment Grant 2025,https://acrobat.adobe.com/id/urn:aaid:sc:VA6C2:6c3d468f-b73a-4be7-9043-3d62f5e2968a,state,,150000,2025-09-22,2025-09-04,closed,Nonprofit,Disadvantaged Communities; Education; Health & Human Services,Statewide,OCPSC is partnering with community-based organizations across California to support outreach and enrollment assistance into public service programs to address and reduce social and health inequities in the most impacted communities. These organizations bring deep community knowledge and reflect the ,2026-09-29,2026-09-29,0,closed,,
ca-145041,grants.ca.gov,Department of Health Care Services,Elevate Youth California: Cohort 7 Standard Track,https://elevateyouthca.org/2025/08/request-for-applications-round-7,state,,11000000,2025-09-26,2025-08-18,closed,Nonprofit,Disadvantaged Communities; Health & Human Services,Statewide. Must be located in California and service California.,"Through this round of Elevate Youth California (EYC) funding, the Department of Health Care Services (DHCS) is making approximately $46.98 million available to community-based, Tribal, and county behavioral health organizations throughout California to expand youth and young adult substance use prev",2026-09-29,2026-09-29,0,closed,,
ca-145038,grants.ca.gov,State Treasurer's Office,California Investment and Innovation Program (Cal IIP),https://www.treasurer.ca.gov/cpcfa/caliip/application.asp,state,,,2025-10-01,2025-08-06,closed,Business,"Disadvantaged Communities; Housing, Community and Economic Development",The CDFI must have a record of lending in California. ,Cal IIP was established to provide grants to enhance the capacity and ability of community development financial institutions (CDFIs) to provide programs including technical assistance and access to capital to economically disadvantaged communities throughout California. ,2026-09-29,2026-09-29,0,closed,,
ca-150186,grants.ca.gov,Department of Resources Recycling and Recovery,Farm and Ranch Solid Waste Clean Up and Abatement Grant Program FR88,https://calrecycle.ca.gov/lea/grantsloans/farmranch/,state,,,2025-10-07,2025-09-24,closed,Public Agency; Tribal Government,Agriculture; Disadvantaged Communities; Environment & Water,"Sites must be located on 'Farm and Ranch' property, defined in CCR Section 17991(d) as range or agricultural land used for activities such as, but not limited to, commercial livestock/crop production (various). The site need not have active sales or production, but shall be appropriately zoned/otherwise authorized for agricultural activities. Appurtenant easements or right-of-ways such as, but not limited to, public roads and utilities included.","The Farm & Ranch Solid Waste Clean Up & Abatement Grant program provides funding for cleaning up and preventing illegal dumping on agricultural properties (CCR, Section 17991(d)). Each fiscal year has four application cycles, with the fourth serving as the pilot cycle. Cycle 88 (FR88) is the second ",2026-09-29,2026-09-29,0,closed,,
ca-148017,grants.ca.gov,CA Department of Food and Agriculture,2025 CalAgPlate Grant Program,https://www.cdfa.ca.gov/egov/calagplate/,state,,2500170000,2025-10-09,2025-09-11,closed,Nonprofit; Public Agency; Tribal Government,"Agriculture; Education; Employment, Labor & Training; Food & Nutrition",CA,"The CalAgPlate program funds projects that support agricultural education, agricultural career awareness and development, agriculture career training, and agriculture leadership development to assist students at the kindergarten through twelfth grade (K-12), post-secondary, and adult education level",2026-09-29,2026-09-29,0,closed,,
ca-145458,grants.ca.gov,Department of Pesticide Regulation,2026 Department of Pesticide Regulation Sustainable Pest Management Grants Program,https://www.cdpr.ca.gov/spm-grants/,state,,500001000000,2025-10-14,2025-08-19,closed,Business; Individual; Nonprofit; Other Legal Entity; Public Agency; Tribal Government,"Agriculture; Disadvantaged Communities; Education; Employment, Labor & Training; Environment & Water; Food & Nutrition; Health & Human Services; Housing, Community and Economic Development; Parks & Recreation; Science, Technology, and Research & Development","Work may be conducted outside of California, but justification must be provided as part of the response to Question 1 of the proposal application, and projects must primarily benefit the people of California. Travel outside the state of California is not reimbursable.","To promote safer, more sustainable pest management practices in California, the Department of Pesticide Regulation (DPR) annually funds projects that advance sustainable pest management (SPM) practices through integrated pest management (IPM) research, knowledge, tools, outreach, and implementation ",2026-09-29,2026-09-29,0,closed,,
ca-116685,grants.ca.gov,Department of Health Care Services,Proposition 1 – Behavioral Health Continuum Infrastructure Program Round 2: Unmet Needs,https://infrastructure.buildingcalhhs.com/wp-content/uploads/2025/05/BOND_R2_RFA_FINAL_053025_V2.pdf,state,,,2025-10-28,2025-06-05,closed,Business; Nonprofit; Public Agency; Tribal Government,Health & Human Services,Bond BHCIP funding will allow eligible entities in any regions of California.   *Refer to the RFA for more eligibility requirements.,"Passed in March 2024, Proposition 1 includes Behavioral Health Services Act (SB 326) and the Behavioral Health Infrastructure Bond Act of 2024 (BHIBA) (AB 531). BHIBA is a $6.38B general obligation bond to develop behavioral health treatment facilities and supportive housing for individuals experien",2026-09-29,2026-09-29,0,closed,,
ca-145587,grants.ca.gov,Office of the State Public Defender,Expanded Public Defense Grant (Holistic Defense),https://www.ospd.ca.gov/what-we-do/indigent-defense-improvement-division/training-resources/#grant-opportunities,state,,,2025-10-28,2025-08-27,closed,Other Legal Entity; Public Agency,"Law, Justice, and Legal Services",California counties.,"The grant goal is to expand public defense services, specifically holistic defense, in California.  Holistic defense is a client-centered approach to public defense that addresses client needs beyond their immediate criminal case, including drivers into the criminal legal system and collateral conse",2026-09-29,2026-09-29,0,closed,,
ca-150192,grants.ca.gov,CA Department of Food and Agriculture,"2026 CNIP Expansion – WIC, WIC Farmers’ Market Nutrition Program and Senior Farmers’ Market Nutrition  Program",https://cafarmtofork.cdfa.ca.gov/farm_to_fork/grants/cnip.html,state,,10000500000,2025-11-04,2025-09-24,closed,Business; Nonprofit,Agriculture; Disadvantaged Communities; Food & Nutrition,Applicants live or do business in California,"CNIP Expansion was established to encourage the purchase and consumption of healthy, California-grown fresh fruits, vegetables, and nuts by nutrition benefit clients, including WIC, WIC FMNP, and SFMNP clients.",2026-09-29,2026-09-29,0,closed,,
ca-148092,grants.ca.gov,CA State Library,Lunch at the Library Summer 2026,https://www.library.ca.gov/services/to-libraries/lunch/application-info/,state,,,2025-11-05,2025-09-15,closed,Nonprofit; Public Agency,Disadvantaged Communities; Food & Nutrition; Libraries and Arts,California public libraries only.,Funds and support are available for all California public libraries that help to provide USDA summer meals for children and youth.  The Lunch at the Library program helps California public libraries to establish library locations as U.S Department of Agriculture (USDA) summer meal sites and take pop,2026-09-29,2026-09-29,0,closed,,
ca-8321,grants.ca.gov,Department of Water Resources,Riverine Stewardship Program,https://water.ca.gov/Programs/Integrated-Regional-Water-Management/Riverine-Stewardship-Program/Riverine-Stewardship-Grants,state,,,2025-11-13,2022-06-01,closed,Public Agency,Disadvantaged Communities; Environment & Water,"Geographic Limit of the “Delta export service area” and Counties within the Association of Bay Area Governments (Alameda, Contra Costa, Marin, Napa, San Francisco, San Mateo, Santa Clara, Solano, and Sonoma), areas of the state outside the delta that receive water from the State Water Project or the Central Valley Project, either directly or by exchange, by means of diversions from the Delta.","The RSP supports fish passage improvements & similar projects that increase ecological, stream management, climate, & community improvement benefits. Program goals include protecting, restoring, and enhancing the natural environment of riparian systems. RSP supports innovations in green infrastructu",2026-09-29,2026-09-29,0,closed,,
ca-151608,grants.ca.gov,CA Health and Human Services Agency,Representative Precision Medicine Research Through Partnerships,https://ciapm.chhs.ca.gov/activity/research/representative_research/index.html,state,,12000002000000,2025-11-21,2025-10-15,closed,Nonprofit; Public Agency; Tribal Government,"Disadvantaged Communities; Health & Human Services; Science, Technology, and Research & Development","Projects must take place in California, and data should focus on people that live in California but are not limited to only California populations.    Selection considerations may include project location to balance geographic and institutional diversity of awarded primary and partner organizations, and if at least one partner is located in an area that has not recently received significant investment in federal biomedical research funding.","This funding opportunity aims to support precision medicine and representative research that leverage partnerships within California, include underrepresented populations, who have been underrecognized or historically excluded, as research participants, and reduce health disparities, so that researc",2026-09-29,2026-09-29,0,closed,,
ca-148074,grants.ca.gov,Department of Housing and Community Development,Community Development Block Grant – Disaster Recovery Multifamily Housing Program (DR-MHP) 2023/2024,https://www.hcd.ca.gov/grants-and-funding/disaster-recovery-and-mitigation/disaster-recovery-multifamily-housing-program-cdbg-dr-mhp,state,,,2025-11-21,2025-09-08,closed,Business; Nonprofit; Tribal Government,"Housing, Community and Economic Development","$20,671,840 will be made available in the three counties of Tuolumne, Tulare and San Benito; $27,562,586 in San Diego County; $41,343,879 in Monterey County; and $48,234,525 in Santa Cruz County.","The CDBG-DR MHP 2023/2024 NOFA will provide about $137.8 million to private entities (including for-profit, limited profit, or nonprofit) and Tribal Entities seeking to build in the counties of Tuolumne, Tulare, San Benito, Monterey, San Diego and Santa Cruz to aid in their recovery from the flood d",2026-09-29,2026-09-29,0,closed,,
ca-152424,grants.ca.gov,Department of Conservation,Round 11a Sustainable Agricultural Lands Conservation Program (SALC) Agricultural Conservation Acquisition Grants,https://www.conservation.ca.gov/dlrp/grant-programs/SALCP,state,,,2025-12-01,2025-11-20,closed,Nonprofit; Public Agency; Tribal Government,Agriculture; Environment & Water,State of California,"Permanently protect croplands, rangelands, and lands utilized for the cultivation of traditional resources from conversion to non-agricultural uses.​ Protecting these lands promotes smart growth within existing jurisdictions, ensures open space remains available, and supports healthy agricultural an",2026-09-29,2026-09-29,0,closed,,
ca-150918,grants.ca.gov,Department of Resources Recycling and Recovery,Reusable Beverage Containers Infrastructure Grant Program (FY 2022-23),https://calrecycle.ca.gov/bevcontainer/grants/rbi/fy202023/,state,,300000023750000,2025-12-04,2025-10-07,closed,Business; Nonprofit; Public Agency; Tribal Government,Environment & Water,"Projects must be located within California and service California-located businesses. Applicants will be required to identify the bottle washer processor location at time of application. Applicants must provide a timeline and supporting documentation for obtaining permits in the form of a letter from the appropriate City, County, or State Agency. ","The Dept of Resources Recycling and Recovery (CalRecycle) offers the Reusable Beverage Containers Infrastructure Grant Program pursuant to Assembly Bill (AB) 179 (Chapter 249, Ting, Budget Act of 2022).  The purpose of the grant is to provide infrastructure and start-up costs for establishing a Bott",2026-09-29,2026-09-29,0,closed,,
ca-147783,grants.ca.gov,Employment Development Department,Employment and Training Pathways program (ETPP) Program Year 2025-26 (PY 25-26),https://edd.ca.gov/en/jobs_and_training/WDSFP_Workforce_Development_Solicitations_for_Proposals,state,,5000002000000,2025-12-08,2025-10-29,closed,Nonprofit; Public Agency; Tribal Government,"Disadvantaged Communities; Employment, Labor & Training","The ETPP PY 25-26 seeks proposals that employ strategies that will expand access to high-quality, career-connected learning opportunities for Californians’ English Language Learners (ELLs); justice-involved individuals; opportunity young adults (OYA) who are not working, working in low-wage occupations, have a pattern of intermittent employment, or not in school; and veterans who face systemic barriers to employment.",The ETPP grants will be awarded to develop and implement projects that accelerate pathways to employment for populations facing significant employment barriers into high-demand occupations for good-quality jobs.  The ETPP will develop skill-based pathways by integrating education and workforce train,2026-09-29,2026-09-29,0,closed,,
ca-152757,grants.ca.gov,Governor's Office of Emergency Services,2025-26 California State Nonprofit Security Grant Program (CSNSGP) RFP,https://caloes.intelligrants.com/,state,,250000500000,2025-12-12,2025-10-31,closed,Nonprofit,Disaster Prevention & Relief,All California Counties.,"The purpose of the CSNSGP is to provide funding support for target hardening and other physical security enhancements to nonprofit organizations that are at high risk for violent attacks and hate crimes due to ideology, beliefs, or mission.",2026-09-29,2026-09-29,0,closed,,
ca-152772,grants.ca.gov,CA Department of Corrections and Rehabilitation,Victim Impact Grant Fiscal Years 2026-2028,https://www.cdcr.ca.gov/rehabilitation/wp-content/uploads/sites/173/2025/11/VI-Grant-Request-for-Applications-2026-2028.pdf,state,,,2025-12-13,2025-11-13,closed,Nonprofit,Disadvantaged Communities,"Eligible nonprofit organizations are those offering victim impact programs in a correctional setting whose victim impact programs have demonstrated success and focus on incarcerated individual responsibility and restorative justice principles. If the applicant is a multi-state organization with headquarters in another state, the applicants must have physical offices in California and currently provide services to California residents.","Purpose of the Victim Impact Grants is for eligible nonprofit organizations to deliver victim impact programs that are victim-focused, restorative justice programs designed to promote understanding and sensitivity to the impact of crime on victim/survivors provided by community-based organizations w",2026-09-29,2026-09-29,0,closed,,
ca-150723,grants.ca.gov,Victim Compensation Board,Trauma Recovery Center Grant Fiscal Year 26/27,https://victims.ca.gov/board/grant-opportunities/,state,,,2025-12-15,2025-10-16,closed,Business; Individual; Nonprofit; Public Agency; Tribal Government,Disadvantaged Communities; Health & Human Services,Statewide,The Trauma Recovery Center Grant funds centers throughout California that assist victims of violent crime. These centers provide wrap-around services and assist victims who are typically unserved and underserved communities. ,2026-09-29,2026-09-29,0,closed,,
ca-150234,grants.ca.gov,State Water Resources Control Board,2026 Clean Water Act Section 319 Nonpoint Source Pollution Grant,https://www.waterboards.ca.gov/board_info/agendas/2025/sep/091625_2_guidelines.pdf,state,,500001000000,2025-12-19,2025-09-24,closed,Nonprofit; Public Agency; Tribal Government,Agriculture; Environment & Water,"Projects must address a program preference, which is a specific watershed or waterbody and pollutant combination that is identified by the Regional Water Quality Control Board. Program preferences are listed in the grant guidelines.","The Clean Water Act Section 319 Grant Program supports projects to reduce and mitigate the effects of nonpoint source pollutants to waters of the state within priority watersheds identified by the Regional Water Quality Control Boards. Projects that improve impaired waters, protect high quality wate",2026-09-29,2026-09-29,0,closed,,
ca-104562,grants.ca.gov,Public Utilities Commission,California Advanced Services Fund: Broadband Adoption Account – January 2026 Cycle,https://www.cpuc.ca.gov/industries-and-topics/internet-and-phone/california-advanced-services-fund/casf-adoption-account,state,,,2026-01-01,2025-06-02,closed,Business; Nonprofit; Public Agency,"Disadvantaged Communities; Employment, Labor & Training; Science, Technology, and Research & Development",CA,"The California Advanced Services Fund Broadband Adoption Account provides grants that will increase publicly available or after-school broadband access and digital inclusion, such as grants for digital literacy training programs and public education to communities with limited broadband adoption.",2026-09-29,2026-09-29,0,closed,,
ca-154170,grants.ca.gov,CA Department of Food and Agriculture,2026 Pet Lover's Spay and Neuter Grant Program,https://www.cdfa.ca.gov/SpayNeuter/,state,,2500050000,2026-01-05,2025-12-05,closed,Nonprofit; Public Agency,Animal Services,CA,"The purpose of this program is to help stop pet overpopulation in California by providing funds for spay/neuter services to municipalities and non-profit organizations in California.  This program is funded by the Pet Lover’s License Plate Program, from the sale and renewal of the specailty license ",2026-09-29,2026-09-29,0,closed,,
ca-158979,grants.ca.gov,Department of Resources Recycling and Recovery,Farm and Ranch Solid Waste Clean Up and Abatement Grant Program FR89,https://calrecycle.ca.gov/lea/grantsloans/farmranch/fy202526/,state,,100000,2026-01-07,2025-07-07,closed,Public Agency; Tribal Government,Agriculture; Disadvantaged Communities; Environment & Water,"Sites must be located on 'Farm and Ranch' property, defined in CCR Section 17991(d) as range or agricultural land used for activities such as, but not limited to, commercial livestock/crop production (various). The site need not have active sales or production, but shall be appropriately zoned/otherwise authorized for agricultural activities. Appurtenant easements or right-of-ways such as, but not limited to, public roads and utilities included.","The Farm & Ranch Solid Waste Clean Up & Abatement Grant program provides funding for cleaning up and preventing illegal dumping on agricultural properties (CCR, Section 17991(d)). Each fiscal year has four application cycles, with the fourth serving as the pilot cycle. Cycle 89 (FR89) is the second ",2026-09-29,2026-09-29,0,closed,,
ca-154536,grants.ca.gov,CA Department of Corrections and Rehabilitation,Victim Offender Dialogue Fiscal Year 2026-2028,https://www.cdcr.ca.gov/victim-services/grant-programs/,state,,,2026-01-09,2025-12-08,closed,Nonprofit,"Disadvantaged Communities; Health & Human Services; Law, Justice, and Legal Services",Applications will be accepted at all CDCR locations throughout California and all counties.  This designation is only for the purposes of this RFA. Applicants must serve a minimum of 5 facilities and should designate these locations in the application packet. ,The purpose of the Victim Offender Dialogue Program Grants is to provide grants to eligible nonprofit organizations to provide facilitation services within the CDCR VOD program. The funding is designed to help maintain and increase the number of facilitators to sustain quality and restorative justic,2026-09-29,2026-09-29,0,closed,,
ca-153777,grants.ca.gov,Department of Conservation,Round 11a Sustainable Agricultural Lands Conservation Program (SALC) Planning Grants,https://www.conservation.ca.gov/dlrp/grant-programs/SALCP,state,,,2026-01-15,2025-11-20,closed,Nonprofit; Public Agency; Tribal Government,Agriculture; Environment & Water,State of California,"To protect critical agricultural lands, to support infill & compact development, and to avoid increases in the greenhouse gas emissions associated with the conversion of agricultural land to non-agricultural uses. Planning grants support the development of local and regional land use policies and ec",2026-09-29,2026-09-29,0,closed,,
ca-153927,grants.ca.gov,Air Resources Board,Community Engagement for the California Satellite Methane Project: Third-Party Administrator Grant Solicitation,https://ww2.arb.ca.gov/california-satellite-methane-community-engagement-grant-solicitation,state,,,2026-01-20,2025-11-26,closed,Nonprofit; Other Legal Entity; Public Agency; Tribal Government,Disadvantaged Communities; Environment & Water,Must be based in California,"The California Air Resources Board (CARB) is seeking one or more third-partyadministrator (3PA) Grantee(s), through a competitive solicitation, to administer grantsto community-based organizations (CBO) and collaborate with them to develop andcarry out statewide community engagement activities relat",2026-09-29,2026-09-29,0,closed,,
ca-154677,grants.ca.gov,CA Department of Education,Tobacco-Use Prevention and  Youth Engagement Grant (Cohort 2026–29),https://www.cde.ca.gov/fg/fo/r29/tpyerfa2629.asp,state,,75000750000,2026-01-23,2025-12-17,closed,Public Agency,Education,Statewide Local Education Agencies may apply for this grant.,"The purpose of this RFA is to help LEAs develop and implement effective tobacco prevention and education programs for students in grades six through twelve.  This deviation is a result of declining tobacco tax revenues and a reduction in prevalence of youth tobacco use and vaping, which dropped from",2026-09-29,2026-09-29,0,closed,,
ca-153699,grants.ca.gov,Coastal Conservancy,Explore the Coast,https://scc.ca.gov/2025/11/12/explore-the-coast-2026-rfp-now-open/,state,,1100000,2026-01-30,2025-11-19,closed,Nonprofit; Public Agency; Tribal Government,Disadvantaged Communities; Environment & Water; Parks & Recreation,"Based on the funding sources, projects must involve participants visiting the coast of California, including the shores of bays. Projects can bring participants from throughout the state to the coast, including participants from inland areas.", The Explore the Coast grant program seeks to provide enjoyable coastal experiences for people and communities who face challenges or barriers to accessing the coast.,2026-09-29,2026-09-29,0,closed,,
ca-152886,grants.ca.gov,Department of Housing and Community Development,"Tribal Homeless Housing, Assistance and Prevention Program Round 4 (Tribal HHAP 4)",https://www.hcd.ca.gov/grants-and-funding/programs-active/tribal-homeless-housing-assistance-and-prevention-grants-program,state,,,2026-01-30,2025-11-14,closed,Tribal Government,"Disadvantaged Communities; Employment, Labor & Training; Housing, Community and Economic Development",The Tribal HHAP Program is available to all California Federally Recognized Tribes. ,"Tribal HHAP provides flexible funding to California Federally Recognized Tribes for a variety of unique, culturally responsive interventions to prevent and address homelessness in their communities.",2026-09-29,2026-09-29,0,closed,,
ca-153936,grants.ca.gov,CA Department of Food and Agriculture,CDFA Pierce's Disease and Glassy-winged Sharpshooter Board Research and Outreach Program,https://www.cdfa.ca.gov/pdcp/grants/,state,,,2026-01-31,2025-12-01,closed,Individual; Nonprofit; Public Agency; Tribal Government,"Agriculture; Environment & Water; Food & Nutrition; Science, Technology, and Research & Development",CA,"The California Department of Food and Agriculture's Pierce's Disease and Glassy-winged Sharpshooter Board (CDFA PD/GWSS Board) provides funding support to research and outreach projects focused on protecting vineyards, preventing the spread of pests and diseases, and delivering practical and sustain",2026-09-29,2026-09-29,0,closed,,
ca-155100,grants.ca.gov,CA Department of Education,2026-27 Fresh Fruit and Vegetable Program (FFVP) Grant,https://www.cde.ca.gov/fg/fo/profile.asp?id=7439&recID=7439,state,,,2026-02-06,2025-12-16,closed,Nonprofit; Other Legal Entity; Public Agency,Food & Nutrition,CA,"The purpose of this program is to provide an additional free fresh fruit or vegetable snack to elementary school students during the school day as a supplement to (and not part of) the School Breakfast Program (SBP) and the National School Lunch Program (NSLP), and to teach students about good nutri",2026-09-29,2026-09-29,0,closed,,
ca-155220,grants.ca.gov,Public Utilities Commission,2025-26 Digital Divide Grant Program Round 3,https://www.cpuc.ca.gov/consumer-support/financial-assistance-savings-and-discounts/california-teleconnect-fund/digital-divide-grant-program,state,,50000100000,2026-02-12,2025-12-18,closed,Nonprofit; Public Agency,"Disadvantaged Communities; Education; Housing, Community and Economic Development; Science, Technology, and Research & Development","The Digital Divide Grant Program is for a rural or urban small school district with a FRMP of at least 50%. The DDGP relies on data from the California Department of Education (CDE) to determine eligibility. CDE designates small districts that have an Average Daily Attendance (ADA) of less than 2,500 students; medium are over 2,500 students; large districts are over 10,000 students. The urban/rural designation is from US Census track data.","The Digital Divide Grant Program will award one grant of $100,000 for rural and urban public schools and two grants of up to $50,000 each for non-profit Community Based Organizations (CBO). The grants will fund digital projects that serve beneficiary public schools/districts and non-profit Community",2026-09-29,2026-09-29,0,closed,,
ca-158163,grants.ca.gov,CA Department of Education,2026-27 School Breakfast Program (SBP) and Summer Meal Program (SMP) Start-Up and Expansion Grant,https://www.cde.ca.gov/ls/nu/sn/sbsfgrant.asp,state,,150000,2026-02-13,2026-01-13,closed,Public Agency,Food & Nutrition,CA,"The intent of the grant is for the California Department of Education (CDE) to award competitive grants of up to $15,000 per school site for nonrecurring expenses incurred when initiating or expanding an SBP or SMP. The following types of grants are available:  Start-up grants for costs associated w",2026-09-29,2026-09-29,0,closed,,
ca-156531,grants.ca.gov,Governor's Office of Emergency Services,FY 2025-26 Listos California Regional Grant (LL) – Southern,https://caloes.intelligrants.com/,state,,,2026-02-23,2025-12-29,closed,Nonprofit,Disaster Prevention & Relief,"Applicants must be a nonprofit organization with 501(c)(3) status; and, must serve a minimum of two counties within the Southern Region, which consists of the following counties: Imperial, Inyo, Los Angeles, Mono, Orange, Riverside, San Bernardino, San Diego, San Luis Obispo, Santa Barbara, and Ventura.",The purpose of the LL Program is to support organizations within California’s Southern Region that serve multiple counties with equity priority factors located in areas at moderate to high risk of disaster. Nonprofits throughout the Southern Region can work independently or subgrant with local nonpr,2026-09-29,2026-09-29,0,closed,,
ca-146205,grants.ca.gov,Department of Parks and Recreation,Grants and Cooperative Agreements Program (GCA) – G26,https://ohv.parks.ca.gov/?page_id=30524,state,,,2026-03-02,2026-01-12,closed,Nonprofit; Public Agency; Tribal Government,Education; Environment & Water; Parks & Recreation,All Projects shall reside on public lands within the State of California.,"The Grants and Cooperative Agreements (GCA) Program provides for well managed Off-Highway Vehicle (OHV) Recreation by providing financial assistance to eligible agencies and organizations that develop, maintain, operate, expand, support, or contribute to well managed, high-quality, OHV Recreation ar",2026-09-29,2026-09-29,0,closed,,
ca-175221,grants.ca.gov,Department of Health Care Access and Information,Peer Personnel Training and Placement Program 2026 Application,https://hcai.ca.gov/wp-content/uploads/2025/12/2026-27-Peer-Personnel-Grant-Guide.pdf,state,,,2026-03-06,2026-01-09,closed,Nonprofit; Public Agency,Education; Health & Human Services,Programs must be located in the state of California.,"This grant opportunity will result in agreement(s) with public, private, and nonprofit organizations, including faith-based and community-based organizations (CBOs), for training and support that facilitates the training and placement of peer personnel.",2026-09-29,2026-09-29,0,closed,,
ca-158301,grants.ca.gov,Governor's Office of Emergency Services,FFY 2024 State & Local Cybersecurity Grant – State Agency (SG) RFP,https://www.caloes.ca.gov/office-of-the-director/policy-administration/finance-administration/grants-management/search-for-grants/,state,,1250000,2026-03-13,2026-01-16,closed,Public Agency,Disaster Prevention & Relief,Statewide,"The purpose of the SG Program is to assist agencies of the State of California address cybersecurity risks and threats to information systems, and improve security of critical infrastructure and resilience of the services these entities provide to their communities.",2026-09-29,2026-09-29,0,closed,,
ca-158304,grants.ca.gov,Governor's Office of Emergency Services,FFY 2024 State & Local Cybersecurity Grant – Local & Tribal (SL) RFP,https://www.caloes.ca.gov/office-of-the-director/policy-administration/finance-administration/grants-management/search-for-grants/,state,,1250000,2026-03-13,2026-01-16,closed,Public Agency,Disaster Prevention & Relief,Statewide,"The purpose of the SL Program is to assist local governments, including school districts and special districts, and federally recognized tribes address cybersecurity risks and threats to information systems, and improve security of critical infrastructure and resilience of the services these entitie",2026-09-29,2026-09-29,0,closed,,
ca-161805,grants.ca.gov,Board of State and Community Corrections,Proposition 64 Public Health and Safety Grant Program Cohort 4,https://www.bscc.ca.gov/proposition-64-public-health-safety-grant-program/,state,,,2026-03-30,2026-02-18,closed,Public Agency,"Agriculture; Disadvantaged Communities; Education; Environment & Water; Health & Human Services; Law, Justice, and Legal Services",CA,"Revenue and Taxation Code (RTC), Section 34019, subd. (f)(3)(C) states the BSCC will provide grant funds to local governments that assist with law enforcement, fire protection, or other local programming to address public health and safety associated with the implementation of the Control, Regulate ",2026-09-29,2026-09-29,0,closed,,
ca-173703,grants.ca.gov,Department of Resources Recycling and Recovery,"Community Composting for Green Spaces, Cycle 5 (FY 2021-22)",https://calrecycle.ca.gov/funding/communitycomposting/,state,,6895782068734,2026-03-30,2026-03-15,closed,Nonprofit,Agriculture; Disadvantaged Communities; Environment & Water; Food & Nutrition,"Project sites must be within the Region the applicant applies for.  California Alliance for Community Composting will be eligible for funding to assist with community composting throughout all regions of California except for the Greater Los Angeles Region.  LA Compost is eligible for funding to assist with community composting in the Greater Los Angeles Region (Los Angeles, Orange, Santa Barbara, and Ventura Counties).",The purpose of this program is to provide opportunities to increase the number of small- scale composting programs supporting green spaces and expand community knowledge about the benefits of compost use and proper composting techniques. This cycle is dedicated to continuing supporting the work of C,2026-09-29,2026-09-29,0,closed,,
ca-158988,grants.ca.gov,Department of Resources Recycling and Recovery,Farm and Ranch Solid Waste Clean Up and Abatement Grant Program FR90,https://calrecycle.ca.gov/lea/grantsloans/farmranch/fy202526/,state,,,2026-04-07,2026-01-07,closed,Public Agency; Tribal Government,Agriculture; Disadvantaged Communities; Environment & Water,"Sites must be located on 'Farm and Ranch' property, defined in CCR Section 17991(d) as range or agricultural land used for activities such as, but not limited to, commercial livestock/crop production (various). The site need not have active sales or production, but shall be appropriately zoned/otherwise authorized for agricultural activities. Appurtenant easements or right-of-ways such as, but not limited to, public roads and utilities included.","The Farm & Ranch Solid Waste Clean Up & Abatement Grant program provides funding for cleaning up and preventing illegal dumping on agricultural properties (CCR, Section 17991(d)). Each fiscal year has four application cycles, with the fourth serving as the pilot cycle. Cycle 90 (FR90) is the fourth ",2026-09-29,2026-09-29,0,closed,,
ca-164742,grants.ca.gov,CA Department of Food and Agriculture,Fertilizer Research and Education Program (FREP) Call for Proposals,https://www.cdfa.ca.gov/is/ffldrs/frep/pdfs/2026_FREP_Request_for_Pre-Proposals.pdf,state,,225000300000,2026-04-27,2026-04-16,closed,Business; Individual; Nonprofit; Other Legal Entity; Public Agency; Tribal Government,Agriculture,Projects must be related to irrigation and nutrient management practices in California. ,The California Department of Food and Agriculture’s (CDFA) Fertilizer Research and Education Program (FREP) funds and facilitates projects to advance the environmentally safe and agronomically sound use and handling of fertilizing materials.,2026-09-29,2026-09-29,0,closed,,
ca-163110,grants.ca.gov,Department of Financial Protection and Innovation,CalMoneySmart 2026-2028 Grant Program,https://dfpi.ca.gov/consumers/grant-programs/calmoneysmart/,state,,,2026-04-27,2026-03-30,closed,Nonprofit,"Consumer Protection; Disadvantaged Communities; Education; Housing, Community and Economic Development",CalMoneySmart grant funds may only be used to serve residents of California. Applicants headquartered outside the state are eligible to apply but must provide documentation demonstrating good standing to conduct business both in California and in their home state.,"CalMoneySmart aims to advance financial empowerment for unbanked and underbanked Californians by investing in nonprofit organizations that deliver free, high-quality financial education and related services. The program equips nonprofits with grants of up to $200,000 per year to help reduce socioeco",2026-09-29,2026-09-29,0,closed,,
ca-159342,grants.ca.gov,CA Department of Food and Agriculture,Vertebrate Pest Control Research Program,https://www.cdfa.ca.gov/plant/ipc/vertebrates/,state,,,2026-04-29,2026-01-27,closed,Individual; Nonprofit; Other Legal Entity; Public Agency; Tribal Government,"Agriculture; Environment & Water; Health & Human Services; Science, Technology, and Research & Development",Proposals that originate from outside of California are considered if the proposal includes relevance to vertebrate pest concerns within California.,"Proposals may focus on research and/or education projects to enhance control measures of vertebrate pests that pose a significant threat to the welfare of state’s agricultural economy, infrastructure, environment, and the public. CDFA does not support proprietary product development projects. Propos",2026-09-29,2026-09-29,0,closed,,
ca-164637,grants.ca.gov,Workforce Development Board,High Road to Construction Careers 2026 (HRCC 2026) Grant Program,https://cwdb.ca.gov/wp-content/uploads/sites/43/2026/04/HRCC-2026_RFA_26_4_13.pdf,state,,,2026-05-06,2026-04-15,closed,Business; Individual; Nonprofit; Tribal Government,"Disadvantaged Communities; Education; Employment, Labor & Training",Statewide,"The California Workforce Development Board (CWDB), in partnership with the California Department of Transportation (Caltrans), is pleased to announce the availability of $8 million in grant funding for Round One of the High Road to Construction Careers 2026 (HRCC 2026) Grant Program, a California Jo",2026-09-29,2026-09-29,0,closed,,
ca-163071,grants.ca.gov,CA Arts Council,General Operating Support,https://arts.ca.gov/grants/grant-programs/,state,,,2026-05-12,2026-03-23,closed,Nonprofit; Tribal Government,Libraries and Arts,"Organizations serving historically and systemically under-resourced communities located in the lower two quartiles of the Healthy Places Index (HPI), including rural and inland areas as well as regions with a history of low investment from the CAC  o Applicants whose business address falls in the lower two quartiles of the HPI will meet the HPI priority criteria.  o Additional 0.5 point added to the rank.","The General Operating Support grant program provides direct funding to arts and cultural organizations in support of ongoing operations.   An arts and cultural organization is defined as an entity with a primary purpose of providing arts, creative, or cultural programming/services. Assessed by CAC s",2026-09-29,2026-09-29,0,closed,,
ca-163083,grants.ca.gov,CA Arts Council,State-Local Partner Mentorship,https://arts.ca.gov/grants/grant-programs/,state,,,2026-05-12,2026-03-23,closed,Nonprofit; Public Agency; Tribal Government,Libraries and Arts,Have a principal place of business in California and a California address. ,The State-Local Partner Mentorship (SLP-M) program is intended to support the establishment of a county-designated local arts agency in each of the three counties in which no such agency has currently been identified (Glenn and Kings).,2026-09-29,2026-09-29,0,closed,,
ca-163074,grants.ca.gov,CA Arts Council,Impact Projects,https://arts.ca.gov/grants/grant-programs/,state,,,2026-05-12,2026-03-23,closed,Nonprofit; Public Agency; Tribal Government,Libraries and Arts,Applicant organizations and fiscal sponsors must meet the requirements below: Have a principal place of business in California and a California address. ,"The purpose is to support collaborative projects that center artists and artistic practice in responding to issues experienced by historically and systemically under-resourced communities, including but not limited to, social, political, and economic inequalities. This program prioritizes California",2026-09-29,2026-09-29,0,closed,,
ca-163077,grants.ca.gov,CA Arts Council,Arts and Youth,https://arts.ca.gov/grants/grant-programs/,state,,,2026-05-12,2026-03-23,closed,Nonprofit; Public Agency; Tribal Government,Education; Libraries and Arts,Applicants must have a principal place of business in California. ,"The Arts and Youth program expands meaningful arts participation and learning in diverse settings and contexts for infants, children, and youth ages 0-25 by prioritizing programs that directly bridge barriers to access and participation. ",2026-09-29,2026-09-29,0,closed,,
ca-164064,grants.ca.gov,CA Department of Food and Agriculture,Healthy Soils Program Block Grant,https://www.cdfa.ca.gov/oars/healthysoils/,state,,20000004000000,2026-05-15,2026-04-06,closed,Nonprofit; Other Legal Entity; Public Agency; Tribal Government,"Agriculture; Disadvantaged Communities; Environment & Water; Food & Nutrition; Science, Technology, and Research & Development",Statewide eligibility,"Voters approved Proposition 4 (the Climate Bond) on November 5, 2024. The Climate Bond authorizes Healthy Soils Program:  Healthy Soils Program: $65 million to promote practices on farms and ranches that improve soil health or accelerate atmospheric carbon removal or soil carbon sequestration.",2026-09-29,2026-09-29,0,closed,,
ca-164025,grants.ca.gov,CA Department of Food and Agriculture,State Water Efficiency and Enhancement Program Block Grants,https://www.cdfa.ca.gov/oars/climate-bond-funding/,state,,20000004000000,2026-05-15,2026-04-06,closed,Nonprofit; Public Agency; Tribal Government,Agriculture; Energy; Environment & Water,Statewide eligibility,"Voters approved Proposition 4 (the Climate Bond) on November 5, 2024. The Climate Bond authorizes:  ·       SWEEP: $40 million to promote on-farm water use efficiency with a focus on multiple-benefit projects that improve resilience to climate change and save water on California agricultural operati",2026-09-29,2026-09-29,0,closed,,
ca-164004,grants.ca.gov,Department of Health Care Services,California Services to Science Academy (CSSA) Cohort 2.0: Technical Support and Assistance for Promising and Innovative Prevention Programs,https://super.ucla.edu/wp-content/uploads/2026/04/UCLA-CSSA-Cohort-2.0-RFA-Final-ADA.pdf,state,,102500,2026-05-29,2026-04-17,closed,Nonprofit; Public Agency; Tribal Government,Disadvantaged Communities; Health & Human Services,Statewide. Must be located in California and service California. ,"The CSSA Cohort 2.0 grant supports youth-serving non-profit community or tribal organizations, or counties implementing Substance Use Prevention, Treatment, and Recovery Services Block Grant (SUBG)-funded prevention programs in California to strengthen and evaluate innovative substance use preventio",2026-09-29,2026-09-29,0,closed,,
ca-171483,grants.ca.gov,Baldwin Hills & Urban Watersheds Conservancy,Baldwin Hills & Urban Watersheds Conservancy (BH UWC) Proposition 68 Grant Program,https://bhc.ca.gov/wp-content/uploads/2025/07/Prop_68_Grant_Guidelines.pdf,state,,,2026-06-01,2026-05-06,closed,Nonprofit; Public Agency; Tribal Government,Disadvantaged Communities; Environment & Water; Parks & Recreation,The jurisdictional territory extends approximately 70.2 square miles. Click here to see if your proposed project is within the service area: Map.,"The Baldwin Hills & Urban Watersheds Conservancy Proposition 68 Grant Program aims to award projects and programs that improve, create, and rehabilitate parks, enhance water security, and protect natural resources. ",2026-09-29,2026-09-29,0,closed,,
ca-173319,grants.ca.gov,Department of Parks and Recreation,Grants and Cooperative Agreements Program (GCA)- G26,https://ohv.parks.ca.gov/?page_id=30524,state,,,2026-06-01,2026-05-29,closed,Nonprofit; Public Agency; Tribal Government,Education; Environment & Water; Parks & Recreation,All Projects shall reside on public lands within the State of California.,"The Grants and Cooperative Agreements (GCA) Program provides for well managed Off-Highway Vehicle (OHV) Recreation by providing financial assistance to eligible agencies and organizations that develop, maintain, operate, expand, support, or contribute to well managed, high-quality, OHV Recreation ar",2026-09-29,2026-09-29,0,closed,,
ca-164847,grants.ca.gov,CA State Library,2026-2027 LSTA Digital Literacy and Access,https://www.library.ca.gov/services/to-libraries/broadband/,state,,,2026-06-03,2026-04-22,closed,Public Agency,Libraries and Arts,Grant opportunity is limited to California.,"Public libraries provide access to digital resources and the skills to safely use those resources, which are key components of the Broadband for All Initiative. The goals of this opportunity are to help libraries improve access to high-speed broadband and improve digital literacy in their communitie",2026-09-29,2026-09-29,0,closed,,
ca-171387,grants.ca.gov,CA Natural Resources Agency,Urban Greening 2026,https://resources.ca.gov/grants/urban-greening,state,,2000005000000,2026-06-04,2026-05-04,closed,Nonprofit; Public Agency,"Disadvantaged Communities; Environment & Water; Housing, Community and Economic Development; Parks & Recreation","Statewide. Priority will be given to projects that are in and serve disadvantaged communities. Projects must be located in an urban area. The minimum qualifying threshold for inclusion as an urban area is a geographic territory that contains at least 2,000 housing units or has a population of at least 5,000. To determine if your project is located within an urban area, refer to the 2020 California Urban Areas layer in California Census Map.","Urban Greening Grant Program funds projects that use nature-based solutions to mitigate the urban heat island effect, rising temperatures, and extreme heat impacts in urban areas.",2026-09-29,2026-09-29,0,closed,,
ca-162393,grants.ca.gov,Department of Forestry and Fire Protection,CAL FIRE Forest Health,https://www.fire.ca.gov/what-we-do/grants/forest-health,state,,,2026-06-08,2026-03-02,closed,Business; Individual; Nonprofit; Public Agency; Tribal Government,Environment & Water,California,"CAL FIRE’s Forest Health Program funds active restoration and reforestation activities aimed at providing for more resilient and sustained forests to ensure future existence of forests in California while also mitigating climate change, protecting communities from fire risk, strengthening rural econ",2026-09-29,2026-09-29,0,closed,,
ca-171591,grants.ca.gov,Department of Industrial Relations,California Workplace Outreach Project (CWOP) Supplemental Request for Applications (RFA) Program Year (PY) 2026-2027,https://www.dir.ca.gov/outreach/cwop/,state,,200000500000,2026-06-12,2026-05-13,closed,Nonprofit; Other Legal Entity; Public Agency,"Agriculture; Disadvantaged Communities; Disaster Prevention & Relief; Employment, Labor & Training; Environment & Water; Health & Human Services; Housing, Community and Economic Development; Law, Justice, and Legal Services","CWOP grantees conduct outreach in 10 Regions. These supplemental funds will prioritize gaps and emerging needs, particularly in the following regions: Northern, San Diego, Imperial, Central Coast, San Joaquin Valley, and disaster-impacted areas.","CWOP empowers community-based organizations (CBOs) to be trusted messengers for DIR and the Labor and Workforce Development Agency, delivering crucial information on workers’ rights and safety measures to workers, employers, and their communities. The present RFA is intended to supplement the curren",2026-09-29,2026-09-29,0,closed,,
ca-174552,grants.ca.gov,Department of Conservation,Round 11b Sustainable Agricultural Lands Conservation Program (SALC) Agricultural Conservation Acquisition Grants,https://www.conservation.ca.gov/dlrp/grant-programs/SALCP,state,,,2026-06-17,2026-06-03,closed,Nonprofit; Public Agency; Tribal Government,Agriculture; Environment & Water,State of California,"Permanently protect croplands, rangelands, and lands utilized for the cultivation of traditional resources from conversion to non-agricultural uses.​ Protecting these lands promotes smart growth within existing jurisdictions, ensures open space remains available, and supports healthy agricultural an",2026-09-29,2026-09-29,0,closed,,
ca-162837,grants.ca.gov,Department of Justice (Office of the Attorney General),Tobacco Grant Program FY 2026/27,https://oag.ca.gov/tobaccogrants#about,state,,,2026-06-19,2026-04-20,closed,Public Agency,"Consumer Protection; Health & Human Services; Law, Justice, and Legal Services",CA,The California Department of Justice (DOJ) Tobacco Grant Program (TGP) supports local law enforcement efforts to reduce illegal sale and marketing of tobacco products to youth and to enforce state tobacco products to youth and to enforce state tobacco control laws. Additional information about the p,2026-09-29,2026-09-29,0,closed,,
ca-175878,grants.ca.gov,Governor's Office of Business and Economic Development,Emerging Technologies State Staff Academy Grant,https://business.ca.gov/about/publications/,state,,1500000,2026-06-29,2026-06-12,closed,Nonprofit,"Science, Technology, and Research & Development",Must be legally authorized to conduct business in California. Must be in good standing and have active status with the California Secretary of State. ,The Governor’s Office of Business & Economic Development (GO-Biz) leads on the implementation of the California Jobs First initiative. The GO-Biz Innovation and Emerging Technologies Unit supports the advancement of emerging technologies sectors that are recognized under the California Economic Blue,2026-09-29,2026-09-29,0,closed,,
ca-173907,grants.ca.gov,CA Department of Food and Agriculture,Biologically Integrated Farming Systems,https://www.cdfa.ca.gov/oars/opca/bifs.html,state,,9000001000000,2026-06-30,2026-06-03,closed,Nonprofit; Other Legal Entity; Tribal Government,Agriculture,CA,"The goal of the revitalized Biologically Integrated Farming Systems (BIFS) grant program is to provide outreach of innovative, biologically integrated plant-based farming systems that reduce chemical pesticide inputs. This includes efforts to: 1) Enhance knowledge, research, and technical assistance",2026-09-29,2026-09-29,0,closed,,
ca-130719,grants.ca.gov,Department of Resources Recycling and Recovery,Redemption Innovation Grant Program,https://calrecycle.ca.gov/bevcontainer/grants/rig/fy202324and202425/,state,,50000010000000,2026-06-30,2025-08-04,closed,Business; Individual; Nonprofit,Environment & Water,"Private entities must be authorized to conduct business in the State of California, by being registered and in good standing with California Secretary of State as a business located in California.  Private, nonprofit entities, in addition to being registered and in good standing with California Secretary of State, must also be registered and in good standing with the California Department of Justice.   ","The Department of Resources Recycling and Recovery (CalRecycle) offers the Beverage Container Redemption Innovation Grant Program pursuant to Senate Bill (SB) 101 (Chapter 12, Skinner, Budget Act of 2023) and Assembly Bill (AB) 107 (Chapter 22, Gabriel, Budget Act of 2024).  The purpose of the grant",2026-09-29,2026-09-29,0,closed,,
ca-156414,grants.ca.gov,Public Utilities Commission,California Advanced Services Fund: Broadband Adoption Account – July 2026 Cycle,https://www.cpuc.ca.gov/industries-and-topics/internet-and-phone/california-advanced-services-fund/casf-adoption-account,state,,,2026-07-01,2026-01-02,closed,Business; Nonprofit; Public Agency,"Disadvantaged Communities; Education; Science, Technology, and Research & Development",CA,"The California Advanced Services Fund Broadband Adoption Account provides grants that will increase publicly available or after-school broadband access and digital inclusion, such as grants for digital literacy training programs and public education to communities with limited broadband adoption",2026-09-29,2026-09-29,0,closed,,
ca-184098,grants.ca.gov,CA Department of Education,2025-26 Fresh Fruit and Vegetable Program (FFVP) Grant,https://www.cde.ca.gov/fg/fo/profile.asp?id=6341&recID=6341,state,,,2026-07-07,2026-07-06,closed,Nonprofit; Other Legal Entity; Public Agency,Food & Nutrition,CA,"The purpose of this program is to provide an additional free fresh fruit or vegetable snack to elementary school students during the school day as a supplement to (and not part of) the School Breakfast Program (SBP) and the National School Lunch Program (NSLP), and to teach students about good nutri",2026-09-29,2026-09-29,0,closed,,
ca-161736,grants.ca.gov,Department of Resources Recycling and Recovery,Farm and Ranch Solid Waste Cleanup and Abatement Grant Program FR91,https://calrecycle.ca.gov/lea/grantsloans/farmranch/fy202526/,state,,,2026-07-08,2026-05-05,closed,Public Agency; Tribal Government,Agriculture; Disadvantaged Communities; Environment & Water,"Sites must be located on 'Farm and Ranch' property, defined in CCR Section 17991(d) as range or agricultural land used for activities such as, but not limited to, commercial livestock/crop production (various). The site need not have active sales or production, but shall be appropriately zoned/otherwise authorized for agricultural activities. Appurtenant easements or right-of-ways such as, but not limited to, public roads and utilities included.","The Farm & Ranch Solid Waste Clean Up & Abatement Grant program provides funding for cleaning up and preventing illegal dumping on agricultural properties (CCR, Section 17991(d)). Each fiscal year has four application cycles, with the fourth serving as the pilot cycle. Cycle 91 (FR91) is the first c",2026-09-29,2026-09-29,0,closed,,
ca-171372,grants.ca.gov,Coastal Conservancy,Sea Otter Recovery,https://scc.ca.gov/2026/04/29/sea-otter-rfp-is-open/,state,,,2026-07-17,2026-04-29,closed,Nonprofit; Public Agency; Tribal Government,Animal Services; Environment & Water,CA,Conservancy grants funded by the California Sea Otter Fund can be used for a variety of activities related to southern sea otter recovery and improving the nearshore ecosystem.,2026-09-29,2026-09-29,0,closed,,
ca-183486,grants.ca.gov,Department of Health Care Services,OPIOID AND STIMULANT USE DISORDER PREVENTION AND EDUCATION,https://www.shfcenter.org/wp-content/uploads/2026/06/SOR-4-NEW-RFA-2026_Final_06122026_ADA.pdf,state,,1200000,2026-07-22,2026-06-24,closed,Nonprofit,Health & Human Services,"The organization must have a primary location in the state of California or if outside of the state, a location in California (note that all activities must take place in California).",This program will be supported by the California State Opioid Response (SOR) IV grant program funded by DHCS. This grant was provided to DHCS by the U.S. Substance Abuse and Mental Health Services Administration (SAMHSA). The SOR IV grant supports the DHCS Opioid Response Project which aims to addre,2026-09-29,2026-09-29,0,closed,,
ca-173910,grants.ca.gov,Sierra Nevada Conservancy,2026 Wildfire and Forest Resilience Directed Grant Program,https://sierranevada.ca.gov/grants/wildfire-forest-resilience/,state,,,2026-07-27,2026-06-08,closed,Nonprofit; Public Agency; Tribal Government,Disadvantaged Communities; Disaster Prevention & Relief; Environment & Water,A project must be located within SNC’s service area. The Sierra-Cascade Region covers nearly 27 million acres and includes all or part of 24 counties in California. Proposition 4 requires that at least 40 percent of the total funds available shall be allocated for projects that provide meaningful and direct benefits to vulnerable populations or disadvantaged communities. The SNC will follow these requirements for awards under the Program.,"This grant program is focused on high-impact forest-health projects that deliver strong, direct benefits to communities, critical infrastructure, or unique natural resources. Examples include constructing or improving fuelbreaks, protecting water supplies, improving safety along ingress/egress route",2026-09-29,2026-09-29,0,closed,,
ca-171843,grants.ca.gov,Department of Forestry and Fire Protection,CAL FIRE Forest Health Research Program (FY 2026-27) Proposition 4 California Climate Bond Grants (RP-RFP-2026-03),https://www.fire.ca.gov/what-we-do/grants/forest-health-research-program/applicant-and-grantee-resources,state,,10000001500000,2026-07-30,2026-06-11,closed,Nonprofit; Public Agency; Tribal Government,"Environment & Water; Science, Technology, and Research & Development",Projects must be focused on and relevant to forests and other California ecosystems and their management. A significant portion of the geographic area proposed for study must be contained within California and may include adjacent lands contiguous and representative of California sites. Any sites external to California and discontinuous to study areas within the state require justification. Study areas may not be located outside the United States,"The intent of CAL FIRE's Forest Health Research Program is to fund scientific research that expands our knowledge in topics related to forest health and wildland fire.  The outcomes of these projects will support agencies, organizations, landowners, and policy makers, while furthering the goals of t",2026-09-29,2026-09-29,0,closed,,
ca-171837,grants.ca.gov,Department of Forestry and Fire Protection,CAL FIRE Forest Health Research Program (FY 2026-27) California Climate Investments Graduate Student Grants (RP-RFP-2026-02),https://www.fire.ca.gov/what-we-do/grants/forest-health-research-program/applicant-and-grantee-resources,state,,,2026-07-30,2026-06-11,closed,Individual; Nonprofit; Public Agency; Tribal Government,"Environment & Water; Science, Technology, and Research & Development",Projects must be focused on and relevant to forests and other California ecosystems and their management. A significant portion of the geographic area proposed for study must be contained within California and may include adjacent lands contiguous and representative of California sites. Any sites external to California and discontinuous to study areas within the state require justification. Study areas may not be located outside the United States,"The intent of CAL FIRE's Forest Health Research Program is to fund scientific research that expands our knowledge in topics related to forest health and wildland fire.  The outcomes of these projects will support agencies, organizations, landowners, and policy makers, while furthering the goals of t",2026-09-29,2026-09-29,0,closed,,
ca-171786,grants.ca.gov,Department of Forestry and Fire Protection,CAL FIRE Forest Health Research Program (FY 2026-27) California Climate Investments Grants (RP-RFP-2026-01),https://www.fire.ca.gov/what-we-do/grants/forest-health-research-program/applicant-and-grantee-resources,state,,,2026-07-30,2026-06-11,closed,Individual; Nonprofit; Public Agency; Tribal Government,"Environment & Water; Science, Technology, and Research & Development",Projects must be focused on and relevant to forests and other California ecosystems and their management. A significant portion of the geographic area proposed for study must be contained within California and may include adjacent lands contiguous and representative of California sites. Any sites external to California and discontinuous to study areas within the state require justification. Study areas may not be located outside the United States,"The intent of CAL FIRE's Forest Health Research Program is to fund scientific research that expands our knowledge in topics related to forest health and wildland fire.  The outcomes of these projects will support agencies, organizations, landowners, and policy makers, while furthering the goals of t",2026-09-29,2026-09-29,0,closed,,
ca-180546,grants.ca.gov,Department of Forestry and Fire Protection,2026 Wildfire Resilience Block Grants,https://www.fire.ca.gov/what-we-do/natural-resource-management/wildfire-resilience,state,,1000005000000,2026-08-07,2026-07-08,closed,Nonprofit; Other Legal Entity; Public Agency,Agriculture,No specific geographic areas. All forested areas in CA are eligible where they are owned by a nonindustrial forestland owner. Publicly owned lands are not eligible. ,CAL FIRE's Wildfire Resilience Program awards funding to build local capacity while providing financial and technical forestry assistance to nonindustrial forest landowners. The power of this program comes from the regional partner’s ability to set parameters for assistance that directly meet the un,2026-09-29,2026-09-29,0,closed,,
ca-175272,grants.ca.gov,Department of Resources Recycling and Recovery,Beverage Container Recycling Grant Program (Fiscal Years 2026-27 and 2027-28),https://www.calrecycle.ca.gov/BevContainer/Grants/BevContainer/,state,,75000275000,2026-08-11,2026-06-16,closed,Nonprofit; Other Legal Entity; Public Agency; Tribal Government,"Agriculture; Disadvantaged Communities; Education; Environment & Water; Housing, Community and Economic Development; Parks & Recreation; Transportation","California cities, counties, state agencies, and other local governmental entities.","The Department of resources Recycling and Recovery offers the Beverage Container Recycling Grant Program pursuant to Section 14581(a)(4) of the Public Resources Code.  The purpose of the grant is to issue up to $1,500,000 annually in the form of grants for beverage container recycling and litter red",2026-09-29,2026-09-29,0,closed,,
ca-184437,grants.ca.gov,Governor's Office of Business and Economic Development,California Community Reinvestment Grants Program,https://www.business.ca.gov/CalCRG,state,,6000003000000,2026-08-24,2026-08-03,closed,Nonprofit; Public Agency,"Disadvantaged Communities; Employment, Labor & Training; Health & Human Services; Housing, Community and Economic Development; Law, Justice, and Legal Services",The CalCRG program statute requires programs and services to be provided to communities disproportionately impacted by past federal and state drug policies. Applicants must provide services in one or more of the identified CalCRG eligible counties or census tracts in California.,"The CalCRG program awards grants to Local Health Departments and qualified Community-based Nonprofit Organizations to support job placement, mental health treatment, substance use disorder treatment, system navigation services, legal services to address barriers to reentry, and linkages to medical c",2026-09-29,2026-09-29,0,closed,,
ca-187143,grants.ca.gov,Workforce Development Board,Workforce Accelerator Fund 14,https://cwdb.ca.gov/cwdb-home/grant-information/accelerator-14/,state,,,2026-08-27,2026-07-15,closed,Business; Nonprofit; Public Agency,"Disadvantaged Communities; Education; Employment, Labor & Training; Science, Technology, and Research & Development",Statewide,The California Workforce Development Board (CWDB) is pleased to announce up to $3 million in Workforce Innovation and Opportunity Act (WIOA) Governor’s discretionary funds for the Workforce Accelerator Fund 14 (Accelerator 14) grant program. ,2026-09-29,2026-09-29,0,closed,,
ca-184455,grants.ca.gov,Department of Pesticide Regulation,2027 Department of Pesticide Regulation Sustainable Pest Management Grants Program,https://www.cdpr.ca.gov/spm-grants/spm-grants-program/,state,,1000001000000,2026-09-01,2026-07-23,closed,Business; Individual; Nonprofit; Other Legal Entity; Public Agency; Tribal Government,"Agriculture; Disadvantaged Communities; Education; Employment, Labor & Training; Environment & Water; Food & Nutrition; Health & Human Services; Housing, Community and Economic Development; Parks & Recreation; Science, Technology, and Research & Development","Work may be conducted outside of California, but justification must be provided in the proposal application. Field work conducted outside of California must be in California-like conditions and the project must benefit Californians. Travel outside the state of California is not reimbursable.","To promote safer, more sustainable pest management practices in California, the Department of Pesticide Regulation (DPR) annually funds projects that advance sustainable pest management (SPM) practices through integrated pest management (IPM) research, knowledge, tools, outreach, and implementation ",2026-09-29,2026-09-29,0,closed,,
ca-184446,grants.ca.gov,Governor's Office of Emergency Services,FY 2026-27 Unserved/Underserved Child and Youth Advocacy (XY) Program Supplemental,https://caloes.intelligrants.com/,state,,1194000,2026-09-01,2026-07-07,closed,Nonprofit,Disadvantaged Communities; Health & Human Services,California,"To provide funding for advocacy and support services to unserved/underserved child and youth victims/survivors of crime, by maintaining and/or enhancing an existing program by committing staff time to specifically address the needs of the identified unserved/underserved child and youth victim/surviv",2026-09-29,2026-09-29,0,closed,,
ca-173352,grants.ca.gov,Strategic Growth Council,Community Resilience Centers Round 2 PLANNING Grant (FY 26-27),https://sgc.ca.gov/grant-programs/crc/application/,state,,100000500000,2026-09-04,2026-07-02,closed,Nonprofit; Public Agency; Tribal Government,"Disadvantaged Communities; Disaster Prevention & Relief; Education; Employment, Labor & Training; Energy; Environment & Water; Food & Nutrition; Health & Human Services; Housing, Community and Economic Development; Libraries and Arts; Parks & Recreation; Transportation","Lead Applicant must be based in California. The Planning Area, inclusive of a proposed CRC Facility and the related planning activities, and the impacted community around the proposed CRC Site must be located in California. Tribal projects may have modifications. (See Section 3.3: Eligible Planning and Project Areas of the CRC R2 Guidelines.)","The CRC Program funds the planning and construction or retrofits of community serving facilities that provide shelter and resources to mitigate the public health impacts of extreme heat and other emergency situations exacerbated by climate change, as well as year-round community programs and service",2026-09-29,2026-09-29,0,closed,,
ca-180519,grants.ca.gov,Department of Forestry and Fire Protection,Tribal Wildfire Resilience Grants Solicitation 2026,https://www.fire.ca.gov/what-we-do/grants/tribal-wildfire-resilience,state,,,2026-09-08,2026-07-08,closed,Nonprofit; Tribal Government,"Agriculture; Disadvantaged Communities; Disaster Prevention & Relief; Employment, Labor & Training; Environment & Water; Food & Nutrition; Parks & Recreation",Ancestral homelands within California (as defined by the applying tribe) are eligible.  The grantee must have long-term access to the land.   Multiple geographic locations may be included in the same proposal. ,"Tribal Wildfire Resilience grants is part of CAL FIRE’s Climate and Energy Program and supports California Native American tribes in managing ancestral lands, implementing and promoting Traditional Environmental Knowledges in wildfire resilience, and establishing wildfire safety for tribal communiti",2026-09-29,2026-09-29,0,closed,,
ca-164058,grants.ca.gov,CA Department of Food and Agriculture,2026 Dairy Plus Program,https://www.cdfa.ca.gov/oars/dairyplus/docs/2026/2026_DairyPlus_RGA.pdf,state,,,2026-09-14,2026-06-16,closed,Business; Individual; Tribal Government,Agriculture; Animal Services; Disadvantaged Communities; Environment & Water,Projects in the State of California.,The California Department of Food and Agriculture (CDFA) Office of Agricultural Resilience and Sustainability (OARS) 2026 Dairy Plus Program will award competitive grants to California dairy farms for the implementation of advanced manure management practices that address both methane emissions and ,2026-09-29,2026-09-29,0,closed,,
ca-191022,grants.ca.gov,Department of Social Services,CDSS San Diego Newcomers Project,https://www.cdss.ca.gov/inforesources/refugees/funding,state,,,2026-09-18,2026-08-19,closed,Nonprofit,Health & Human Services,San Diego County,The purpose of the SDNP is to ensure the effective resettlement of refugees and other eligible noncitizens through culturally and linguistically appropriate services and promote refugee advancement past self-sufficiency and towards long-term integration in San Diego County. Under the leadership of a,2026-09-29,2026-09-29,0,closed,,
ca-191016,grants.ca.gov,CA Department of Food and Agriculture,2027 Specialty Crop Block Grant Program,https://www.cdfa.ca.gov/Specialty_Crop_Competitiveness_Grants/docs/2027_RFCP.pdf,state,,100000600000,2026-09-21,2026-08-24,closed,Business; Nonprofit; Public Agency; Tribal Government,"Agriculture; Disadvantaged Communities; Education; Employment, Labor & Training; Environment & Water; Food & Nutrition; Science, Technology, and Research & Development",All projects must benefit the California specialty crop industry.,The California Department of Food and Agriculture's (CDFA) Specialty Crop Block Grant Program (SCBGP) funds projects that enhance the competitiveness of California specialty crops. The SCBGP is designed to support all sectors of California's specialty crop industry and improve the performance of Cal,2026-09-29,2026-09-29,0,closed,,
ca-190512,grants.ca.gov,Department of Health Care Services,Elevate Youth California: Cohort 8 Standard Track,https://elevateyouthca.org/2026/08/funding-available-for-youth-substance-use-disorder-prevention-cohort-8-standard-track/,state,,11000000,2026-09-21,2026-08-17,closed,Nonprofit,Disadvantaged Communities; Health & Human Services,Statewide. Must be located in California and service California.,"Through this round of Elevate Youth California (EYC) funding, the Department of Health Care Services (DHCS) is making approximately $44 million available to community-based, Tribal, and county behavioral health organizations throughout California to expand youth and young adult substance use prevent",2026-09-29,2026-09-29,0,closed,,
ca-173694,grants.ca.gov,Strategic Growth Council,Community Resilience Centers Round 2 IMPLEMENTATION Grant (FY 26-27),https://sgc.ca.gov/grant-programs/crc/application/,state,,100000010000000,2026-09-25,2026-07-02,closed,Nonprofit; Public Agency; Tribal Government,"Disadvantaged Communities; Disaster Prevention & Relief; Education; Employment, Labor & Training; Energy; Environment & Water; Food & Nutrition; Health & Human Services; Housing, Community and Economic Development; Libraries and Arts; Parks & Recreation; Transportation","Lead Applicant must be based in California. The Project Area, inclusive of a proposed CRC Facility, Campus Amenities, Partner Sites, and any programs and services based out of the CRC facility or Partner Sites must be located in California. Tribal projects may have modifications. (See Section 3.3: Eligible Planning and Project Areas of the CRC R2 Guidelines.) ","The Community Resilience Centers Program (CRC) funds planning, development, construction, and upgrades of local facilities to serve as Community Resilience Centers, providing shelter and resources during climate and other emergencies. The program will also fund ongoing year-round community services ",2026-09-29,2026-09-29,0,closed,,
gg-R26AS00052,grants.gov,Bureau of Reclamation,Desalination and Water Purification Research Program: Research Projects,https://www.grants.gov/search-results-detail/363375,federal,,,2026-09-29,2026-07-29,posted,nonprofits,15.506,US,,2026-09-29,2026-09-29,15,off-topic (research program); fields 0/40,,
ca-191346,grants.ca.gov,Department of Parks and Recreation,Division of Boating and Waterways 2026 Boating Infrastructure Grant,https://dbw.parks.ca.gov/?page_id=28821,state,300000,1500000,2026-09-29,2026-09-15,active,Business; Nonprofit; Other Legal Entity; Public Agency; Tribal Government,Environment & Water; Parks & Recreation,Waterways within California.,Provides funding to construct or improve infrastructure used by transient recreational vessels 26 feet or more in length.,2026-09-29,2026-09-29,15,off-topic (boating); fields 0/40,,
gg-RFA-AG-27-007,grants.gov,National Institutes of Health,Renewal of the Clinician-Scientists Transdisciplinary Aging Research (Clin-STAR) Coordinating Center (U24 Clinical Trial Not Allowed),https://www.grants.gov/search-results-detail/359651,federal,,,2026-09-29,2026-06-26,posted,nonprofits,93.310;93.866,US,,2026-09-29,2026-09-29,15,off-topic (clinical trial); fields 0/40,,
gg-NOAA-NMFS-FHQ-2024-27611,grants.gov,DOC NOAA - ERA Production,"FY 2024 &ndash; 2026 Broad Agency Announcement (BAA), National Marine Fisheries Service",https://www.grants.gov/search-results-detail/355706,federal,,,2026-09-30,2024-07-29,posted,"Small businesses; Public housing authorities/Indian housing authorities; Native American tribal governments (Federally recognized); State governments; Others (see text field entitled ""Additional Information on Eligibility"" for clarification); County governments; City or township governments; Special",Environment; Natural Resources; Science and Technology and other Research and Development,US," This BAA is for the National Marine Fisheries Service, also known as NOAA Fisheries. The purpose of this notice is to request applications for special projects and programs associated with the NOAA Fisheries strategic plan and mission goals, as well as to provide the general public with information and guidelines on how NOAA will select applications and administer discretionary Federal assistance under this Broad Agency Announcement (BAA). This notice is not a mechanism to fund existing NOAA awards.&nbsp;Each NOAA Line Office that supports financial assistance (National Marine Fisheries Servi",2026-09-29,2026-09-29,0,applicant type excludes nonprofits (small businesses; public housing authorities/indian housing ),,
gg-NOAA-NWS-2024-28059,grants.gov,DOC NOAA - ERA Production,FY 2024 &ndash; 2026 - Broad Agency Announcement (BAA),https://www.grants.gov/search-results-detail/355705,federal,,,2026-09-30,2024-07-29,posted,"Independent school districts; Native American tribal organizations (other than Federally recognized tribal governments); Others (see text field entitled ""Additional Information on Eligibility"" for clarification); Public housing authorities/Indian housing authorities; County governments; Public and S",Environment; Science and Technology and other Research and Development,US," This notice is not a mechanism to fund existing NWS awards. The purpose of this notice is to request applications for special projects and programs associated with NWS's strategic plan and mission goals, as well as to provide the general public with information and guidelines on how NWS will select applications and administer discretionary Federal assistance under this Broad Agency Announcement (BAA). Each NOAA Line Office that supports financial assistance (National Marine Fisheries Service, National Ocean Service, National Weather Service, Office of Atmospheric Research, Office of Education",2026-09-29,2026-09-29,0,applicant type excludes nonprofits (independent school districts; native american tribal organiz),,
ca-191109,grants.ca.gov,Department of Forestry and Fire Protection,Forest Legacy Program Capacity and Project Development 2026,https://34c031f8-c9fd-4018-8c5a-4159cdff6b0d-cdn-endpoint.azureedge.net/-/media/calfire-website/what-we-do/grants/forest-legacy/forest-legacy-program-capacity-and-project-development-2026-grant-guidelines.pdf?rev=5f1378e086444119b54013cfe398372a&hash=452B7C95C97CAFC8F09768DF715FE961,state,50000,150000,2026-09-30,2026-09-08,active,Nonprofit; Other Legal Entity,Environment & Water,Eligible lands must be at least partially within or adjacent to a Forest Legacy Area. (Please see Appendix B of the Grant Guidelines for the Map of the Forest Legacy Area).  The area eligible for funding is non-federal forest lands as defined in 14 CCR §1571,CAL FIRE’s Forest Legacy Program funds landscape-scale conservation projects intended to conserve working forests and working forested landscapes. This solicitation aims to increase organizational capacity for eligible applicants and support the development of high-quality forest conservation projec,2026-09-29,2026-09-29,15,off-topic (forest); fields 0/40,,
ca-98154,grants.ca.gov,Department of Housing and Community Development,2025 Tribal Multifamily Finance Super Notice of Funding Availability,https://www.hcd.ca.gov/grants-and-funding/tribal-multifamily-finance-super-nofa,state,,,2026-09-30,2025-04-01,active,Tribal Government,"Housing, Community and Economic Development","Funding under this NOFA is not subject to specific geographic allocations; however, to the extent possible, the Department will distribute funds equitably throughout the state.",The Department announces the availability of approximately $50 million in funds available through this first round of the Tribal Multifamily Finance Super Notice of Funding Availability (Tribal MFSN). This NOFA makes funds more easily accessible to Tribes and Tribal Entities and provides flexible op,2026-09-29,2026-09-29,0,applicant type excludes nonprofits (tribal government),,
gg-CPD-2600-DC-0025,grants.gov,Department of Housing and Urban Development,FY 2026 Continuum of Care Competition and Youth Homelessness Demonstration Program Grants NOFO,https://www.grants.gov/search-results-detail/361999,federal,2500,25000000,2026-09-30,2026-06-01,posted,Special district governments; County governments; City or township governments; State governments; Native American tribal governments (Federally recognized); Public and State controlled institutions of higher education; Public housing authorities/Indian housing authorities; Native American tribal or,Community Development,US,"The Continuum of Care (CoC) Program is designed to:promote a community-wide commitment to the goal of ending homelessness;provide funding for efforts by nonprofit providers, States, Indian Tribes or Tribally Designated Housing Entities [as defined in section 4 of the Native American Housing Assistance and Self-Determination Act of 1996 (25 U.S.C. 4103) (TDHEs)], and local governments to quickly rehouse individuals and families experiencing homelessness, persons experiencing trauma or a lack of safety related to, or fleeing or attempting to flee domestic violence, dating violence, sexual assaul",2026-09-29,2026-09-29,0,applicant type excludes nonprofits (special district governments; county governments; city or to),,
gg-F26AS00068,grants.gov,Fish and Wildlife Service,F26AS00068 Partners for Fish and Wildlife FY26,https://www.grants.gov/search-results-detail/361814,federal,,,2026-09-30,2026-04-08,posted,nonprofits,15.631,US,,2026-09-29,2026-09-29,21,fields 0/40 (no core); amount unknown 8/20; lead 1d 2/15; geo 7/10; federal reporting burden 4/10,,
gg-F26AS00069,grants.gov,Fish and Wildlife Service,F26AS00069 Coastal Program FY26,https://www.grants.gov/search-results-detail/362470,federal,,,2026-09-30,2026-05-19,posted,nonprofits,15.630,US,,2026-09-29,2026-09-29,21,fields 0/40 (no core); amount unknown 8/20; lead 1d 2/15; geo 7/10; federal reporting burden 4/10,,
gg-USDA-FS-IPT-INVASIVE-SPECIES-2026,grants.gov,Forest Service,"International Programs &amp; Trade, Invasive Species Program Funding Opportunity",https://www.grants.gov/search-results-detail/363287,federal,,,2026-09-30,2026-08-03,posted,nonprofits,10.684,US,,2026-09-29,2026-09-29,15,off-topic (forest); fields 0/40,,
gg-DE-FOA-0003339,grants.gov,Idaho Field Office,Advanced Nuclear Energy Licensing Cost-Share Grant Program,https://www.grants.gov/search-results-detail/358100,federal,5000,8000000,2026-09-30,2025-01-08,posted,"County governments; Native American tribal governments (Federally recognized); Private institutions of higher education; Small businesses; Nonprofits that do not have a 501(c)(3) status with the IRS, other than institutions of higher education; For profit organizations other than small businesses; C",Energy,US,"U.S. Advanced Nuclear Energy Licensing Cost-Share Grant Program
The application deadline for current review cycle, anticipated selection notification date for the current review cycle, and anticipated award date for current review cycle have changed.  See date changes on page 6 of NOFO Part 1.  Also, applications must now be submitted within the respective application period (July 1 – September 30).  See date changes on page 24 of NOFO Part 1.",2026-09-29,2026-09-29,25,fields 0/40 (no core); amount partly fits 12/20; lead 1d 2/15; geo 7/10; federal reporting burden 4/10,,
gg-DE-FOA-0003618,grants.gov,Idaho Field Office,Staff Support to Tribal Radioactive Materials Transportation Committee for Engagement with the United States (U.S.) Department of Energy on Radioactive Materials Transportation Planning,https://www.grants.gov/search-results-detail/363754,federal,,2000000,2026-09-30,2026-08-31,posted,"Nonprofits that do not have a 501(c)(3) status with the IRS, other than institutions of higher education; State governments; Nonprofits having a 501(c)(3) status with the IRS, other than institutions of higher education; Native American tribal governments (Federally recognized); For profit organizat",Energy,US,"Staff Support to the Tribal Radioactive Materials Transportation Committee for Engagement with the U.S. Department of Energy on Radioactive Materials Transportation Planning. Facilitate engagement between DOE and federally-recognized Tribal governments throughout the United States in planning for future large-scale DOE transportation of commercial used nuclear fuel (UNF), high-level radioactive waste (HLW) and other radioactive wastes, as well as related DOE program issues that may impact Tribal areas.",2026-09-29,2026-09-29,25,fields 0/40 (no core); amount partly fits 12/20; lead 1d 2/15; geo 7/10; federal reporting burden 4/10,,
gg-RFA-DK-27-109,grants.gov,National Institutes of Health,Single Source Competition: Continuation of the Cardiovascular Repository for Type 1 Diabetes (CaRe-T1D) - Resource Center (U24 Clinical Trial Not Allowed),https://www.grants.gov/search-results-detail/361035,federal,,,2026-09-30,2026-06-04,posted,nonprofits,93.837;93.233;93.840;93.838;93.839;93.847;93.310,US,,2026-09-29,2026-09-29,15,off-topic (clinical trial); fields 0/40,,
gg-RFA-DA-27-015,grants.gov,National Institutes of Health,Establishing a Center for the Advancement of Substance Use Disorder (SUD) Pharmacotherapeutics through Training and Preclinical Support (U54 Clinical Trial Not Allowed),https://www.grants.gov/search-results-detail/360380,federal,,,2026-09-30,2026-05-21,posted,nonprofits,93.279,US,,2026-09-29,2026-09-29,35,fields 14/40 (animal_assisted_therapy); amount unknown 8/20; lead 1d 2/15; geo 7/10; federal reporting burden 4/10,,
gg-RFA-DK-27-127,grants.gov,National Institutes of Health,Cooperative Centers for Experimental Hematology (CCEHs) (U54- Clinical Trial Not Allowed),https://www.grants.gov/search-results-detail/360674,federal,,,2026-09-30,2026-08-31,posted,nonprofits,93.847,US,,2026-09-29,2026-09-29,15,off-topic (clinical trial); fields 0/40,,
gg-P26AS00019,grants.gov,National Park Service,FY2026 ABPP - Battlefield Land Acquisition Grant,https://www.grants.gov/search-results-detail/360378,federal,,,2026-09-30,2025-08-28,posted,"County governments; Native American tribal organizations (other than Federally recognized tribal governments); Nonprofits that do not have a 501(c)(3) status with the IRS, other than institutions of higher education; State governments; City or township governments; Nonprofits having a 501(c)(3) stat","Other (see text field entitled ""Explanation of Other Category of Funding Activity"" for clarification)",US,"Historic battlefields and associated sites of armed conflict are powerful reminders of the shared heritage of all Americans. In an ongoing effort to extend the conservation of natural and cultural resources beyond our park boundaries, the National Park Service American Battlefield Protection Program (NPS ABPP) promotes the preservation and interpretation of these important places. NPS ABPP supports community-driven stewardship of historic resources through four grant opportunities: Preservation Planning, Battlefield Restoration, Battlefield Interpretation, and Battlefield Land Acquisition.NPS ",2026-09-29,2026-09-29,15,off-topic (land acquisition); fields 0/40,,
ca-173232,grants.ca.gov,Strategic Growth Council,Transformative Climate Communities Round 6 PROJECT DEVELOPMENT Grant (FY 25-26),https://sgc.ca.gov/wp-content/uploads/20260414-TCC-R6FinalGuidelines-Draft.pdf,state,5000000,5000000,2026-09-30,2026-05-29,active,Nonprofit; Public Agency; Tribal Government,"Disadvantaged Communities; Disaster Prevention & Relief; Employment, Labor & Training; Energy; Environment & Water; Food & Nutrition; Health & Human Services; Housing, Community and Economic Development; Parks & Recreation; Transportation","Project Areas must be designated as disadvantaged communities per the TCC Guidelines, and may include eligible incorporated, unincorporated, and Tribal areas within federally recognized Tribal territories. Project Areas may be any shape and must have a continuous boundary, with exceptions for Tribal applicants and Project Areas in rural areas. See Section 3.3 Project Area Eligibility for more info and options for establishing eligibility.   ","The TCC Program furthers the purposes of AB 32 (Nunez, 2006) and AB 2722 (Burke, 2016) by funding projects that reduce greenhouse gas emissions (GHG) through the development and implementation of neighborhood-level transformative climate community plans that include multiple coordinated GHG emission",2026-09-29,2026-09-29,21,off-topic (climate); fields 6/40,,
ca-173241,grants.ca.gov,Strategic Growth Council,Transformative Climate Communities Round 6 IMPLEMENTATION Grant (FY 25-26),https://sgc.ca.gov/wp-content/uploads/20260414-TCC-R6FinalGuidelines-Draft.pdf,state,,,2026-09-30,2026-05-29,active,Business; Nonprofit; Public Agency; Tribal Government,"Disadvantaged Communities; Employment, Labor & Training; Energy; Environment & Water; Food & Nutrition; Health & Human Services; Housing, Community and Economic Development; Parks & Recreation; Transportation","Project Areas must be designated as disadvantaged communities per the TCC Guidelines. The Guidelines contain multiple options for establishing Project Area eligibility. Project Areas for Implementation Grants may be up to 15 continuous square miles in rural areas and 5 continuous square miles in urban areas. See Section 3.3, Project Area Eligibility, of the Guidelines for more information on Project Area requirements.","The TCC Program furthers the purposes of AB 32 (Nunez, 2006) and AB 2722 (Burke, 2016) by funding projects that reduce greenhouse gas emissions (GHG) through the development and implementation of neighborhood-level transformative climate community plans that include multiple coordinated GHG emission",2026-09-29,2026-09-29,21,off-topic (climate); fields 6/40,,
ca-173037,grants.ca.gov,Strategic Growth Council,Transformative Climate Communities Round 6 PLANNING Grant (FY 25-26),https://sgc.ca.gov/wp-content/uploads/20260414-TCC-R6FinalGuidelines-Draft.pdf,state,300000,300000,2026-09-30,2026-05-29,active,Business; Nonprofit; Public Agency; Tribal Government,"Disadvantaged Communities; Employment, Labor & Training; Energy; Environment & Water; Health & Human Services; Housing, Community and Economic Development; Parks & Recreation; Transportation","Project Areas must be designated as disadvantaged communities per the TCC Guidelines. The Guidelines contain multiple options for establishing Project Area eligibility. Project Areas for Planning Grants must be contiguous and may be any size and shape. See Section 3.3, Project Area Eligibility, of the Guidelines for more information on Project Area requirements.","The Transformative Climate Communities Program furthers the purposes of AB 32 (Nunez, 2006) and AB 2722 (Burke, 2016) by funding projects that reduce greenhouse gas emissions (GHG) through the development and implementation of neighborhood-level transformative climate community plans that include mu",2026-09-29,2026-09-29,21,off-topic (climate); fields 6/40,,
gg-USDA-AMS-TM-CCG-G-26-0001,grants.gov,Agricultural Marketing Service,Cold Chain Grants for Emergency Food Assistance,https://www.grants.gov/search-results-detail/363631,federal,2000000,7500000,2026-10-01,2026-08-17,posted,"Nonprofits having a 501(c)(3) status with the IRS, other than institutions of higher education",Agriculture,US,"AMS will award these funds competitively to at least one eligible organization that meets program requirements and whose expertise is consistent with the purpose of the grant program. The selected grant recipient(s) will provide management, oversight, consultation and expertise necessary to advance the purpose and activities of the program, primarily through a subaward program to support cold storage within the middle of the supply chain. These equipment investments will be made through subawards to food banks, faith-based organizations, and other public or private nonprofit organizations that",2026-09-29,2026-09-29,27,fields 14/40 (jewish_community); amount too large for us 0/20; lead 2d 2/15; geo 7/10; federal reporting burden 4/10,,
gg-RFA-AR-27-002,grants.gov,National Institutes of Health,HEAL INITIATIVE: INTERACT Data Coordination and Integration Center (U24 Clinical Trial Not Allowed),https://www.grants.gov/search-results-detail/358939,federal,,,2026-10-01,2026-05-19,posted,nonprofits,93.846;93.121;93.866;93.273,US,,2026-09-29,2026-09-29,15,off-topic (clinical trial); fields 0/40,,
gg-RFA-DA-27-007,grants.gov,National Institutes of Health,"Limited Competition: Growing Great Ideas: Research Education Course in Entrepreneurship and Product Development for Researchers Studying Drug Use, Drug Misuse, and Drug Addiction (UE5 Clinical Trial Not Allowed)",https://www.grants.gov/search-results-detail/360561,federal,,,2026-10-01,2026-06-23,posted,nonprofits,93.279,US,,2026-09-29,2026-09-29,15,off-topic (clinical trial); fields 0/40,,
gg-RFA-CA-27-005,grants.gov,National Institutes of Health,Glioblastoma Therapeutics Network (GTN) (U19 Clinical Trial Required),https://www.grants.gov/search-results-detail/360606,federal,,,2026-10-01,2026-08-31,posted,nonprofits,93.394;93.395,US,,2026-09-29,2026-09-29,35,fields 14/40 (animal_assisted_therapy); amount unknown 8/20; lead 2d 2/15; geo 7/10; federal reporting burden 4/10,,
gg-RFA-DC-25-005,grants.gov,National Institutes of Health,In Vivo High-Resolution Imaging for Inner Ear Visualization (R01 Clinical Trial optional),https://www.grants.gov/search-results-detail/358022,federal,,,2026-10-01,2025-01-06,posted,nonprofits,93.173,US,,2026-09-29,2026-09-29,15,off-topic (clinical trial); fields 0/40,,
ca-190497,grants.ca.gov,State Treasurer's Office,California Investment and Innovation Program (Cal IIP) 2027,https://www.treasurer.ca.gov/cpcfa/caliip/application.asp,state,,,2026-10-01,2026-08-12,active,Business,"Disadvantaged Communities; Housing, Community and Economic Development",The CDFI must have a record of lending in California. ,Cal IIP was established to provide grants to enhance the capacity and ability of community development financial institutions (CDFIs) to provide programs including technical assistance and access to capital to economically disadvantaged communities throughout California. ,2026-09-29,2026-09-29,0,applicant type excludes nonprofits (business),,
gg-CDC-RFA-JG-26-0042,grants.gov,Centers for Disease Control-GHC,Improving global health security in C&ocirc;te d'Ivoire to stop the spread of infectious disease,https://www.grants.gov/search-results-detail/360324,federal,,,2026-10-02,2026-08-03,posted,For profit organizations other than small businesses; Public and State controlled institutions of higher education; Private institutions of higher education; Independent school districts; Special district governments; Native American tribal governments (Federally recognized); County governments; Pub,Health,US,"This Notice of Funding Opportunity (NOFO) seeks to build upon activities funded by CDC to support Global Health Security (GHS) in the Cote d""Ivore through implementation of programs and activities that focus on protecting and improving health globally through partnerships with Ministries of Health and other governmental institutions. The main outcomes of this NOFO are the following: (1) Improve prevention of avoidable epidemics including naturally occurring outbreaks and intentional or accidental releases of dangerous pathogens; (2) Improve ability to rapidly detect threats early, including de",2026-09-29,2026-09-29,0,applicant type excludes nonprofits (for profit organizations other than small businesses; public),,
gg-CDC-RFA-JG-26-0052,grants.gov,Centers for Disease Control-GHC,Expanding global health security though local partnerships in Tanzania,https://www.grants.gov/search-results-detail/360337,federal,,,2026-10-02,2026-08-03,posted,"Unrestricted (i.e., open to any type of entity above), subject to any clarification in text field entitled ""Additional Information on Eligibility""; Special district governments; Native American tribal governments (Federally recognized); Nonprofits that do not have a 501(c)(3) status with the IRS, ot",Health,US,"CDC is working with the Tanzania government to meet key International Health Regulations requirements through implementation of the Global Health Security Agenda (GHSA). Tanzania completed the Joint External Evaluation and launched a costed National Action Plan for Health Security based on a multi-sectorial approach. This NOFO supports programs/activities in the following areas: strengthening biosurveillance systems networked to information sharing platforms to predict and identify health threats, including at points of entry; expanding emergency capacity through national and subnational emerg",2026-09-29,2026-09-29,27,fields 6/40 (no core+education); amount unknown 8/20; lead 3d 2/15; geo 7/10; federal reporting burden 4/10,,
gg-CDC-RFA-JG-26-0043,grants.gov,Centers for Disease Control-GHC,Expanding global health security through local partnerships in Nigeria,https://www.grants.gov/search-results-detail/360332,federal,,,2026-10-02,2026-08-03,posted,"State governments; Small businesses; Nonprofits having a 501(c)(3) status with the IRS, other than institutions of higher education; Special district governments; Nonprofits that do not have a 501(c)(3) status with the IRS, other than institutions of higher education; Unrestricted (i.e., open to any",Health,US,"The purpose of this NOFO is to strengthen International Health Regulations (IHR) (2005) capacities of the Nigeria Centre for Disease Control and Prevention (NCDC); other Government of Nigeria ministries, departments, and agencies (MDAs) relevant to the implementation of multi-sectoral response efforts of the IHR; and sub-national public health institutions, such as State Ministries of Health and local government authorities. NCDC recently completed its second Joint External Evaluation (JEE) in 2023 and has shown significant improvement from the first JEE in 2017, however several gaps remain. S",2026-09-29,2026-09-29,21,fields 0/40 (no core); amount unknown 8/20; lead 3d 2/15; geo 7/10; federal reporting burden 4/10,,
gg-CDC-RFA-JG-26-0053,grants.gov,Centers for Disease Control-GHC,Expanding global health security through local partnerships in Indonesia,https://www.grants.gov/search-results-detail/360338,federal,,,2026-10-02,2026-08-03,posted,State governments; Small businesses; Special district governments; Native American tribal governments (Federally recognized); Public and State controlled institutions of higher education; Private institutions of higher education; For profit organizations other than small businesses; City or township,Health,US,"This NOFO aims to foster partnerships that support collaboration between CDC and the Indonesian Ministry of Health (MOH) in achieving global health security goals, implementing International Health Regulations core principles, and effectively preventing, detecting, and responding to public health threats. Projects considered for this opportunity should focus on strengthening capacity in five key public health areas: Real-Time Surveillance and Reporting, Laboratory Systems, Workforce Development, Emergency Management and Response, and Health System Strengthening and Services Delivery. These pro",2026-09-29,2026-09-29,0,applicant type excludes nonprofits (state governments; small businesses; special district govern),,
gg-CDC-RFA-JG-26-0047,grants.gov,Centers for Disease Control-GHC,Protecting and Improving Global Health Security by Engaging Local Partners: Strengthening and Sustaining Public Health Systems in Ghana,https://www.grants.gov/search-results-detail/360455,federal,,,2026-10-02,2026-08-03,posted,"Public and State controlled institutions of higher education; Native American tribal governments (Federally recognized); Nonprofits that do not have a 501(c)(3) status with the IRS, other than institutions of higher education; State governments; City or township governments; Native American tribal o",Health,US,"This NOFO seeks to build and sustain a more resilient public health system in Ghana capable of identifying, responding to and mitigating public health threats. CDC, through this NOFO, will continue to leverage and complement the strengths and resources of multi-sectoral and multilateral partners in Ghana to build and improve country capacity and leadership in the prevention, early detection and response to infectious disease threats. The NOFO builds upon laboratory, surveillance, emergency response, and workforce development activities previously funded by CDC to enhance Global Health Security",2026-09-29,2026-09-29,27,fields 6/40 (no core+education); amount unknown 8/20; lead 3d 2/15; geo 7/10; federal reporting burden 4/10,,
gg-CDC-RFA-JG-26-0051,grants.gov,Centers for Disease Control-GHC,Strengthening global health security in India to contain public health threats and accelerate outbreak response,https://www.grants.gov/search-results-detail/360336,federal,,,2026-10-02,2026-08-03,posted,City or township governments; State governments; Private institutions of higher education; Public and State controlled institutions of higher education; Native American tribal organizations (other than Federally recognized tribal governments); Native American tribal governments (Federally recognized,Health,US,"This NOFO""s purpose is to support district, state and national public health systems in India to advance GHSA priorities to prevent, detect and respond to infectious disease threats. CDC will work with the Government of India (GoI) to strengthen capacity to control disease outbreaks at their source and neutralize public health threats. This NOFO will augment and increasingly transition CDC-supported GHSA initiatives to GoI institutions including the National Centre for Disease Control, National Health Mission, Indian Council of Medical Research, National Disaster Management Authority, National",2026-09-29,2026-09-29,0,applicant type excludes nonprofits (city or township governments; state governments; private ins),,
gg-CDC-RFA-JG-26-0048,grants.gov,Centers for Disease Control-GHC,Expanding Global Health Security through local partnerships in Senegal,https://www.grants.gov/search-results-detail/360334,federal,,,2026-10-02,2026-08-03,posted,"State governments; Public and State controlled institutions of higher education; Independent school districts; Small businesses; Unrestricted (i.e., open to any type of entity above), subject to any clarification in text field entitled ""Additional Information on Eligibility""; For profit organization",Health,US,"This NOFO aims to enhance Senegal's public health infrastructure to prevent, detect, and respond to infectious disease threats through implementing partners. The initiative focuses on strengthening public health surveillance systems, including community-based surveillance, improving laboratory networks, and enhancing workforce training. The goal is to build sustainable, resilient health security infrastructure, aligning with Global Health Security Agenda (GHSA) objectives. Partners will collaborate to promote cross-sectoral coordination and foster innovative approaches.",2026-09-29,2026-09-29,0,applicant type excludes nonprofits (state governments; public and state controlled institutions ),,
gg-CDC-RFA-JG-26-0050,grants.gov,Centers for Disease Control-GHC,Strengthening Global Health Security through local partnerships in&nbsp;Sierra Leone,https://www.grants.gov/search-results-detail/360335,federal,,,2026-10-02,2026-08-03,posted,"Unrestricted (i.e., open to any type of entity above), subject to any clarification in text field entitled ""Additional Information on Eligibility""; Special district governments; Small businesses; Native American tribal governments (Federally recognized); Native American tribal organizations (other t",Health,US,"The purpose of this NOFO is to build and sustain a more resilient public health system in Sierra Leone in an effort to identify, respond and mitigate health threats. CDC, through this NOFO, will continue to leverage and complement the strengths and resources of multisectoral and multilateral partners in Sierra Leone to build and improve country capacity and leadership in the prevention, early detection, and response to infectious disease threats, with, a special emphasis on core capabilities in data and surveillance, diagnostics, public health workforce and institutions, and prevention and res",2026-09-29,2026-09-29,0,"applicant type excludes nonprofits (unrestricted (i.e., open to any type of entity above), subje)",,
gg-CDC-RFA-JG-26-0046,grants.gov,Centers for Disease Control-GHC,Expanding global health security through local partnerships in Ethiopia,https://www.grants.gov/search-results-detail/360333,federal,,,2026-10-02,2026-08-03,posted,"Unrestricted (i.e., open to any type of entity above), subject to any clarification in text field entitled ""Additional Information on Eligibility""; Special district governments; Public housing authorities/Indian housing authorities; City or township governments; Private institutions of higher educat",Health,US,"The CDC office in Ethiopia was established in 2001 and works closely with the Ministry of Health (MOH), the Ethiopian Public Health Institute (EPHI), and other Government of Ethiopia (GOE) agencies to develop the capacity to prevent, detect, and respond to priority diseases. In 2014, CDC began coordination with the GOE to build Ethiopia's capacity to achieve the International Health Regulation (IHR) targets through implementing the Global Health Security Agenda. The initial road map was developed with multi-sector partners in 2015, and the multi-sector collaboration is proving successful with ",2026-09-29,2026-09-29,0,"applicant type excludes nonprofits (unrestricted (i.e., open to any type of entity above), subje)",,
gg-RFA-HD-27-006,grants.gov,National Institutes of Health,Novel Experiential Technologies Assisting Individual Learning (NExT AI) Hubs (P20 Clinical Trial Optional),https://www.grants.gov/search-results-detail/359949,federal,,,2026-10-02,2026-06-03,posted,nonprofits,93.865,US,,2026-09-29,2026-09-29,15,off-topic (clinical trial); fields 0/40,,
gg-RFA-RM-27-014,grants.gov,National Institutes of Health,Validation Center for Precision Medicine with AI: Integrating Imaging with Multimodal Data (PRIMED-AI) (U54 Clinical Trials Not Allowed),https://www.grants.gov/search-results-detail/359269,federal,,,2026-10-02,2026-06-30,posted,nonprofits,93.310,US,,2026-09-29,2026-09-29,21,fields 0/40 (no core); amount unknown 8/20; lead 3d 2/15; geo 7/10; federal reporting burden 4/10,,
gg-RFA-RM-27-015,grants.gov,National Institutes of Health,Logistics Center for Precision Medicine with AI: Integrating Imaging with Multimodal Data (PRIMED-AI) (U24 Clinical Trials Not Allowed),https://www.grants.gov/search-results-detail/359268,federal,,,2026-10-02,2026-06-30,posted,nonprofits,93.310,US,,2026-09-29,2026-09-29,21,fields 0/40 (no core); amount unknown 8/20; lead 3d 2/15; geo 7/10; federal reporting burden 4/10,,
gg-O-BJA-2026-172697,grants.gov,Bureau of Justice Assistance,BJA FY 2026 The Kevin and Avonte Program: Reducing Injury and Death of Missing Individuals with Dementia and Developmental Disabilities,https://www.grants.gov/search-results-detail/363629,federal,,150000,2026-10-06,2026-08-17,posted,"Nonprofits having a 501(c)(3) status with the IRS, other than institutions of higher education; County governments; Public and State controlled institutions of higher education; Special district governments; Nonprofits that do not have a 501(c)(3) status with the IRS, other than institutions of high","Law, Justice and Legal Services",US,"This is a notice of funding opportunity (NOFO) for the BJA FY 2026 Kevin and Avonte Program: Reducing Injury and Death of Missing Individuals with Dementia and Developmental Disabilities. This opportunity supports public safety efforts to reduce deaths and injuries of individuals with forms of dementia, such as Alzheimer’s disease, or developmental disabilities, such as autism, who, due to their condition, wander from safe environments. This program provides funding to law enforcement, other public safety agencies, and health care agencies to implement locative technologies that track missing ",2026-09-29,2026-09-29,51,fields 14/40 (special_needs); amount fits 20/20; lead 7d 6/15; geo 7/10; federal reporting burden 4/10,,
gg-RFA-DK-26-315,grants.gov,National Institutes of Health,Advancing Research on the Application of Digital Health Technology to the Management of Type 2 Diabetes (R01- Clinical Trail Required),https://www.grants.gov/search-results-detail/359252,federal,,,2026-10-06,2025-09-17,posted,nonprofits,93.847,US,,2026-09-29,2026-09-29,15,off-topic (trail); fields 0/40,,
ca-163098,grants.ca.gov,Department of Resources Recycling and Recovery,Farm and Ranch Solid Waste Cleanup and Abatement Grant Program FR92,https://calrecycle.ca.gov/lea/grantsloans/farmranch/fy202526/,state,,,2026-10-07,2026-07-09,active,Public Agency; Tribal Government,Agriculture; Disadvantaged Communities; Environment & Water,"Sites must be located on 'Farm and Ranch' property, defined in CCR Section 17991(d) as range or agricultural land used for activities such as, but not limited to, commercial livestock/crop production (various). The site need not have active sales or production, but shall be appropriately zoned/otherwise authorized for agricultural activities. Appurtenant easements or right-of-ways such as, but not limited to, public roads and utilities included.","The Farm & Ranch Solid Waste Clean Up & Abatement Grant program provides funding for cleaning up and preventing illegal dumping on agricultural properties (CCR, Section 17991(d)). Each fiscal year has four application cycles, with the fourth serving as the pilot cycle. Cycle 92 (FR92) is the second ",2026-09-29,2026-09-29,0,applicant type excludes nonprofits (public agency; tribal government),,
ca-191019,grants.ca.gov,Department of Transportation,FY 2027-28 Sustainable Transportation Planning Grant,https://dot.ca.gov/programs/transportation-planning/division-of-transportation-planning/regional-and-community-planning/sustainable-transportation-planning-grants,state,50000,700000,2026-10-09,2026-08-18,active,Public Agency; Tribal Government,Transportation,CA,Sustainable Communities support/implement local/regional multimodal transportation and land use planning projects that further a region’s RTP SCS and contribute to GHG reduction.  Strategic Partnerships support Federal Planning Factors and transportation/multimodal planning studies in partnership wi,2026-09-29,2026-09-29,0,applicant type excludes nonprofits (public agency; tribal government),,
gg-RFA-DK-27-121,grants.gov,National Institutes of Health,Optimal Treatment Strategies for use of Anti-Obesity Medications (AOMs) in Children and Adolescents Clinical Centers (U01 Clinical Trial Required),https://www.grants.gov/search-results-detail/360387,federal,,,2026-10-09,2026-06-08,posted,nonprofits,93.847,US,,2026-09-29,2026-09-29,15,off-topic (clinical trial); fields 0/40,,
gg-RFA-DK-27-136,grants.gov,National Institutes of Health,Optimal Treatment Strategies for use of Anti-Obesity Medications (AOMs) in Children and Adolescents Research Coordinating Center (U24 Clinical Trial Not Allowed),https://www.grants.gov/search-results-detail/360441,federal,,,2026-10-09,2026-06-08,posted,nonprofits,93.847,US,,2026-09-29,2026-09-29,15,off-topic (clinical trial); fields 0/40,,
gg-RFA-RM-27-011,grants.gov,National Institutes of Health,Development and Testing of a Multi-use Frameworks Playbook for Precision Medicine with AI: Integrating Imaging with Multimodal Data (PRIMED-AI) (U01 Clinical Trial Not Allowed),https://www.grants.gov/search-results-detail/359271,federal,,,2026-10-09,2026-06-30,posted,nonprofits,93.310,US,,2026-09-29,2026-09-29,15,off-topic (clinical trial); fields 0/40,,
gg-RFA-MH-27-135,grants.gov,National Institutes of Health,Addressing Methodological Challenges with Clinical Trials of Rapid-Acting Psychotropic Interventional Drugs (RAPIDs) (R01 Clinical Trial Required),https://www.grants.gov/search-results-detail/359202,federal,,,2026-10-11,2026-04-29,posted,nonprofits,93.242;93.279,US,,2026-09-29,2026-09-29,15,off-topic (clinical trial); fields 0/40,,
ca-190281,grants.ca.gov,Employment Development Department,Farmworkers Advancement Program (FAP) Grant for Program Year 2026-27 (PY 26-27),https://edd.ca.gov/en/jobs_and_training/wdsfp_workforce_development_solicitations_for_proposals,state,1000000,1000000,2026-10-12,2026-09-03,active,Nonprofit; Public Agency; Tribal Government,"Agriculture; Disadvantaged Communities; Employment, Labor & Training","Target regions were identified. Region 1 will serve farmworkers in counties in the San Joaquin Valley or Northern California. Region 2 will serve farmworkers in counties in the Coastal region or Southern California.  Applicants can serve participants in any region or county if the need for services is supported and outlined in the proposal. However, preference will be given to those serving counties within the identified regions.",The goal of this grant is to fund projects that focus on farmworker needs at a regional level by offering essential skills and upskilling training for farmworkers to either advance in the agricultural industry and/or prepare for advancement outside of the agricultural sector. This grant program is i,2026-09-29,2026-09-29,23,fields 0/40 (no core); amount too large for us 0/20; lead 13d 6/15; geo 10/10; burden 7/10,,
gg-USDA-FS-UCF-01-2026,grants.gov,Forest Service,2026 National Urban and Community Forestry Challenge Cost Share Grant Program,https://www.grants.gov/search-results-detail/361315,federal,,,2026-10-12,2026-08-12,posted,nonprofits,10.675,US,,2026-09-29,2026-09-29,15,off-topic (forest); fields 0/40,,
gg-F26AS00062,grants.gov,Fish and Wildlife Service,F26AS00062: Great Lakes Fish and Wildlife Restoration Act FY 2026,https://www.grants.gov/search-results-detail/362629,federal,,,2026-10-13,2026-06-01,posted,nonprofits,15.688,US,,2026-09-29,2026-09-29,25,fields 0/40 (no core); amount unknown 8/20; lead 14d 6/15; geo 7/10; federal reporting burden 4/10,,
gg-USDA-FS-2026-CFP,grants.gov,Forest Service,Community Forest and Open Space Conservation Program,https://www.grants.gov/search-results-detail/363348,federal,,,2026-10-13,2026-08-12,posted,nonprofits,10.689,US,,2026-09-29,2026-09-29,15,off-topic (forest); fields 0/40,,
ca-188472,grants.ca.gov,Governor’s Office of Land Use and Climate Innovation,Extreme Heat and Community Resilience Program Round 2,https://lci.ca.gov/wp-content/uploads/Round-2-Final-Guidelines.pdf,state,750000,4500000,2026-10-13,2026-07-20,active,Nonprofit; Public Agency; Tribal Government,"Disadvantaged Communities; Disaster Prevention & Relief; Education; Energy; Environment & Water; Health & Human Services; Housing, Community and Economic Development","Any CBO serving as a Co-Applicant must maintain a staffed operational office within 100 miles of the infrastructure project site. If the Lead Applicant is a CBO but does not meet this requirement, the Applicant Team must include an additional qualifying CBO as a Co-Applicant. Coalitions cannot be used in place of a CBO to meet this requirement. (Refer to Section 6.3 Team Structure on Extreme Heat Program Round 2 Guidelines for details)",The Extreme Heat and Community Resilience Program (Extreme Heat Program) is housed within the Governor’s Office of Land Use and Climate Innovation (LCI). The Program provides funding for projects to protect California communities most vulnerable to the impacts of extreme heat. Round 2 will fund infr,2026-09-29,2026-09-29,15,off-topic (climate); fields 0/40,,
ca-189801,grants.ca.gov,Department of Resources Recycling and Recovery,Tire-Derived Aggregate Grant Program,https://calrecycle.ca.gov/tires/grants/tda/fy202627/,state,375000,375000,2026-10-15,2026-07-27,active,Nonprofit; Public Agency; Tribal Government,Environment & Water,CA,"The Tire-Derived Aggregate (TDA) Grant Program (Program) provides assistance to local governments to solve a variety of engineering challenges, using tire derived aggregate from shredded tires as an alternative to conventional lightweight aggregates in civil engineering projects and assists in diver",2026-09-29,2026-09-29,15,off-topic (recycling); fields 0/40,,
gg-RFA-MH-27-180,grants.gov,National Institutes of Health,Advancing Research on Empirically-Supported Interventions for Older Adults Living with Serious Mental Illness (SMI) (R01 Clinical Trial Optional),https://www.grants.gov/search-results-detail/359201,federal,,,2026-10-15,2026-05-28,posted,nonprofits,93.242,US,,2026-09-29,2026-09-29,15,off-topic (clinical trial); fields 0/40,,
gg-RFA-OD-27-006,grants.gov,National Institutes of Health,Maximizing the Scientific Value of Data Generated by the Environmental influences on Child Health Outcomes (ECHO) Program: Dissertation Grant (R36 - Clinical Trial Not Allowed),https://www.grants.gov/search-results-detail/359149,federal,,,2026-10-15,2026-05-28,posted,nonprofits,93.310;93.313,US,,2026-09-29,2026-09-29,15,off-topic (clinical trial); fields 0/40,,
ca-191235,grants.ca.gov,Public Utilities Commission,LA County TECH (CEA-LAT) Grant – Round 3,https://www.cpuc.ca.gov/about-cpuc/divisions/news-and-public-information-office/business-and-community-outreach/equity-and-access-grant-program,state,,,2026-10-15,2026-09-15,active,Nonprofit,Education; Energy,Must be headquartered in ZIP Code 91326. ,"The CEA-LAT Grant Program supports community-based organizations that conduct outreach and education related to the Technology for Equipment and Clean Heating (TECH) Clean California initiative. Grant-funded activities help residents learn about building decarbonization, electrification technologies",2026-09-29,2026-09-29,37,fields 6/40 (no core+community_building); amount unknown 8/20; lead 16d 6/15; geo 10/10; burden 7/10,,
gg-L26AS00064,grants.gov,Bureau of Land Management,FY26 Bureau of Land Management Youth Conservation Corps - Bureau wide&nbsp;&nbsp;&nbsp;&nbsp;&nbsp;&nbsp;,https://www.grants.gov/search-results-detail/362787,federal,,,2026-10-16,2026-06-12,posted,nonprofits,15.243,US,,2026-09-29,2026-09-29,39,fields 14/40 (youth); amount unknown 8/20; lead 17d 6/15; geo 7/10; federal reporting burden 4/10,,
gg-CDC-RFA-JG-26-0178,grants.gov,Centers for Disease Control-GHC,"Strengthening Ghana Health Service laboratory services, diagnostic networks, and systems for a more effective, efficient, and sustainable response to HIV, TB, and other priority health threats",https://www.grants.gov/search-results-detail/360759,federal,,,2026-10-16,2026-08-17,posted,"City or township governments; Public and State controlled institutions of higher education; Public housing authorities/Indian housing authorities; Small businesses; Nonprofits that do not have a 501(c)(3) status with the IRS, other than institutions of higher education; Native American tribal organi",Health,US,"The Award Ceiling for Year 1 is 0 (none). CDC anticipates an Approximate Total Fiscal Year Funding amount of $500,000 for Year 1, subject to the availability of funds.This NOFO provides operational support through financial and technical resources to the Ghana Health Service (GHS)/Ministry of Health (MoH). The goal is to help them coordinate and improve laboratory capacity so they can deliver high-quality, efficient services for HIV, TB, and other priority health areas. This NOFO will advance HIV testing, treatment, retention, and viral suppression in Ghana by:Equipping laboratories with appro",2026-09-29,2026-09-29,31,fields 6/40 (no core+education); amount unknown 8/20; lead 17d 6/15; geo 7/10; federal reporting burden 4/10,,
ca-191262,grants.ca.gov,Department of Resources Recycling and Recovery,Illegal Disposal Site Abatement Grant Program,https://calrecycle.ca.gov/LEA/GrantsLoans/SolidWaste/LocalGrants/,state,,,2026-10-16,2026-09-09,active,Public Agency,"Disadvantaged Communities; Environment & Water; Health & Human Services; Housing, Community and Economic Development",Eligible projects include solid waste cleanup project sites where cleanup is needed to protect public health and safety and/or the environment within the applicant’s jurisdiction.,"This program provides financial assistance in the form of reimbursement grants up to $500,000 to help public entities accelerate the pace of cleanup, restore sites, and turn today’s problems into tomorrow’s opportunities.",2026-09-29,2026-09-29,0,applicant type excludes nonprofits (public agency),,
ca-191181,grants.ca.gov,Governor's Office of Emergency Services,FY 2026-27 Intimate Partner Violence Prevention (FD) Program Supplemental,https://www.caloes.ca.gov/office-of-the-director/policy-administration/finance-administration/grants-management/grants-central-system/,state,132828,132828,2026-10-16,2026-08-28,active,Nonprofit,Education,CA,"The purpose of the Intimate Partner Violence Prevention (FD) Program is to prevent intimate partner violence, including teen dating violence, and sexual assault.",2026-09-29,2026-09-29,36,fields 0/40 (no core); amount fits 20/20; lead 17d 6/15; geo 3/10; burden 7/10,,
gg-USDA-APHIS-10031-PPQ-NCPN-2027,grants.gov,Animal and Plant Health Inspection Service,Plant Protection Act Section 7721 Fiscal Year 2027 National Clean Plant Network (NCPN),https://www.grants.gov/search-results-detail/363326,federal,,3500000,2026-10-19,2026-07-27,posted,"Nonprofits having a 501(c)(3) status with the IRS, other than institutions of higher education; Private institutions of higher education; Public and State controlled institutions of higher education; State governments; Others (see text field entitled ""Additional Information on Eligibility"" for clari",Agriculture,US," The U.S. Department of Agriculture, Animal and Plant Health Inspection Service announce this funding opportunity to carry out the Plant Protection Act Section 7721 (PPA 7721) National Clean Plant Network (NCPN) program. APHIS will consider project proposals that clearly and directly support the strategic goals and objectives of the National Clean Plant Network as described in the  NCPN Strategic Plan  .  The purpose of the NCPN program is to establish a network of Clean Plant Centers for diagnostic and pathogen elimination services to produce clean propagative plant material and to maintain b",2026-09-29,2026-09-29,29,fields 0/40 (no core); amount partly fits 12/20; lead 20d 6/15; geo 7/10; federal reporting burden 4/10,,
gg-HRSA-27-005,grants.gov,Health Resources and Services Administration,Fiscal Year (FY) 2027 Service Area Competition (SAC),https://www.grants.gov/search-results-detail/363423,federal,650000,10116100,2026-10-19,2026-09-18,posted,"County governments; Native American tribal governments (Federally recognized); Native American tribal organizations (other than Federally recognized tribal governments); City or township governments; Special district governments; Nonprofits that do not have a 501(c)(3) status with the IRS, other tha",Health,US,"The FY 2027 Health Center Program Service Area Competition (SAC) funding improves the health of medically underserved communities and populations by providing grants to support the delivery of comprehensive, high-quality preventive and primary health care services in the United States and its territories. For each SAC Notice of Funding Opportunity (NOFO), service areas available for competition are announced in the Service Area Announcement Table (SAAT). Throughout the year, we may announce additional service areas in a Service Area Competition-Additional Area (SAC-AA) if an awarded health cen",2026-09-29,2026-09-29,17,fields 0/40 (no core); amount too large for us 0/20; lead 20d 6/15; geo 7/10; federal reporting burden 4/10,,
gg-RFA-DE-27-001,grants.gov,National Institutes of Health,"Community Engagement Evaluation and Data Coordination (CEED) Hub to Advance Data and Practice Transformation for Optimizing Oral Health for All (U01, Clinical Trial Not Allowed)",https://www.grants.gov/search-results-detail/359123,federal,,,2026-10-19,2026-04-27,posted,nonprofits,93.313;93.121;93.310,US,,2026-09-29,2026-09-29,15,off-topic (clinical trial); fields 0/40,,
gg-RFA-CA-27-021,grants.gov,National Institutes of Health,Sustained Support for Informatics Technologies for Cancer Research and Management (U24 Clinical Trial Optional),https://www.grants.gov/search-results-detail/359853,federal,,,2026-10-19,2026-05-21,posted,nonprofits,93.399;93.395;93.393;93.394;93.396,US,,2026-09-29,2026-09-29,15,off-topic (clinical trial); fields 0/40,,
gg-RFA-CA-27-020,grants.gov,National Institutes of Health,Advanced Development of Informatics Technologies for Cancer Research and Management (U24 Clinical Trial Optional),https://www.grants.gov/search-results-detail/359855,federal,,,2026-10-19,2026-05-21,posted,nonprofits,93.395;93.393;93.396;93.399;93.394,US,,2026-09-29,2026-09-29,15,off-topic (clinical trial); fields 0/40,,
gg-RFA-RM-27-012,grants.gov,National Institutes of Health,PRIMED-AI: Data-to-Model Academic-Industrial Partnerships (D2M-AIP) for Precision Medicine with AI: Integrating Imaging with Multimodal Data (UG3/UH3 Clinical Trial Optional),https://www.grants.gov/search-results-detail/359270,federal,,,2026-10-19,2026-06-30,posted,nonprofits,93.310,US,,2026-09-29,2026-09-29,15,off-topic (clinical trial); fields 0/40,,
gg-RFA-RM-27-013,grants.gov,National Institutes of Health,"Model-to-Clinic (M2C) for Precision Medicine with AI: Integrating Imaging with Multimodal Data (PRIMED-AI) (UG3/UH3, Clinical Trial Optional)",https://www.grants.gov/search-results-detail/359666,federal,,,2026-10-19,2026-06-30,posted,nonprofits,93.310,US,,2026-09-29,2026-09-29,15,off-topic (clinical trial); fields 0/40,,
gg-AC-08-20-2026,grants.gov,AmeriCorps,Fiscal Year (FY) 2027 AmeriCorps Seniors RSVP Competition,https://www.grants.gov/search-results-detail/363482,federal,,,2026-10-20,2026-08-20,posted,"Public and State controlled institutions of higher education; Native American tribal governments (Federally recognized); Nonprofits that do not have a 501(c)(3) status with the IRS, other than institutions of higher education; Others (see text field entitled ""Additional Information on Eligibility"" f","Community Development; Consumer Protection; Disaster Prevention and Relief; Education; Employment, Labor and Training; Environment; Food and Nutrition; Health; Housing; Income Security and Social Serv",US," AmeriCorps improves lives, strengthens communities, and fosters civic engagement through service and volunteering. AmeriCorps brings people together to tackle some of the country’s most pressing challenges through national service and volunteerism. AmeriCorps members and AmeriCorps Seniors volunteers serve with organizations dedicated to the improvement of communities and those serving. AmeriCorps helps make service a cornerstone of our national culture.&nbsp;This funding announcement is an opportunity for communities to apply for funding to engage adults ages 55 and older in tackling the com",2026-09-29,2026-09-29,40,fields 6/40 (no core+community_building); amount unknown 8/20; lead 21d 15/15; geo 7/10; federal reporting burden 4/10,,
ca-189912,grants.ca.gov,Governor's Office of Business and Economic Development,Quantum FAST Challenge,https://calearninglab.org/grant/quantum-fast/,state,50000,500000,2026-10-20,2026-07-30,active,Other Legal Entity; Public Agency,"Science, Technology, and Research & Development",Must be legally authorized to conduct business in California. Must be in good standing and have active status with the California Secretary of State.,The Quantum FAST Challenge is a competitive grant program that seeks to strengthen California's quantum ecosystem by funding projects in two priority areas: (1) Education and workforce development projects that build the talent pipeline that quantum technologies require; and (2) Applied use case dem,2026-09-29,2026-09-29,0,applicant type excludes nonprofits (other legal entity; public agency),,
gg-RFA-DK-27-120,grants.gov,National Institutes of Health,Nutrition Obesity Research Centers (NORCs) (P30 Clinical Trial Optional),https://www.grants.gov/search-results-detail/360544,federal,,,2026-10-20,2026-06-30,posted,nonprofits,93.847,US,,2026-09-29,2026-09-29,15,off-topic (clinical trial); fields 0/40,,
ca-161958,grants.ca.gov,Department of Health Care Access and Information,Song Brown Registered Nurse Education Programs (RN) 2026 Application,https://hcai.ca.gov/workforce/financial-assistance/grants/song-brown/registered-nurse-rn/,state,,,2026-10-22,2026-02-24,active,Business; Nonprofit; Public Agency,Education; Health & Human Services,Registered nursing programs must be located in California.,The Song-Brown program funds institutions that train primary care health professionals to provide healthcare in California’s medically underserved areas.   ,2026-09-29,2026-09-29,40,fields 0/40 (no core); amount unknown 8/20; lead 23d 15/15; geo 10/10; burden 7/10,,
ca-191106,grants.ca.gov,Department of Resources Recycling and Recovery,Recycled Glass Processing Incentive Grant Program (FY 2026-27),https://calrecycle.ca.gov/bevcontainer/grants/rgp/fy202627/,state,1000000,4000000,2026-10-22,2026-09-08,active,Business; Nonprofit,Environment & Water,The business must be qualified to do business in California and be in good standing with all applicable California state agencies.,The fundamental goal of the Program is to stimulate an increase of furnace-ready glass cullet in the making of new glass beverage containers within the State of California.,2026-09-29,2026-09-29,15,off-topic (recycling); fields 0/40,,
gg-RFA-MH-27-140,grants.gov,National Institutes of Health,Optimizing Behavioral Sleep Interventions for Adolescents and Young Adults (R34 Clinical Trial Required),https://www.grants.gov/search-results-detail/359159,federal,,,2026-10-22,2026-05-28,posted,nonprofits,93.242,US,,2026-09-29,2026-09-29,15,off-topic (clinical trial); fields 0/40,,
ca-191664,grants.ca.gov,Sacramento-San Joaquin Delta Conservancy,"Delta Community, Environment, and Climate  Grant Program",https://deltaconservancy.ca.gov/grant-program/prop-4/,state,100000,2000000,2026-10-23,2026-09-17,active,Nonprofit; Public Agency; Tribal Government,"Agriculture; Disadvantaged Communities; Environment & Water; Housing, Community and Economic Development",The legal Delta.,"The purpoose of the Delta Community, Environment and Climate Grant Program is to fund multibenefit projects in the Delta and Suisun Marsh. The Conservancy is soliciting proposals for three different priorities: Community Enhancement, Nature-Based Solutions, and Ecosystem Restoration.",2026-09-29,2026-09-29,21,off-topic (climate); fields 6/40,,
gg-CDC-RFA-DD-26-0222,grants.gov,Centers for Disease Control - NCBDDD,Long-term health outcomes of people living with spina bifida,https://www.grants.gov/search-results-detail/361002,federal,100000,300000,2026-10-26,2026-08-26,posted,"Nonprofits that do not have a 501(c)(3) status with the IRS, other than institutions of higher education; Special district governments; County governments; Small businesses; Independent school districts; Nonprofits having a 501(c)(3) status with the IRS, other than institutions of higher education; ",Health,US,The purpose of component A (8-11 awardees) of this NOFO is to collect high-quality longitudinal data on children and adults with spina bifida (SB) who receive care in specialized spina bifida clinics participating in the National Spina Bifida Patient Registry (NSBPR). The purpose of component B (6-8 awardees) is to implement and evaluate the Urologic Management to Preserve Initial Renal Function Protocol for Young Children with Spina Bifida (UMPIRE) iterative protocol which aims to improve the management of the urinary and kidney systems in infants and young children with myelomeningocele. Bui,2026-09-29,2026-09-29,52,fields 6/40 (no core+education); amount fits 20/20; lead 27d 15/15; geo 7/10; federal reporting burden 4/10,,
ca-191499,grants.ca.gov,Department of Health Care Services,Scaling Dyadic Care Grant Program,https://www.dhcs.ca.gov/providers-partners/dyadic-services-as-a-medi-cal-benefit/,state,500000,700000,2026-10-26,2026-09-16,active,Business; Nonprofit; Other Legal Entity; Public Agency; Tribal Government,"Disadvantaged Communities; Education; Health & Human Services; Housing, Community and Economic Development","Urban, suburban, rural, and frontier regions across California. The geographic allocation methodology prioritizes representation of high-need and underserved communities.","The Department of Health Care Services (DHCS) launched the Scaling Dyadic Care Grant Program to make relationship-centered, family-focused behavioral health care a routine and accessible component of pediatric services throughout California. By prioritizing health equity, the grant program supports ",2026-09-29,2026-09-29,46,fields 14/40 (mental_health); amount too large for us 0/20; lead 27d 15/15; geo 10/10; burden 7/10,,
ca-191679,grants.ca.gov,Employment Development Department,Emergency Medical Services Technical Assistance (EMS TA) Solicitation for Proposals (SFP) for Program Year 2026 (PY 26-27),https://edd.ca.gov/en/jobs_and_training/WDSFP_Workforce_Development_Solicitations_for_Proposals,state,1500000,1500000,2026-10-27,2026-09-17,active,Nonprofit; Public Agency,"Disadvantaged Communities; Employment, Labor & Training; Health & Human Services",CA,"The EMS TA grant is designed to strengthen the quality, consistency, and sustainability of existing EMS Corps programs across California. The awardee must possess the capability to provide technical assistance such as operational support, on-the-ground project support, ongoing training, including te",2026-09-29,2026-09-29,32,fields 0/40 (no core); amount too large for us 0/20; lead 28d 15/15; geo 10/10; burden 7/10,,
ca-191505,grants.ca.gov,Department of Resources Recycling and Recovery,"Increased Recycling of Empty Glass Beverage Containers Grant Program, FY 2026-27",https://calrecycle.ca.gov/bevcontainer/grants/egr/fy202627/,state,250000,4000000,2026-10-29,2026-09-22,active,Business; Nonprofit; Public Agency; Tribal Government,Environment & Water,"Entities must be authorized and qualified to do business in California.  Additionally, they must be in good standing with all applicable California state agencies to conduct business and registered appropriately to do business according to their entity type. ","The fundamental goal of the Program is to assist in funding regional pilot programs that are supplying bins for collection of empty glass beverage containers from five or more restaurants and on-sale retail licensed establishments licensed pursuant to the Alcoholic Beverage Control Act (Division 9, ",2026-09-29,2026-09-29,15,off-topic (recycling); fields 0/40,,
gg-O-OJJDP-2026-172745,grants.gov,Office of Juvenile Justice Delinquency Prevention ,OJJDP FY 2026 Multistate Mentoring Programs,https://www.grants.gov/search-results-detail/363911,federal,1000000,4000000,2026-10-29,2026-09-21,posted,"Independent school districts; Nonprofits having a 501(c)(3) status with the IRS, other than institutions of higher education; County governments; Special district governments; Native American tribal governments (Federally recognized); Private institutions of higher education; State governments; Publ","Law, Justice and Legal Services",US,"This is a notice of funding opportunity (NOFO) for the OJJDP FY 2026 Multistate Mentoring Programs. This opportunity supports the implementation and delivery of mentoring services to youth populations that are at risk or high risk for delinquency, victimization, and going into the juvenile justice system. Mentoring services can be one-on-one, group, peer, or a combination of these types.",2026-09-29,2026-09-29,45,fields 19/40 (youth+education); amount too large for us 0/20; lead 30d 15/15; geo 7/10; federal reporting burden 4/10,,
gg-O-BJA-2026-172760,grants.gov,Bureau of Justice Assistance,BJA FY 2026 National Center for Veterans Justice,https://www.grants.gov/search-results-detail/363898,federal,,4000000,2026-10-30,2026-09-21,posted,"For profit organizations other than small businesses; Nonprofits that do not have a 501(c)(3) status with the IRS, other than institutions of higher education; Nonprofits having a 501(c)(3) status with the IRS, other than institutions of higher education; Small businesses; Private institutions of hi","Law, Justice and Legal Services",US,"This is a notice of funding opportunity (NOFO) for the BJA FY 2026 National Center for Veterans Justice. This opportunity will establish a national center to provide specialized support to state, local, and tribal criminal justice agencies; treatment and service providers; courts; corrections systems; and community supervision agencies to effectively support and respond to the needs of veterans across the justice system, improve outcomes, and strengthen public safety.
The Center will serve as a one stop shop to address critical gaps in veteran identification, cross-system coordination, and imp",2026-09-29,2026-09-29,57,fields 19/40 (veterans+education); amount partly fits 12/20; lead 31d 15/15; geo 7/10; federal reporting burden 4/10,,
gg-O-BJA-2026-172717,grants.gov,Bureau of Justice Assistance,BJA FY 2026 Second Chance Act Community-based Reentry Program,https://www.grants.gov/search-results-detail/363892,federal,,1000000,2026-10-30,2026-09-21,posted,"Native American tribal governments (Federally recognized); Nonprofits that do not have a 501(c)(3) status with the IRS, other than institutions of higher education; Nonprofits having a 501(c)(3) status with the IRS, other than institutions of higher education","Law, Justice and Legal Services",US,This is a notice of funding opportunity (NOFO) for the BJA FY 2026 Second Chance Act Community-based Reentry Program. This opportunity will support community-based organizations and tribal governments to provide mentoring and transitional services for people returning to communities from adult correctional facilities and who are assessed as moderate to high risk for recidivism. Services may be provided pre-and/or post-release.,2026-09-29,2026-09-29,57,fields 19/40 (youth+community_building); amount partly fits 12/20; lead 31d 15/15; geo 7/10; federal reporting burden 4/10,,
ca-191211,grants.ca.gov,Department of Parks and Recreation,Division of Boating and Waterways Aquatic Center Boating Safety Education Grant FY26,http://dbw.parks.ca.gov/?page_id=28817,state,62000,62000,2026-10-30,2026-09-18,active,Nonprofit; Public Agency,Education; Environment & Water; Parks & Recreation,Waterways within California,Provide boating safety education to the general public.,2026-09-29,2026-09-29,15,off-topic (boating); fields 0/40,,
gg-RFA-HG-27-012,grants.gov,National Institutes of Health,"GREGoRi Technology Integration Center (U01, Clinical Trials Optional)",https://www.grants.gov/search-results-detail/359280,federal,,,2026-10-30,2026-06-18,posted,nonprofits,93.172,US,,2026-09-29,2026-09-29,15,off-topic (u01); fields 0/40,,
gg-RFA-HG-27-013,grants.gov,National Institutes of Health,GREGoRi Innovation Projects (U01 Clinical Trial Optional),https://www.grants.gov/search-results-detail/359644,federal,,,2026-10-30,2026-06-18,posted,nonprofits,93.172,US,,2026-09-29,2026-09-29,15,off-topic (clinical trial); fields 0/40,,
gg-RFA-HG-27-011,grants.gov,National Institutes of Health,"GREGoRi Data Coordination and Outreach Center (U01, Clinical Trials Not Allowed)",https://www.grants.gov/search-results-detail/359279,federal,,,2026-10-30,2026-06-18,posted,nonprofits,93.172,US,,2026-09-29,2026-09-29,15,off-topic (u01); fields 0/40,,
gg-PAR-27-045,grants.gov,National Institutes of Health,HEAL Initiative: Whole Joint Health Program (R61/R33 Clinical Trial Required),https://www.grants.gov/search-results-detail/361304,federal,,,2026-10-30,2026-09-28,posted,nonprofits,93.473;93.273;93.866;93.846;93.853;93.121;93.213;93.286,US,,2026-09-29,2026-09-29,15,off-topic (clinical trial); fields 0/40,,
ca-184092,grants.ca.gov,Public Utilities Commission,2026-27 Digital Divide Grant Program Round 4,https://www.cpuc.ca.gov/consumer-support/financial-assistance-savings-and-discounts/california-teleconnect-fund/digital-divide-grant-program,state,50000,100000,2026-10-30,2026-07-06,active,Nonprofit; Public Agency,"Disadvantaged Communities; Education; Housing, Community and Economic Development; Science, Technology, and Research & Development","The Digital Divide Grant Program is for a rural or urban small school district with a FRMP of at least 50%. The DDGP relies on data from the California Department of Education (CDE) to determine eligibility. CDE designates small districts that have an Average Daily Attendance (ADA) of less than 2,500 students; medium are over 2,500 students; large districts are over 10,000 students. The urban/rural designation is from US Census track data.","The Digital Divide Grant Program will award one grant of $100,000 for rural and urban public schools and two grants of up to $50,000 each for non-profit Community Based Organizations (CBO). The grants will fund digital projects that serve beneficiary public schools/districts and non-profit Community",2026-09-29,2026-09-29,15,off-topic (digital divide); fields 0/40,,
ca-191667,grants.ca.gov,Sacramento-San Joaquin Delta Conservancy,Rice Incentive Program,https://deltaconservancy.ca.gov/grant-program/prop-4/,state,,,2026-10-30,2026-09-17,active,Nonprofit; Public Agency; Tribal Government,Agriculture,The legal Delta.,Fund rice conversion projects on areas with highly organic soils in the Delta.,2026-09-29,2026-09-29,15,off-topic (conservancy); fields 0/40,,
gg-HHS-2026-IHS-NIHOE-0001,grants.gov,Indian Health Service,National Indian Health Outreach and Education,https://www.grants.gov/search-results-detail/360296,federal,246311,1101311,2026-11-02,2026-09-09,posted,"Others (see text field entitled ""Additional Information on Eligibility"" for clarification); Native American tribal governments (Federally recognized); Nonprofits having a 501(c)(3) status with the IRS, other than institutions of higher education; Native American tribal organizations (other than Fede",Health,US,"The purpose of this NOFO is to further the IHS mission and goals related to providing quality health care to the AI/AN community through outreach and education. Our focus is on promoting awareness, visibility, training, technical assistance, and education in the following components:Health education and outreach.Rural Health Transformation review and outreach and education on the Indian Health Care Improvement Act.Substance abuse and suicide prevention.Domestic violence prevention.Special diabetes program for American Indians.Tribal budget formulation activities.Tribal youth health advisory ac",2026-09-29,2026-09-29,52,fields 14/40 (youth); amount partly fits 12/20; lead 34d 15/15; geo 7/10; federal reporting burden 4/10,,
gg-O-OJJDP-2026-172751,grants.gov,Office of Juvenile Justice Delinquency Prevention ,OJJDP FY 2026 Second Chance Act Youth Reentry Program,https://www.grants.gov/search-results-detail/363961,federal,,750000,2026-11-02,2026-09-25,posted,"Nonprofits having a 501(c)(3) status with the IRS, other than institutions of higher education; Others (see text field entitled ""Additional Information on Eligibility"" for clarification); Native American tribal governments (Federally recognized); County governments; City or township governments; Non","Law, Justice and Legal Services",US,"This is a notice of funding opportunity (NOFO) for the OJJDP FY 2026 Second Chance Act Youth Reentry Program. This opportunity will support states, units of local government, federally recognized Native American Tribal governments, and community-based organizations to provide (1) comprehensive reentry services for moderate- to high-risk youth before, during, and after release from confinement, and (2) support transitional services to assist youth to successfully reenter the community. This program supports collaborations between state agencies, local government, Tribes, and community- and fait",2026-09-29,2026-09-29,57,fields 19/40 (youth+community_building); amount partly fits 12/20; lead 34d 15/15; geo 7/10; federal reporting burden 4/10,,
ca-191343,grants.ca.gov,CA Department of Food and Agriculture,2026 California Nutrition Incentive Program,https://cafarmtofork.cdfa.ca.gov/farm_to_fork/grants/cnip.html,state,50000,12500000,2026-11-03,2026-09-25,active,Business; Nonprofit; Other Legal Entity; Tribal Government,Disadvantaged Communities; Food & Nutrition; Health & Human Services,CA,The 2026 CNIP RFP is focused on increasing California-grown fresh fruit and vegetable purchases at Certified Farmers’ Markets and California Small Businesses* by shoppers using CalFresh (SNAP) benefits and sustaining proposals in high need areas.,2026-09-29,2026-09-29,15,off-topic (nutrition incentive); fields 0/40,,
ca-191673,grants.ca.gov,CA Natural Resources Agency,Youth Community Access Grant Program (Round 4),https://resources.ca.gov/grants/youth,state,30000,300000,2026-11-04,2026-09-21,active,Nonprofit; Public Agency; Tribal Government,Disadvantaged Communities; Education; Parks & Recreation,Statewide,YCA Grants will fund projects that serve youth from low-income and disadvantaged communities and provide immersive and meaningful experiences with natural or cultural resources within California that participants otherwise would not have.  Low income and disadvantaged communities are defined in the ,2026-09-29,2026-09-29,66,fields 14/40 (youth); amount fits 20/20; lead 36d 15/15; geo 10/10; burden 7/10,,
gg-P27AS00032,grants.gov,National Park Service,Exploring and Enhancing Outdoor and Heritage Tourism in the Chesapeake Bay Watershed,https://www.grants.gov/search-results-detail/363728,federal,10000,50000,2026-11-04,2026-08-27,posted,"County governments; Private institutions of higher education; State governments; Public and State controlled institutions of higher education; For profit organizations other than small businesses; Nonprofits having a 501(c)(3) status with the IRS, other than institutions of higher education; Nonprof",Community Development,US,"Goal: Encourage outdoor recreation and natural, historical, and cultural tourism that expands access to and awareness of the Chesapeake Bay watershed and fosters economic development of communities.ObjectivesNPS Chesapeake Gateways is offering this competitive grant opportunity to strengthen a community's ability to offer or enhance outdoor recreation and natural, historical, and cultural tourism that connects visitors and residents to the Chesapeake Bay watershed as detailed in the Chesapeake Bay Initiative Act of 1998.Through this grant opportunity, NPS Chesapeake Gateways will:Enhance outdo",2026-09-29,2026-09-29,15,off-topic (watershed); fields 0/40,,
gg-RFA-CK-26-036,grants.gov,Centers for Disease Control and Prevention - ERA,"US Travelers Health Research, Surveillance, Communication, and Outreach Network",https://www.grants.gov/search-results-detail/360200,federal,750000,1000000,2026-11-05,2026-08-05,posted,"Nonprofits having a 501(c)(3) status with the IRS, other than institutions of higher education; State governments; Nonprofits that do not have a 501(c)(3) status with the IRS, other than institutions of higher education; For profit organizations other than small businesses; Special district governme",Health,US,"The NOFO supports CDC""s efforts to protect U.S. residents traveling internationally. The goal is to help U.S. travelers with pre-travel preparation, access to timely health information while traveling, and timely research on health conditions.The project will:Improve access to high quality travel preparation information for both healthcare providers and travelers.Collect health information before, during, and after travel through innovative electronic medical record (EMR), web, and mobile phone applications.Build on this platform to conduct timely research on emerging health threats.This NOFO ",2026-09-29,2026-09-29,26,fields 0/40 (no core); amount too large for us 0/20; lead 37d 15/15; geo 7/10; federal reporting burden 4/10,,
gg-RFA-CK-26-035,grants.gov,Centers for Disease Control and Prevention - ERA,"Emerging Infections Network - Research for Preventing, Detecting, and Managing Travel-associated Infectious Diseases",https://www.grants.gov/search-results-detail/360199,federal,1750000,6000000,2026-11-05,2026-08-03,posted,"Nonprofits having a 501(c)(3) status with the IRS, other than institutions of higher education; Special district governments; Nonprofits that do not have a 501(c)(3) status with the IRS, other than institutions of higher education; County governments; Public housing authorities/Indian housing author",Health,US,"The focus of this notice of funding opportunity (NOFO) is to produce insights into disease detection and prevention strategies, burden, severity, diagnostics, treatment, and outcomes of infectious diseases in international travelers. Timely surveillance and sentinel detection are essential for collecting actionable data. The research should:Address public health questions that improve the speed of outbreak detection.Help develop guidelines and recommendations to improve patient care.Enhance understanding of the natural history of disease.Optimize genomic surveillance as well as diagnostic and ",2026-09-29,2026-09-29,26,fields 0/40 (no core); amount too large for us 0/20; lead 37d 15/15; geo 7/10; federal reporting burden 4/10,,
gg-O-OJJDP-2026-172734,grants.gov,Office of Juvenile Justice Delinquency Prevention ,OJJDP FY 2026 Community and Schools Youth Drug Prevention Program,https://www.grants.gov/search-results-detail/363902,federal,,750000,2026-11-09,2026-09-21,posted,"Native American tribal governments (Federally recognized); County governments; State governments; City or township governments; Others (see text field entitled ""Additional Information on Eligibility"" for clarification); Nonprofits having a 501(c)(3) status with the IRS, other than institutions of hi","Law, Justice and Legal Services",US,"This is a notice of funding opportunity (NOFO) for the OJJDP FY 2026 Community and Schools Youth Drug Prevention Program. This opportunity supports states, units of local government, federally recognized Native American Tribal governments and nonprofit organizations to deliver substance use prevention programs for youth in schools and extracurricular settings in coordination with law enforcement and community coalitions. This includes building community-based capacity and implementing a continuum of prevention strategies that address youth substance use, such as education, early intervention, ",2026-09-29,2026-09-29,52,fields 14/40 (youth); amount partly fits 12/20; lead 41d 15/15; geo 7/10; federal reporting burden 4/10,,
gg-RFA-NS-26-001,grants.gov,National Institutes of Health,Amyotrophic Lateral Sclerosis (ALS) Intermediate Patient Population Expanded Access (U01 Clinical Trial Required),https://www.grants.gov/search-results-detail/360400,federal,,,2026-11-10,2026-05-04,posted,nonprofits,93.853,US,,2026-09-29,2026-09-29,15,off-topic (clinical trial); fields 0/40,,
gg-RFA-CA-27-002,grants.gov,National Institutes of Health,Advanced Development and Validation of Emerging Technologies for Basic and Clinical Cancer Research (R33 Clinical Trial Not Allowed),https://www.grants.gov/search-results-detail/360534,federal,,,2026-11-10,2026-06-03,posted,nonprofits,93.394,US,,2026-09-29,2026-09-29,15,off-topic (clinical trial); fields 0/40,,
gg-RFA-CA-27-001,grants.gov,National Institutes of Health,Early-Stage Innovative Technology Development for Basic and Clinical Cancer Research (R61 Clinical Trial Not Allowed),https://www.grants.gov/search-results-detail/360536,federal,,,2026-11-10,2026-06-03,posted,nonprofits,93.394,US,,2026-09-29,2026-09-29,15,off-topic (clinical trial); fields 0/40,,
gg-RFA-AI-27-005,grants.gov,National Institutes of Health,Clinical Research Network on Antimicrobial Resistance (UM1 Clinical Trial Required),https://www.grants.gov/search-results-detail/361065,federal,,,2026-11-10,2026-09-01,posted,nonprofits,93.855,US,,2026-09-29,2026-09-29,15,off-topic (clinical trial); fields 0/40,,
gg-RFA-AI-27-002,grants.gov,National Institutes of Health,Infectious Diseases Clinical Trials Network (IDCTN) (UM1 Clinical Trial Required),https://www.grants.gov/search-results-detail/360875,federal,,,2026-11-10,2026-09-01,posted,nonprofits,93.855,US,,2026-09-29,2026-09-29,15,off-topic (clinical trial); fields 0/40,,
gg-RFA-AG-27-010,grants.gov,National Institutes of Health,Data Coordinating Center for the Aging and Alzheimer&rsquo;s Disease Mouse Brain Atlas (AD-MBA) (U24 Clinical Trial Not Allowed),https://www.grants.gov/search-results-detail/359740,federal,,,2026-11-10,2026-09-01,posted,nonprofits,93.866,US,,2026-09-29,2026-09-29,15,off-topic (clinical trial); fields 0/40,,
gg-RFA-OD-27-009,grants.gov,National Institutes of Health,Limited Competition: NIH Research Evaluation and Commercialization Hubs (REACH) (SB0 Clinical Trial Optional),https://www.grants.gov/search-results-detail/362965,federal,,,2026-11-10,2026-09-24,posted,nonprofits,93.859;93.310,US,,2026-09-29,2026-09-29,15,off-topic (clinical trial); fields 0/40,,
gg-USDA-NHQ-ACEP-26-NOFO0001456,grants.gov,Natural Resources Conservation Service,Easement Restoration and Stewardship,https://www.grants.gov/search-results-detail/363920,federal,250000,5000000,2026-11-19,2026-09-25,posted,Special district governments; Small businesses; City or township governments; County governments; Native American tribal organizations (other than Federally recognized tribal governments); Public and State controlled institutions of higher education; Native American tribal governments (Federally rec,Agriculture; Environment; Natural Resources,US,"  The opportunities associated with this NOFO are for lands protected through the Wetland Reserve Easements (WRE) component of the Agricultural Conservation Easement Program (ACEP) and the Floodplain Easement (FPE) component of the Emergency Watershed Protection Program (EWPP). The types of work available through this opportunity fall into three primary categories: 1) restoration of wetland and floodplain easements; 2) stewardship of wetland and floodplain easements, and 3) onsite and offsite assessment of easement conditions.&nbsp;  
   
  Component 1) Wetland and Floodplain Easement Restorat",2026-09-29,2026-09-29,0,applicant type excludes nonprofits (special district governments; small businesses; city or town),,
gg-DE-FOA-0003647,grants.gov,Golden Field Office,Accelerating Scale-up and Pre-piloting of Emerging Chemical Technologies (ASPECT),https://www.grants.gov/search-results-detail/363815,federal,2000000,20000000,2026-12-01,2026-09-04,posted,City or township governments; Public housing authorities/Indian housing authorities; County governments; Public and State controlled institutions of higher education; Native American tribal organizations (other than Federally recognized tribal governments); Small businesses; Nonprofits that do not h,Energy,US,"Modification 000002:

Updated Appendix A and the definition of “Construction and demolition waste”, also denoted as “C&D Waste”, to align with the programmatic authorizing statute for the Alternative Fuels and Feedstocks Office listed in NOFO Part 1, Section III.G. Statutory Authority.

• “Construction and demolition waste,” for the purposes of this NOFO and consistent with the statutory authorities1, refers to waste organic materials from buildings, roads and bridges, and other sectors, but not included in municipal solid waste. It includes wood waste materials, including waste pallets, crate",2026-09-29,2026-09-29,15,off-topic (construction); fields 0/40,,
gg-RFA-OD-27-008,grants.gov,National Institutes of Health,Maximizing the Scientific Value of Data Generated by the Environmental Influences on Child Health Outcomes (ECHO) Program: Ruth L. Kirschstein National Research Service Award (NRSA) Individual Postdoctoral Fellowship (F32),https://www.grants.gov/search-results-detail/359150,federal,,,2026-12-02,2026-05-28,posted,nonprofits,93.310;93.121;93.853;93.313;93.361;93.307,US,,2026-09-29,2026-09-29,15,off-topic (fellowship); fields 0/40,,
ca-152751,grants.ca.gov,CA Department of Education,2025–26 After School Education and Safety grant program (Round 2),https://www.cde.ca.gov/fg/fo/r27/ases25rfaround2.asp,state,50000,203500,2026-12-03,2025-11-05,active,Public Agency,Disadvantaged Communities; Education,CA,"The purpose of the After School Education and Safety Program is to create incentives for establishing locally-driven Expanded Learning programs, including after school programs that partner with public schools and communities to provide academic and literacy support, and safe, constructive alternati",2026-09-29,2026-09-29,0,applicant type excludes nonprofits (public agency),,
gg-USDA-AMS-TM-SCMP-G-26-0020,grants.gov,Agricultural Marketing Service,Specialty Crop Multi-State Grant Program 2026,https://www.grants.gov/search-results-detail/361876,federal,250000,1000000,2026-12-04,2026-04-13,posted,"State governments; Public and State controlled institutions of higher education; Native American tribal governments (Federally recognized); Nonprofits having a 501(c)(3) status with the IRS, other than institutions of higher education",Agriculture,US,"The U.S. Department of Agriculture (USDA), Agricultural Marketing Service (AMS), requests applications for the fiscal year (FY) 2026 Specialty Crop Multi-State Grant Program (SCMP). The SCMP supports collaborative multi-state partnerships to enhance the competitiveness of specialty crops through competitively funded projects. A multi-state partnership is a project that implements activities with measurable outcomes that benefit two or more U.S. States and/or Territories along with non-profit entities. The focus is to address regional or national level specialty crop issues, including, but not ",2026-09-29,2026-09-29,15,off-topic (crop); fields 0/40,,
gg-RD-RBS-26-03-MPPEP,grants.gov,Rural Business-Cooperative Service ,MPPEP Phase 3 Invasive Wild-Caught Catfish,https://www.grants.gov/search-results-detail/363804,federal,50000,2000000,2026-12-07,2026-09-08,posted,"Nonprofits having a 501(c)(3) status with the IRS, other than institutions of higher education; Native American tribal governments (Federally recognized); Native American tribal organizations (other than Federally recognized tribal governments); City or township governments; County governments; Stat",Agriculture,US," The Meat and Poultry Processing Expansion Program (MPPEP) provides grants to help eligible meat and poultry processors expand their capacity, which creates new, better and more processing options for meat and poultry producers. The goal for MPPEP Phase 3 Round 2 is to support Processors of Invasive, Wild-Caught Catfish species by increasing Processing capacity and providing greater opportunity in this sector. Strategies that can fulfill the goal of this NOFO and ensure lasting impacts include projects to increase Processing capacity; increase Processing volume; elevate incomes for both fisher",2026-09-29,2026-09-29,38,fields 0/40 (no core); amount partly fits 12/20; lead 69d 15/15; geo 7/10; federal reporting burden 4/10,,
gg-USDA-FS-2026-GLRI-CFP,grants.gov,Forest Service,Great Lakes Restoration Initiative: Community Forest and Open Space Conservation Program,https://www.grants.gov/search-results-detail/361418,federal,,,2026-12-08,2026-07-22,posted,nonprofits,10.689,US,,2026-09-29,2026-09-29,15,off-topic (forest); fields 0/40,,
ca-191124,grants.ca.gov,Department of Parks and Recreation,Statewide Park Development and Community Revitalization Program (SPP) – Round 5 – Proposition 4,https://www.parks.ca.gov/spp,state,200000,8500000,2026-12-17,2026-08-28,active,Nonprofit; Public Agency,Disadvantaged Communities; Environment & Water; Health & Human Services; Parks & Recreation,"Statewide.   The project site half-mile radius has either:  • A ratio of less than three acres of parkland per 1,000 RESIDENTS,  OR  • A median household income that is less than 80% of the California median household income,  OR  • Project is within proximity to a climate vulnerability(ies)  APPLICANTS should check eligibility with the Community FactFinder available under Community FactFinder Resources at www.parks.ca.gov/spp.  ",The Statewide Park Development and Community Revitalization Program (SPP) that helps support the acquisition and development of new parks and the renovation or expansion of existing parks in critically underserved and climate-vulnerable communities.  Visit the California State Parks SPP webpage for ,2026-09-29,2026-09-29,15,off-topic (climate); fields 0/40,,
ca-191763,grants.ca.gov,State Water Resources Control Board,2027 Nonpoint Source (NPS) Grant Program – Clean Water Act section 319(h),https://www.waterboards.ca.gov/water_issues/programs/nps/319grants.html,state,100000,1000000,2026-12-18,2026-09-18,active,Nonprofit; Other Legal Entity; Public Agency; Tribal Government,"Agriculture; Disadvantaged Communities; Environment & Water; Science, Technology, and Research & Development",CA,"The NPS Grant Program seeks proposals for projects that reduce runoff of pollution to waters of the state, such as agricultural projects that reduce pesticide and nutrient runoff, improvement or decommissioning of dirt roads to reduce erosion and sediment runoff, streambank stabilization to reduce e",2026-09-29,2026-09-29,37,fields 0/40 (no core); amount partly fits 12/20; lead 80d 15/15; geo 3/10; burden 7/10,,
gg-PAR-25-310,grants.gov,National Institutes of Health,Accelerating Solutions to Improve Access and Quality of Empirically-Supported Practices for Youth Mental Health (R01 Clinical Trial Optional),https://www.grants.gov/search-results-detail/357524,federal,,,2027-01-07,2024-12-03,posted,nonprofits,93.242,US,,2026-09-29,2026-09-29,62,"fields 28/40 (mental_health,youth); amount unknown 8/20; lead 100d 15/15; geo 7/10; federal reporting burden 4/10",,
gg-PAR-24-128,grants.gov,National Institutes of Health,Medical Scientist Training Program (MSTP) (T32),https://www.grants.gov/search-results-detail/352810,federal,,,2027-01-25,2024-03-04,posted,nonprofits,93.859,US,,2026-09-29,2026-09-29,34,fields 0/40 (no core); amount unknown 8/20; lead 118d 15/15; geo 7/10; federal reporting burden 4/10,,
gg-RFA-DK-26-310,grants.gov,National Institutes of Health,Diabetes Research Centers (P30 Clinical Trial Optional),https://www.grants.gov/search-results-detail/359145,federal,,,2027-01-27,2025-12-05,posted,nonprofits,93.847,US,,2026-09-29,2026-09-29,15,off-topic (clinical trial); fields 0/40,,
gg-RBCS-2026-AIC,grants.gov,Rural Business-Cooperative Service ,Agriculture Innovation Center Grant Program,https://www.grants.gov/search-results-detail/363833,federal,600000,1000000,2027-01-31,2026-09-09,posted,"State governments; Public and State controlled institutions of higher education; Private institutions of higher education; City or township governments; Native American tribal governments (Federally recognized); Small businesses; Nonprofits that do not have a 501(c)(3) status with the IRS, other tha",Agriculture; Business and Commerce,US, The primary objective of the program is to provide grants to Agriculture Innovation Centers that will provide technical assistance to agricultural producers to market value-added agricultural products. ,2026-09-29,2026-09-29,26,fields 0/40 (no core); amount too large for us 0/20; lead 124d 15/15; geo 7/10; federal reporting burden 4/10,,
ca-11447,grants.ca.gov,Department of Housing and Community Development,Permanent Local Housing Allocation/ 2022 PLHA NOFA,https://www.hcd.ca.gov/grants-and-funding/programs-active/permanent-local-housing-allocation,state,,,2027-02-28,2025-04-30,active,Public Agency,"Housing, Community and Economic Development",See Appendix A in the 2022 PLHA Program Entitlement and Non-Entitlement Local Government Formula Component Notice of Funding Availability for a list of eligible Applicants.,The principal goal of this program is to make funding available to eligible Local Governments in California for housing-related projects and programs that assist in addressing the unmet housing needs of their local communities.,2026-09-29,2026-09-29,0,applicant type excludes nonprofits (public agency),,
ca-83138,grants.ca.gov,Department of Housing and Community Development,Permanent Local Housing Allocation/ 2024 PLHA NOFA,https://www.hcd.ca.gov/grants-and-funding/programs-active/permanent-local-housing-allocation,state,,,2027-02-28,2024-09-30,active,Public Agency,"Housing, Community and Economic Development",See Appendix A in the 2024 PLHA Program Entitlement and Non-Entitlement Local Government Formula Component Notice of Funding Availability for a list of eligible Applicants.,The principal goal of this program is to make funding available to eligible Local Governments in California for housing-related projects and programs that assist in addressing the unmet housing needs of their local communities.,2026-09-29,2026-09-29,0,applicant type excludes nonprofits (public agency),,
gg-RFA-HL-26-002,grants.gov,National Institutes of Health,NHLBI Outstanding Investigator Award (OIA) (R35 Clinical Trial Optional),https://www.grants.gov/search-results-detail/353821,federal,,,2027-04-28,2024-04-26,posted,nonprofits,93.840;93.838;93.839;93.837;93.233,US,,2026-09-29,2026-09-29,15,off-topic (clinical trial); fields 0/40,,
gg-W911NF21S0009,grants.gov,Dept of the Army -- Materiel Command,LPS Qubit Collaboratory (LQC),https://www.grants.gov/search-results-detail/332894,federal,,,2027-04-30,2021-04-16,posted,nonprofits,12.431,US,,2026-09-29,2026-09-29,34,fields 0/40 (no core); amount unknown 8/20; lead 213d 15/15; geo 7/10; federal reporting burden 4/10,,
gg-DFOP0019410,grants.gov,Bureau of African Affairs,U.S.-Africa Strategic Investment Program,https://www.grants.gov/search-results-detail/363660,federal,5000000,50000000,2027-05-31,2026-08-19,posted,"Others (see text field entitled ""Additional Information on Eligibility"" for clarification); Nonprofits that do not have a 501(c)(3) status with the IRS, other than institutions of higher education; Small businesses; Nonprofits having a 501(c)(3) status with the IRS, other than institutions of higher",Business and Commerce,US," The U.S.-Africa Strategic Investment Program advances America's national interests by harnessing market-based, private sector-led growth across two strategic focus areas: Critical Minerals Investment and Commercial Diplomacy Acceleration. This program seeks market-based solutions that strengthen the environment for foreign investment in sub-Saharan Africa through transparent and competitive processes, creating sustainable economic growth in two strategic focus areas. Projects must demonstrate clear, measurable benefits to one or more sub-Saharan countries, such as increased investment from hi",2026-09-29,2026-09-29,26,fields 0/40 (no core); amount too large for us 0/20; lead 244d 15/15; geo 7/10; federal reporting burden 4/10,,
ca-57630,grants.ca.gov,Department of Housing and Community Development,Permanent Local Housing Allocation/ 2023 PLHA NOFA,https://www.hcd.ca.gov/grants-and-funding/programs-active/permanent-local-housing-allocation,state,,,2027-06-30,2023-12-29,active,Public Agency,"Housing, Community and Economic Development",See Appendix A in the 2023 PLHA Program Entitlement and Non-Entitlement Local Government Formula Component Notice of Funding Availability for a list of eligible Applicants.,The principal goal of this program is to make funding available to eligible Local Governments in California for housing-related projects and programs that assist in addressing the unmet housing needs of their local communities.,2026-09-29,2026-09-29,0,applicant type excludes nonprofits (public agency),,
ca-182706,grants.ca.gov,Department of Parks and Recreation,Division of Boating and Waterways Local Assistance Pumpout/Dump Station Installation Grant FY26,http://dbw.parks.ca.gov/?page_id=28820,state,,,2027-06-30,2026-07-01,active,Business; Individual; Nonprofit; Public Agency; Tribal Government,Environment & Water; Parks & Recreation,California waterways,This grant provides resources for keeping boater sewage from California waterways.,2026-09-29,2026-09-29,15,off-topic (boating); fields 0/40,,
ca-182694,grants.ca.gov,Department of Parks and Recreation,Division of Boating and Waterways Local Assistance Pumpout/Dump Station/Floating Restroom Operation and Maintenance Grant FY26,http://dbw.parks.ca.gov/?page_id=28820,state,,,2027-06-30,2026-07-01,active,Business; Individual; Nonprofit; Public Agency; Tribal Government,Environment & Water; Parks & Recreation,California waterways,This grant provides resources for keeping boater sewage from California waterways.,2026-09-29,2026-09-29,15,off-topic (boating); fields 0/40,,
gg-NHTSA-693JJ926R000024-FY26,grants.gov,National Highway Traffic Safety Administration,Innovative Traffic Safety Enforcement (ITSE) Grant Program,https://www.grants.gov/search-results-detail/363446,federal,,,2027-09-01,2026-08-03,posted,nonprofits,20.614,US,,2026-09-29,2026-09-29,15,off-topic (highway); fields 0/40,,
gg-PAR-25-020,grants.gov,National Institutes of Health,Research Experiences and/or Mentoring Networks through Research Education to Enhance Clinician-Scientists' Participation in NIDCDs Research (R25 Clinical Trial Not Allowed),https://www.grants.gov/search-results-detail/356620,federal,,,2027-09-29,2024-10-02,posted,nonprofits,93.173,US,,2026-09-29,2026-09-29,48,fields 14/40 (youth); amount unknown 8/20; lead 365d 15/15; geo 7/10; federal reporting burden 4/10,,
gg-HHS-2026-ACF-ORR-ZU-0019,grants.gov,Administration for Children and Families - ORR,Home Study and Post-Release Services for Unaccompanied Alien Children&#8203;&#8203;,https://www.grants.gov/search-results-detail/361822,federal,1000000,100000000,2027-10-01,2026-06-05,posted,"County governments; Nonprofits that do not have a 501(c)(3) status with the IRS, other than institutions of higher education; State governments; Public and State controlled institutions of higher education; Public housing authorities/Indian housing authorities; Nonprofits having a 501(c)(3) status w",Income Security and Social Services,US,"This NOFO is modified. Changes are made to Step 1: Review the Opportunity. The Office of Refugee Resettlement (ORR) provides temporary housing and care for children who arrive in the United States alone. These are children who are under 18 years old, don't have legal permission to be in the U.S., and don't have a parent or legal guardian in the U.S. who can take care of them. ORR runs the Home Study and Post-Release Services Program to help these children. Before placing a child with a sponsor, ORR carefully checks potential homes to make sure they're safe and appropriate. After placement, ORR",2026-09-29,2026-09-29,26,fields 0/40 (no core); amount too large for us 0/20; lead 367d 15/15; geo 7/10; federal reporting burden 4/10,,
gg-PAR-25-207,grants.gov,National Institutes of Health,Effectiveness Trials for Post-Acute Interventions and Services to Optimize Longer-term Outcomes (R01 Clinical Trial Required),https://www.grants.gov/search-results-detail/356924,federal,,,2028-01-07,2024-10-31,posted,nonprofits,93.242,US,,2026-09-29,2026-09-29,15,off-topic (clinical trial); fields 0/40,,
gg-RFA-OH-22-006,grants.gov,Centers for Disease Control and Prevention - ERA,Commercial Fishing Occupational Safety Training Project Grants (T03),https://www.grants.gov/search-results-detail/334972,federal,250000,975000,2028-01-31,2022-07-11,posted,"State governments; Small businesses; Others (see text field entitled ""Additional Information on Eligibility"" for clarification); Independent school districts; Public and State controlled institutions of higher education; Native American tribal organizations (other than Federally recognized tribal go",Health,US,"The goal of the training grant program is to enhance the quality and availability of safety training for United States commercial fishermen. Availability includes the frequency, geographic considerations, channels or partners of dissemination, culturally and/or educational appropriate training material, and other characteristics of a successful training program. As a result, the Coast Guard and NIOSH invite applications to support the development and implementation of training
and education programs that:


	develop and deliver training which addresses the needs of commercial fishermen in the ",2026-09-29,2026-09-29,0,applicant type excludes nonprofits (state governments; small businesses; others (see text field ),,
gg-RFA-OH-22-005,grants.gov,Centers for Disease Control and Prevention - ERA,Commercial Fishing Occupational Safety Research Cooperative Agreement (U01),https://www.grants.gov/search-results-detail/334971,federal,150000,975000,2028-01-31,2022-07-08,posted,"Native American tribal organizations (other than Federally recognized tribal governments); Others (see text field entitled ""Additional Information on Eligibility"" for clarification); Public housing authorities/Indian housing authorities; County governments; For profit organizations other than small ",Health,US,"The Fishing Safety Research Grant Program established by The Coast Guard Authorization Act of 2010 (P.L. 111-281), as amended by the Howard Coble Coast Guard and Maritime Transportation Act of 2014 (P.L. 113-281), is intended to provide funding to individuals in academia, members of non-profit organizations and businesses involved in fishing and maritime matters, and other persons with expertise in commercial fishing safety. The funding will be used to support research on improving the occupational safety of workers in the commercial fishing industry. This includes:


	improving vessel design;",2026-09-29,2026-09-29,0,applicant type excludes nonprofits (native american tribal organizations (other than federally r),,
gg-PAR-26-115,grants.gov,National Institutes of Health,"Institutional Network Award for Promoting Kidney, Urologic, and Hematologic Research Training (U2C - Clinical Trial Not Allowed)",https://www.grants.gov/search-results-detail/358935,federal,,,2028-05-26,2025-12-10,posted,nonprofits,93.847,US,,2026-09-29,2026-09-29,15,off-topic (clinical trial); fields 0/40,,
gg-PAR-26-121,grants.gov,National Institutes of Health,Maximizing Investigators' Research Award (MIRA) (R35 - Clinical Trial Optional),https://www.grants.gov/search-results-detail/359862,federal,,,2028-05-26,2025-12-11,posted,nonprofits,93.859,US,,2026-09-29,2026-09-29,15,off-topic (clinical trial); fields 0/40,,
gg-PAR-27-112,grants.gov,National Institutes of Health,Paul B. Beeson Emerging Leaders Career Development Award in Aging (K76 Clinical Trial Not Allowed),https://www.grants.gov/search-results-detail/360909,federal,,,2028-06-12,2026-09-01,posted,nonprofits,93.866,US,,2026-09-29,2026-09-29,15,off-topic (clinical trial); fields 0/40,,
gg-PAR-27-076,grants.gov,National Institutes of Health,Lasker Clinical Research Scholar's Program (Si2/R00 Clinical Trial Optional),https://www.grants.gov/search-results-detail/361187,federal,,,2028-07-07,2026-08-31,posted,nonprofits,93.855;93.233;93.838;93.840;93.879;93.307;93.839;93.273;93.372;93.853;93.310;93.113;93.173;93.398;93.847;93.865;93.242;93.866;93.121;93.213;93.837,US,,2026-09-29,2026-09-29,15,off-topic (clinical trial); fields 0/40,,
gg-PAR-26-033,grants.gov,National Institutes of Health,NIGMS Institutional Biomedical Undergraduate Research Training (BURT) Program (T34),https://www.grants.gov/search-results-detail/359861,federal,,,2028-09-25,2025-12-29,posted,nonprofits,93.859,US,,2026-09-29,2026-09-29,34,fields 0/40 (no core); amount unknown 8/20; lead 727d 15/15; geo 7/10; federal reporting burden 4/10,,
gg-RFA-AI-27-014,grants.gov,National Institutes of Health,Development of Candidate Medical Countermeasures (MCMs) and Technologies Against Radiological/Nuclear or Chemical Threats (U01 Clinical Trial Not Allowed),https://www.grants.gov/search-results-detail/361833,federal,,,2028-10-09,2026-09-01,posted,nonprofits,93.839;93.837;93.853;93.840;93.846;93.867;93.855;93.233;93.279;93.838,US,,2026-09-29,2026-09-29,15,off-topic (clinical trial); fields 0/40,,
gg-PAR-27-032,grants.gov,National Institutes of Health,Maximizing Investigators&rsquo; Research Award (MIRA) for Early Stage Investigators (ESI),https://www.grants.gov/search-results-detail/360593,federal,,,2029-02-06,2026-05-12,posted,nonprofits,93.859,US,,2026-09-29,2026-09-29,34,fields 0/40 (no core); amount unknown 8/20; lead 861d 15/15; geo 7/10; federal reporting burden 4/10,,
gg-RFA-DA-27-016,grants.gov,National Institutes of Health,"HEAL Initiative: Translating Addiction Epidemiology, Prevention, Treatment, and Recovery Research into Practice (R61/R33 - Clinical Trial Optional)",https://www.grants.gov/search-results-detail/362672,federal,,,2029-02-09,2026-06-04,posted,nonprofits,93.279;93.213;93.273;93.866,US,,2026-09-29,2026-09-29,15,off-topic (clinical trial); fields 0/40,,
gg-PAR-27-025,grants.gov,National Institutes of Health,Paul Calabresi Career Development Award for Clinical Oncology (K12 Clinical Trial Not Allowed),https://www.grants.gov/search-results-detail/356197,federal,,,2029-03-12,2026-06-03,posted,nonprofits,93.398,US,,2026-09-29,2026-09-29,15,off-topic (clinical trial); fields 0/40,,
gg-PA-27-037,grants.gov,National Institutes of Health,Predoctoral to Postdoctoral Transition Award (Parent F99/K00 - Clinical Trial Not Allowed),https://www.grants.gov/search-results-detail/359702,federal,,,2029-04-08,2026-06-16,posted,nonprofits,93.273;93.865;93.867;93.398;93.866;93.113;93.310;93.853;93.THR;93.846;93.172;93.213;93.855;93.T21;93.279;93.121;93.173;93.242;93.859,US,,2026-09-29,2026-09-29,15,off-topic (clinical trial); fields 0/40,,
gg-PAR-27-051,grants.gov,National Institutes of Health,NIH Brain Development Cohorts (NBDC) and&nbsp;Population Assessment of Tobacco and Health (PATH) Study&nbsp;Biospecimen Access (X01 Clinical Trial Not Allowed),https://www.grants.gov/search-results-detail/360554,federal,,,2029-04-17,2026-09-01,posted,nonprofits,93.853;93.279;93.121;93.242;93.273;93.399,US,,2026-09-29,2026-09-29,15,off-topic (clinical trial); fields 0/40,,
gg-PA-27-035,grants.gov,National Institutes of Health,NIH Research Educational Program - Mentoring Activities &amp; Networks (Parent R25/UE5 - Clinical Trial Not Allowed),https://www.grants.gov/search-results-detail/361160,federal,,,2029-05-05,2026-06-08,posted,nonprofits,93.172;93.398;93.313;93.837;93.853;93.121;93.310;93.T21;93.847;93.233;93.866;93.279;93.838;93.173;93.242;93.855;93.867;93.361;93.839;93.859;93.273;93.840;93.394,US,,2026-09-29,2026-09-29,53,fields 19/40 (youth+education); amount unknown 8/20; lead 949d 15/15; geo 7/10; federal reporting burden 4/10,,
gg-PA-27-036,grants.gov,National Institutes of Health,NIH Research Education Program - Research Experiences (Parent R25 - Clinical Trial Not Allowed),https://www.grants.gov/search-results-detail/361159,federal,,,2029-05-05,2026-06-08,posted,nonprofits,93.859;93.310;93.853;93.879;93.279;93.173;93.273;93.313;93.837;93.242;93.361;93.840;93.866;93.398;93.839;93.THR;93.847;93.855;93.865;93.113;93.838;93.172;93.233;93.121;93.867;93.T21,US,,2026-09-29,2026-09-29,15,off-topic (clinical trial); fields 0/40,,
gg-PA-26-002,grants.gov,National Institutes of Health,NIH Collaborative International Research Project (Parent PF5 Clinical Trial Optional),https://www.grants.gov/search-results-detail/360581,federal,,,2029-05-07,2026-01-20,posted,nonprofits,93.310,US,,2026-09-29,2026-09-29,15,off-topic (clinical trial); fields 0/40,,
gg-PAR-27-077,grants.gov,National Institutes of Health,NIH Science Education Partnership Award (SEPA) (R25 - Clinical Trial Not Allowed),https://www.grants.gov/search-results-detail/359157,federal,,,2029-05-25,2026-05-05,posted,nonprofits,93.279;93.213;93.310;93.859;93.286;93.307;93.855;93.313;93.121;93.172;93.242;93.866,US,,2026-09-29,2026-09-29,15,off-topic (clinical trial); fields 0/40,,
gg-PA-27-034,grants.gov,National Institutes of Health,"NIH Research Education Program - Courses, Curriculum &amp; Methods (Parent R25 - Clinical Trial Not Allowed)",https://www.grants.gov/search-results-detail/359703,federal,,,2029-05-25,2026-06-08,posted,nonprofits,93.172;93.361;93.865;93.855;93.242;93.859;93.279;93.839;93.273;93.113;93.310;93.847;93.173;93.853;93.867;93.121;93.840;93.837;93.866;93.398;93.T21;93.233;93.838;93.313;93.879,US,,2026-09-29,2026-09-29,15,off-topic (clinical trial); fields 0/40,,
gg-PAR-27-055,grants.gov,National Institutes of Health,Limited Competition: Centers of Biomedical Research Excellence: Expansion/Sustainability Phases (COBRE-E/S) (P30 - Clinical Trial Not Allowed),https://www.grants.gov/search-results-detail/360613,federal,,,2029-05-25,2026-06-18,posted,nonprofits,93.859,US,,2026-09-29,2026-09-29,15,off-topic (clinical trial); fields 0/40,,
gg-PAR-27-054,grants.gov,National Institutes of Health,Limited Competition: Centers of Biomedical Research Excellence: Development Phase (COBRE-D) (P30 - Clinical Trial Not Allowed),https://www.grants.gov/search-results-detail/360611,federal,,,2029-05-26,2026-08-19,posted,nonprofits,93.859,US,,2026-09-29,2026-09-29,15,off-topic (clinical trial); fields 0/40,,
gg-PAR-27-056,grants.gov,National Institutes of Health,Limited Competition: Institutional Development Award (IDeA) for Clinical &amp; Translational Research (CTR) (P30 - CT Optional),https://www.grants.gov/search-results-detail/360883,federal,,,2029-05-30,2026-08-19,posted,nonprofits,93.859,US,,2026-09-29,2026-09-29,15,off-topic (p30); fields 0/40,,
gg-PAR-27-062,grants.gov,National Institutes of Health,Academic Career Excellence (ACE) Award (K32 Independent Clinical Trial Not Allowed),https://www.grants.gov/search-results-detail/362581,federal,,,2029-07-12,2026-05-27,posted,nonprofits,93.855;93.398;93.121;93.286;93.853,US,,2026-09-29,2026-09-29,15,off-topic (clinical trial); fields 0/40,,
gg-FA955026S0002,grants.gov,Air Force Office of Scientific Research,Air Force Basic Research Sciences Conference and Workshop Support,https://www.grants.gov/search-results-detail/363745,federal,,,2029-08-31,2026-08-31,posted,nonprofits,12.800,US,,2026-09-29,2026-09-29,34,fields 0/40 (no core); amount unknown 8/20; lead 1067d 15/15; geo 7/10; federal reporting burden 4/10,,
gg-N00244-26-S-NPS-F001,grants.gov,Naval Supply Systems Command,Research Initiatives at the Naval Postgraduate School,https://www.grants.gov/search-results-detail/361099,federal,,,2030-01-13,2026-01-13,posted,nonprofits,12.300,US,,2026-09-29,2026-09-29,21,off-topic (postgraduate); fields 6/40,,
ca-184101,grants.ca.gov,State Water Resources Control Board,Proposition 4 – Water Recycling,https://www.waterboards.ca.gov/water_issues/programs/grants_loans/srf/docs/2026/draft-2026-27-cwsrf-iup-comments.pdf,state,15000000,15000000,2030-06-30,2025-07-06,active,Nonprofit; Public Agency; Tribal Government,Environment & Water,"All community types are eligible for funding. This includes small and large communities, non-disadvantaged, disadvantaged, and severely disadvantaged communities.",The purpose of the funding is to provide technical and financial assistance to local agencies for the construction of water recycling projects that promote the beneficial use of treated municipal wastewater in order to augment fresh water supplies in California.,2026-09-29,2026-09-29,15,off-topic (wastewater); fields 0/40,,
gg-EP-HIT-25-02,grants.gov,Admin for Strategic Preparedness and Response,Military and Civilian Partnership for Trauma Readiness Grant Program/Mission Zero,https://www.grants.gov/search-results-detail/355967,federal,,4000000,,2025-01-15,forecasted,"Nonprofits having a 501(c)(3) status with the IRS, other than institutions of higher education",Disaster Prevention and Relief,US," Section 1291 of the Public Health Service (PHS) Act (42 U.S.C. 300d-91), as amended by the section 204 of the Pandemic and All-Hazards Preparedness and Advancing Innovation Act of 2019, authorizes the award of grants to: 
   
 ·&nbsp;&nbsp;&nbsp;&nbsp;&nbsp;&nbsp;No more than 30 eligible high-acuity trauma centers to enable military trauma teams to provide, on a full-time basis, trauma care and related acute care at such trauma centers 
 ·&nbsp;&nbsp;&nbsp;&nbsp;&nbsp;&nbsp;Eligible trauma centers to enable military trauma care providers to provide trauma care and related acute care at such t",2026-09-29,2026-09-29,73,"fields 40/40 (mental_health,trauma,veterans); amount partly fits 12/20; no deadline (rolling) 10/15; geo 7/10; federal reporting burden 4/10",,
fp-585dcc43c1,funder-page,Ahmanson Foundation,apply page changed — review,https://theahmansonfoundation.org/,private foundation,25000,111725,,2026-09-29,review,,"capital: shade, therapy space, vehicle",LA,Page content changed since 2026-09-29,2026-09-29,2026-09-29,55,funder apply page changed — open the link and review (not scored as an opportunity),,
fp-7781bce4c6,funder-page,Annenberg Foundation,apply page changed — review,https://annenberg.org/grantmaking/,private foundation,15000,50000,,2026-09-29,review,,rescue program; LA animal funder,LA,Page content changed since 2026-09-29,2026-09-29,2026-09-29,55,funder apply page changed — open the link and review (not scored as an opportunity),,
ca-171510,grants.ca.gov,Baldwin Hills & Urban Watersheds Conservancy,Baldwin Hills & Urban Watersheds Conservancy (BH UWC) Proposition 4: Community and Climate Resilience Grant Program,https://bhc.ca.gov/wp-content/uploads/2026/01/BH-UWC-Prop-4-Grant-Guidelines_RM_1_6_25_RM.pdf,state,,,,2026-05-25,active,Nonprofit; Public Agency; Tribal Government,Disadvantaged Communities; Environment & Water; Parks & Recreation,The jurisdictional territory extends approximately 70.2 square miles. Click here to see if your proposed project is within the service area: Map.,The Baldwin Hills & Urban Watersheds Conservancy Proposition 4: Community and Climate Resilience Grant Program aim to award projects and programs that protect biodiversity; restore watershed function; and expand equitable access to parks and open space. ,2026-09-29,2026-09-29,15,off-topic (climate); fields 0/40,,
ca-149622,grants.ca.gov,Baldwin Hills & Urban Watersheds Conservancy,Baldwin Hills & Urban Watersheds Conservancy (BH UWC) Consolidated Grant Program,https://bhc.ca.gov/grants/,state,,,,2025-10-09,active,Nonprofit; Public Agency; Tribal Government,Disadvantaged Communities; Environment & Water; Parks & Recreation,The jurisdictional territory extends approximately 70.2 square miles. Click here to see if your proposed project is within the service area: Map.,"The BH UWC Consolidated Grant Program streamlines administration of State funds, aligning with the Cutting Green Tape initiative. Centered on Embedding Equity, it funds high-impact projects that advance conservation, climate resilience, and Access for All through Planning, Implementation, Acquisitio",2026-09-29,2026-09-29,15,off-topic (climate); fields 0/40,,
ca-141033,grants.ca.gov,CA Department of Food and Agriculture,Beet Curly Top Virus Control Program Grants,https://www.cdfa.ca.gov/plant/ipc/curlytopvirus/ctv_hp.htm,state,190000,190000,,2025-07-17,active,Business; Individual; Nonprofit; Public Agency; Tribal Government,"Agriculture; Science, Technology, and Research & Development",CA,"The Program may consider funding projects that develop new management methods for treating the beet leafhopper (BLH), or development of enhancements to other program areas that will mitigate the virus.  The funding will be based on the researcher using a no pesticide alternative or Department of Pes",2026-09-29,2026-09-29,15,off-topic (virus); fields 0/40,,
ca-9746,grants.ca.gov,CA Energy Commission,GFO-21-901 – Cost Share for Federal Clean Energy Funding Opportunities,https://www.energy.ca.gov/,state,,,,2022-03-22,active,Business; Individual; Nonprofit; Public Agency; Tribal Government,Energy,"The California Energy Commission is committed to ensuring all Californians have an opportunity to participate in and benefit from programs and services. While it is not required to complete the project within a disadvantaged community, demonstration projects located and benefiting disadvantaged and/or low-income communities will be considered under the scoring criteria for this GFO.","To provide cost share funding to applicants that apply for and receive one of the following:   An award under an eligible federal Funding Opportunity Announcement (FOA) and meet the requirements of this solicitation, or  Follow-on funding from the U.S. DOE to continue research from PON-14-308, GFO-1",2026-09-29,2026-09-29,35,fields 0/40 (no core); amount unknown 8/20; no deadline (rolling) 10/15; geo 10/10; burden 7/10,,
ca-29966,grants.ca.gov,CA Energy Commission,Cost Share for Federal Funding Opportunities Clean Hydrogen Program,https://www.energy.ca.gov/solicitations/2023-05/gfo-22-903-cost-share-federal-funding-opportunities-clean-hydrogen-program,state,,,,2023-05-23,active,Business; Individual; Public Agency,Energy; Environment & Water,"The CEC is committed to ensuring all Californians have an opportunity to participate in and benefit from programs and services. While it is not required to complete the project within a disadvantaged community, demonstration projects located and benefiting disadvantaged and/or low-income communities and/or Tribe(s) will be eligible for preference points under the scoring criteria for this GFO.",The purpose of this solicitation is to provide cost share funding for eligible projects (see Section II.C. of GFO-22-903) to applicants that apply for and receive an award under an eligible federal Funding Opportunity Announcement (FOA).,2026-09-29,2026-09-29,0,applicant type excludes nonprofits (business; individual; public agency),,
ca-27053,grants.ca.gov,CA Energy Commission,Cost Share for Federal Funding Opportunities Industrial Decarbonization and Improvement of Grid Operations (INDIGO) Program and Food Production Investment Program (FPIP),https://www.energy.ca.gov/solicitations/2023-03/gfo-22-902-cost-share-federal-funding-opportunities-industrial,state,500000,5000000,,2023-03-27,active,Public Agency; Tribal Government,Energy,"   The California Energy Commission is committed to ensuring all Californians have an opportunity to participate in and benefit from programs and services. While it is not required to complete the project within a disadvantaged community, demonstration projects located and benefiting disadvantaged and/or low-income communities and/or Tribe(s) will be eligible for preference points under the scoring criteria for this GFO."," An award under an eligible federal Funding Opportunity Announcement (FOA) for a project that meets the requirements of this solicitation, or  Subsequent funding from the U.S. Department of Energy to continue research from a previously awarded federal grant that also received Energy Commission feder",2026-09-29,2026-09-29,0,applicant type excludes nonprofits (public agency; tribal government),,
ca-25793,grants.ca.gov,CA Energy Commission,Cost Share for Federal Funding Opportunities Carbon Removal Innovation Support System (CRISP),https://www.energy.ca.gov/solicitations/2023-02/gfo-22-901-cost-share-federal-clean-energy-funding-opportunities-carbon,state,,,,2023-03-16,active,Tribal Government,Energy,"Disadvantaged & Low-income Communities The CEC is committed to ensuring all Californians have an opportunity to participate in and benefit from programs and services. While it is not required to complete the project within a disadvantaged community, demonstration projects located and benefiting disadvantaged and/or low-income communities and/or Tribe(s) will be eligible for preference points under the scoring criteria for this GFO. ", This solicitation only applies to the Carbon Removal Innovation Support Program (CRISP) for projects that meet the requirements in Section II.C and the applicable federal Funding Opportunity Announcement.   ,2026-09-29,2026-09-29,0,applicant type excludes nonprofits (tribal government),,
ca-191037,grants.ca.gov,CA State Library,Lunch at the Library Summer 2027,https://www.library.ca.gov/grants/lunch/,state,,,,2026-09-01,active,Nonprofit; Public Agency,Disadvantaged Communities; Food & Nutrition; Libraries and Arts,California public libraries only.,Funds and support are available for all California public libraries that help to provide USDA summer meals for children and youth.  The Lunch at the Library program helps California public libraries to establish library locations as U.S Department of Agriculture (USDA) summer meal sites and take pop,2026-09-29,2026-09-29,49,fields 14/40 (youth); amount unknown 8/20; no deadline (rolling) 10/15; geo 10/10; burden 7/10,,
fp-39d49f1f24,funder-page,California State Nonprofit Security Grant Program (CSNSGP),apply page changed — review,https://www.caloes.ca.gov/category/grant-announcements-category/california-state-nonprofit-security-grant-program/,state,,,,2026-09-29,review,,"security, second site/upgrades",LA,Page content changed since 2026-09-29,2026-09-29,2026-09-29,55,funder apply page changed — open the link and review (not scored as an opportunity),,
gg-CDC-RFA-CE-27-0024,grants.gov,Centers for Disease Control - NCIPC,Comprehensive Suicide Prevention Program for States,https://www.grants.gov/search-results-detail/363329,federal,650000,1200000,,2026-07-27,forecasted,"Private institutions of higher education; Unrestricted (i.e., open to any type of entity above), subject to any clarification in text field entitled ""Additional Information on Eligibility""; Public and State controlled institutions of higher education; Small businesses; State governments; Public hous",Health,US," This forecast is for CDC's Comprehensive Suicide Prevention Program for States, a cooperative agreement intended to support implementation and evaluation of a comprehensive public health approach to suicide prevention in the United States. Funded recipients will focus on one or more Focus Prevention Areas (FPAs), groups or settings identified through available data as experiencing a significant suicide burden, higher suicide morbidity or mortality rates or emerging suicide-related trends. Examples may include veterans, people living in rural areas, youth, older adults, men, and members of occ",2026-09-29,2026-09-29,0,applicant type excludes nonprofits (private institutions of higher education; unrestricted (i.e.),,
gg-RFA-OH-27-047,grants.gov,Centers for Disease Control and Prevention - ERA,"NIOSH Centers for Agriculture, Forestry, and Fishing Safety and Health (U54)",https://www.grants.gov/search-results-detail/363195,federal,,2200000,,2026-07-15,forecasted,Native American tribal governments (Federally recognized); Native American tribal organizations (other than Federally recognized tribal governments); Public and State controlled institutions of higher education; For profit organizations other than small businesses; City or township governments; Spec,Health,US," The Agriculture, Forestry, and Fishing (AgFF) sector is essential to the safety, security, and economic stability of the U.S. because it produces the nation's food, fuel, and fiber.&nbsp;&nbsp;At the same time, AgFF workers experience some of the highest occupational fatality and non-fatal injury rates of any sector. AgFF workers also face increased risk of poor mental health, death by suicide, and substance use disorder.&nbsp;  The National Institute for Occupational Safety and Health (NIOSH) is committed to addressing a wide range of occupational health and safety hazards affecting people w",2026-09-29,2026-09-29,0,applicant type excludes nonprofits (native american tribal governments (federally recognized); n),,
gg-RFA-OH-27-034,grants.gov,Centers for Disease Control and Prevention - ERA,NIOSH National Center of Excellence for the Prevention of Childhood Agricultural Injury (U54),https://www.grants.gov/search-results-detail/363189,federal,,1600000,,2026-07-15,forecasted,"Public housing authorities/Indian housing authorities; Native American tribal governments (Federally recognized); Private institutions of higher education; City or township governments; For profit organizations other than small businesses; Nonprofits that do not have a 501(c)(3) status with the IRS,",Health,US," The National Institute for Occupational Safety and Health (NIOSH) is committed to addressing a wide range of occupational health and safety hazards affecting those who work in the agriculture, forestry, and fishing (AgFF) sector. Children and adolescents (""youth"") are consistently more likely to be fatally injured working in agriculture compared to other industries. While many steps have been taken to prevent youth injuries in AgFF work, there remains a need for a consistent national program to study and improve their safety, health, and well-being.  This notice of funding opportunity (NOFO) ",2026-09-29,2026-09-29,47,fields 14/40 (youth); amount partly fits 12/20; no deadline (rolling) 10/15; geo 7/10; federal reporting burden 4/10,,
fp-767dc8c3d4,funder-page,City of LA Department of Cultural Affairs — community arts,apply page changed — review,https://culturela.org/grants/,city,,,,2026-09-29,review,,education/community events,LA,Page content changed since 2026-09-29,2026-09-29,2026-09-29,55,funder apply page changed — open the link and review (not scored as an opportunity),,
ca-1938,grants.ca.gov,Coachella Valley Mountains Conservancy,"Coachella Valley Proposition 68 Parks, Conservation Land Access and Climate Change Response Grant Program",http://www.cvmc.ca.gov,state,,,,2020-07-15,active,Nonprofit; Public Agency; Tribal Government,Environment & Water,Within the Conservancy's territorial jurisdiction.,The program makes grants to expand recreational and educational use of conservation lands and improve sustainability in the Coachella Valley.,2026-09-29,2026-09-29,15,off-topic (climate); fields 0/40,,
ca-1920,grants.ca.gov,Coachella Valley Mountains Conservancy,Coachella Valley Open Space Acquisition Program,http://www.cvmc.ca.gov,state,,,,2020-07-15,active,Nonprofit; Public Agency; Tribal Government,Environment & Water,Within or adjacent to land within the Coachella Valley Multiple Species Habitat Conservation Plan territory.,Acquire open space to protect wildlife or cultural resources and enhance recreational and educational use of that land.,2026-09-29,2026-09-29,15,off-topic (conservancy); fields 0/40,,
ca-162927,grants.ca.gov,Coachella Valley Mountains Conservancy,Coachella Valley Mountains Conservancy Proposition 4 Nature Based Solutions and Climate Adaptation Grant Program,https://cvmc.ca.gov/grants/,state,,,,2026-03-13,active,Nonprofit; Public Agency; Tribal Government,Disadvantaged Communities; Environment & Water; Parks & Recreation,Within the Conservancy's territorial jurisdiction.,The program makes grants to address climate resilience and nature-based solutions in conservation lands and improve sustainability in the Coachella Valley.,2026-09-29,2026-09-29,15,off-topic (climate); fields 0/40,,
ca-1671,grants.ca.gov,Coastal Conservancy,Explore the Coast Overnight,http://scc.ca.gov/grants,state,,,,2020-07-06,active,Nonprofit; Public Agency; Tribal Government,Disadvantaged Communities; Environment & Water; Parks & Recreation,"Priority will be given to projects that are on or near the California coast. Projects within 1.5 miles of the coast and/or within the coastal zone are highest priority. Projects farther from the coast can be considered. When projects are located farther than walking distance to the coast, existing and potential transportation options will be evaluated to ensure relatively easy access to the coast to the extent possible. ","The Explore the Coast Overnight Program aims to create more opportunities for all Californians to stay overnight at the coast through the expansion or construction of hotels, motels, hostels, campgrounds, RV campgrounds, cabins, yurts, dorm rooms, and others.",2026-09-29,2026-09-29,15,off-topic (conservancy); fields 0/40,,
ca-1683,grants.ca.gov,Coastal Conservancy,Coastal Conservancy Grants,https://scc.ca.gov/grants/,state,,,,2020-07-09,active,Nonprofit; Public Agency; Tribal Government,"Agriculture; Disadvantaged Communities; Disaster Prevention & Relief; Environment & Water; Housing, Community and Economic Development; Parks & Recreation","Our jurisdiction runs the length of the California coast and includes the San Francisco Bay Area, the Santa Ana River corridor, and coastal watersheds.  ","Each year, the Coastal Conservancy issues millions of dollars in grants for projects that restore and protect the California coast, expand public access to it, and enhance its resilience to climate change. We fund a wide variety of projects along the California coast, San Francisco Bay, and in coast",2026-09-29,2026-09-29,15,off-topic (climate); fields 0/40,,
ca-80909,grants.ca.gov,Department of Fish and Wildlife,Wolf-Livestock Compensation Grant Program,https://wildlife.ca.gov/Conservation/Mammals/Gray-Wolf/Grants,state,,,,2024-10-28,active,Business; Individual; Nonprofit; Other Legal Entity; Public Agency; Tribal Government,Agriculture; Animal Services; Environment & Water,"There is no geographic restriction for eligibility.  However, applicants must have had a confirmed or probable wolf depredation on or after July 1, 2024, as determined during a depredation investigation and documented on a CDFW Livestock Loss Determination form. ","The purpose of the grant is to help mitigate the impact of wolves on livestock producers in California. The Wolf-Livestock Compensation Grant Program has established three primary areas of need and compensation; direct livestock loss from wolf depredation, the use nonlethal deterrent tools, and the ",2026-09-29,2026-09-29,15,off-topic (livestock compensation); fields 0/40,,
ca-130791,grants.ca.gov,Department of Fish and Wildlife,Cannabis Research and Innovation Funding Opportunity (RIFO),https://wildlife.ca.gov/Conservation/Cannabis/Restoration-Grants,state,,,,2024-07-01,active,Nonprofit; Public Agency; Tribal Government,"Agriculture; Environment & Water; Science, Technology, and Research & Development",Funds under this Solicitation are available for projects statewide. Projects may occur on state or federal lands. Proposals that directly benefit Species of Greatest Conservation Need or Sensitive Natural Communities will receive higher scores under the “Solicitation Priorities” scoring criteria.,CDFW seeks high quality grant proposals that facilitate environmental sustainability of legal cannabis cultivation and addresses environmental impacts related to cannabis cultivation. Grants are provided through the Environmental Restoration and Protection Account pursuant to Revenue and Taxation Co,2026-09-29,2026-09-29,35,fields 0/40 (no core); amount unknown 8/20; no deadline (rolling) 10/15; geo 10/10; burden 7/10,,
ca-66330,grants.ca.gov,Department of Fish and Wildlife,Upland Game Bird Account Grant,https://wildlife.ca.gov/Grants/Upland-Game-Bird,state,,,,2024-06-06,active,Individual; Nonprofit; Public Agency; Tribal Government,"Environment & Water; Science, Technology, and Research & Development",Geographic scope is the state of California. ,The purpose is to ensure funds generated by the sales of upland game bird hunting validations and stamps are used in programs and projects to benefit upland game bird species and their constituents.,2026-09-29,2026-09-29,35,fields 0/40 (no core); amount unknown 8/20; no deadline (rolling) 10/15; geo 10/10; burden 7/10,,
ca-15767,grants.ca.gov,Department of Fish and Wildlife,"Cleanup, Remediation, and Watershed Enhancement Funding Opportunity",https://wildlife.ca.gov/Conservation/Watersheds/Cannabis-Restoration-Grant,state,,,,2023-01-09,active,Nonprofit; Public Agency; Tribal Government,Environment & Water,"Funds under this Solicitation are available for projects statewide. Projects that directly benefit California’s Threatened and Endangered Species, as defined by the California Endangered Species Act, receive higher scores per the scoring criteria.",CDFW seeks high quality grant proposals that support the enhancement of watersheds and communities in areas impacted by cannabis cultivation. Grants are provided through the Environmental Restoration and Protection Account pursuant to Revenue and Taxation Code section 34019(f)(2)(A). This funding op,2026-09-29,2026-09-29,15,off-topic (watershed); fields 0/40,,
ca-16238,grants.ca.gov,Department of Fish and Wildlife,Nature Based Solutions – Wildlife Corridors,https://wildlife.ca.gov/Conservation/Watersheds/Restoration-Grants/Concept-Application,state,,,,2022-12-09,active,Nonprofit; Public Agency; Tribal Government,Environment & Water,CA,"Funding to support connectivity projects that advance multi-benefit and nature-based solutions, consistent with the State Wildlife Action Plan, the California Wildlife Barriers Report, and the Fish Passage Annual Legislative Report. ",2026-09-29,2026-09-29,35,fields 0/40 (no core); amount unknown 8/20; no deadline (rolling) 10/15; geo 10/10; burden 7/10,,
ca-66273,grants.ca.gov,Department of Fish and Wildlife,Proposition 68 Rivers and Streams Grant Program – Klamath-Trinity Watershed,https://nrm.dfg.ca.gov/FileHandler.ashx?DocumentID=161969&inline,state,,,,2022-11-30,active,Nonprofit; Public Agency; Tribal Government,Environment & Water,Projects must benefit the Klamath-Trinity Watershed in California.,To restore and protect rivers and streams in support of fisheries and wildlife.,2026-09-29,2026-09-29,15,off-topic (watershed); fields 0/40,,
ca-66270,grants.ca.gov,Department of Fish and Wildlife,Proposition 68 Fish and Wildlife Improvement Grant Opportunities – (Including Severely Disadvantaged Communities),https://nrm.dfg.ca.gov/FileHandler.ashx?DocumentID=161969&inline,state,,,,2022-11-30,active,Nonprofit; Public Agency; Tribal Government,Environment & Water,State of California,To restore and protect rivers and streams in support of fisheries and wildlife.,2026-09-29,2026-09-29,15,off-topic (fisheries); fields 0/40,,
ca-66249,grants.ca.gov,Department of Fish and Wildlife,Proposition 1 Delta Water Quality and Ecosystem Restoration Grant Program,https://nrm.dfg.ca.gov/FileHandler.ashx?DocumentID=183720&inline,state,,,,2022-11-30,active,Nonprofit; Public Agency; Tribal Government,Environment & Water,Projects must benefit the Sacramento-San Joaquin Delta including Suisun Marsh.,To fund multi-benefit ecosystem and watershed protection and restoration projects that benefit the Delta.,2026-09-29,2026-09-29,21,off-topic (watershed); fields 6/40,,
ca-66240,grants.ca.gov,Department of Fish and Wildlife,Proposition 68 Rivers and Streams Grant Program,https://nrm.dfg.ca.gov/FileHandler.ashx?DocumentID=161969&inline,state,,,,2022-11-30,active,Nonprofit; Public Agency; Tribal Government,Environment & Water,State of California,To restore and protect rivers and streams in support of fisheries and wildlife.,2026-09-29,2026-09-29,15,off-topic (fisheries); fields 0/40,,
ca-66237,grants.ca.gov,Department of Fish and Wildlife,Proposition 68 Southern Steelhead Grant Program,https://nrm.dfg.ca.gov/FileHandler.ashx?DocumentID=161969&inline,state,,,,2022-11-30,active,Nonprofit; Public Agency; Tribal Government,Environment & Water,State of California,To restore Southern California Steelhead habitat consistent with the Department of Fish and Wildlife’s Steelhead Restoration and Management Plan and the National Marine Fisheries Service’s Southern California Steelhead Recovery Plan.,2026-09-29,2026-09-29,15,off-topic (fisheries); fields 0/40,,
ca-66234,grants.ca.gov,Department of Fish and Wildlife,Proposition 68 Fish and Wildlife Improvement Grant Program,https://nrm.dfg.ca.gov/FileHandler.ashx?DocumentID=161969&inline,state,,,,2022-11-30,active,Nonprofit; Public Agency; Tribal Government,Environment & Water,State of California.,"To improve conditions for fish and wildlife in streams, rivers, wildlife refuges, wetland habitat areas, and estuaries.",2026-09-29,2026-09-29,35,fields 0/40 (no core); amount unknown 8/20; no deadline (rolling) 10/15; geo 10/10; burden 7/10,,
ca-66096,grants.ca.gov,Department of Fish and Wildlife,Proposition 1 Watershed Restoration Grant Program,https://nrm.dfg.ca.gov/FileHandler.ashx?DocumentID=183720&inline,state,,,,2022-11-30,active,Nonprofit; Public Agency; Tribal Government,Environment & Water,State of California,To fund multi-benefit ecosystem and watershed protection and restoration projects.,2026-09-29,2026-09-29,21,off-topic (watershed); fields 6/40,,
ca-164595,grants.ca.gov,Department of Fish and Wildlife,California National Archery in the Schools Program 2026 (CalNASP) Equipment Grant,https://wildlife.ca.gov/Learning/CALNASP,state,,,,2026-05-06,active,Business; Nonprofit; Public Agency,Disadvantaged Communities; Education; Parks & Recreation,"Projects may occur on state or federal lands. The CalNASP grant is for equipment only. No funds will be distributed directly to schools. Funds will be used to purchase equipment, and equipment will be delivered directly to schools.","CalNASP is an affiliate of the National Archery in the Schools Program (NASP™)—a non-profit, international style archery program dedicated to providing students in grades 4-12 the opportunity to learn and participate in target archery.The California Department of Fish and Wildlife (CDFW) oversees th",2026-09-29,2026-09-29,49,fields 14/40 (youth); amount unknown 8/20; no deadline (rolling) 10/15; geo 10/10; burden 7/10,,
ca-11714,grants.ca.gov,Department of Forestry and Fire Protection,California Forest Improvement Program,https://www.fire.ca.gov/what-we-do/grants/california-forest-improvement,state,,,,2022-07-12,active,Business; Individual; Nonprofit; Other Legal Entity; Public Agency,Agriculture; Environment & Water,CA,"The purpose of the California Forest Improvement Program (CFIP) is to encourage private and public investment in, and improved management of, California forest lands and resources, to ensure adequate high quality timber supplies, related employment and other economic benefits, and the protection, ma",2026-09-29,2026-09-29,15,off-topic (forest); fields 0/40,,
ca-2187,grants.ca.gov,Department of Health Care Access and Information,Small and Rural Hospital Relief Program,https://hcai.ca.gov/wp-content/uploads/2022/06/19.-Small-and-Rural-Hospital-Relief-Program-Eligibility-Tool.pdf,state,,,,2023-01-01,active,Nonprofit; Public Agency,Health & Human Services,"Rural hospitals defined as having a Rural or Frontier designation status in the Medical Service Study Area, and/or Critical Access Hospitals are those possessing this designation from the Centers for Medicare and Medicaid Services.","With funding from the California Electronic Cigarette Excise Tax (Senate Bill 395, Chapter 489, Statutes of 2021), the Department of Health Care Access and Information (HCAI) is launching the Small and Rural Hospital Relief Program (SRHRP) to provide grants for seismic compliance projects. First rou",2026-09-29,2026-09-29,15,off-topic (hospital); fields 0/40,,
ca-76086,grants.ca.gov,Department of Housing and Community Development,2024 LHTF NOFA Round 5,https://www.hcd.ca.gov/grants-and-funding/programs-active/local-housing-trust-fund,state,,,,2024-07-09,active,Nonprofit; Public Agency; Tribal Government,"Housing, Community and Economic Development",N/A,"The principal goal of this program is to provide grants to Local Housing Trust Funds established by cities and counties, Native American Tribes, and incorporated 501(c)(3) nonprofit organizations to increase the supply of housing to households with incomes of 80 percent or less of area median income",2026-09-29,2026-09-29,32,fields 0/40 (no core); amount unknown 8/20; no deadline (rolling) 10/15; geo 7/10; burden 7/10,,
ca-129153,grants.ca.gov,Department of Housing and Community Development,2025 Multifamily Finance Super NOFA – Los Angeles,https://www.hcd.ca.gov/grants-and-funding/supernofa,state,,,,2025-08-22,active,Business; Nonprofit; Public Agency; Tribal Government,"Disaster Prevention & Relief; Housing, Community and Economic Development",Projects must be located in Los Angeles County,"The 2025 Multifamily Finance Super NOFA - Los Angeles Disaster makes funds more accessible to developers enables the funding to further serve the lowest income Californians and increases the range of potential applicants and target populations to achieve better outcomes in health, climate, and house",2026-09-29,2026-09-29,15,off-topic (climate); fields 0/40,,
ca-37277,grants.ca.gov,Department of Housing and Community Development,2023 Homekey Tribal NOFA,https://www.hcd.ca.gov/sites/default/files/docs/grants-and-funding/homekey/2023-hk-tribal-nofa.pdf,state,,,,2023-07-05,active,Tribal Government,"Housing, Community and Economic Development","Funding under this NOFA is not subject to specific geographic allocations; however, to the extent possible, the Department will distribute funds equitably throughout the state. Applications will be placed within one of three priority pools based upon project readiness and percentage of non-Homekey funding.","The Department announces the availability of $75 million of Homekey Program grant funding through this Round 3 Notice of Funding Availability (NOFA) for Tribal Entities. This NOFA aims to sustain and rapidly expand housing for households experiencing homelessness or At Risk of Homelessness, and who ",2026-09-29,2026-09-29,0,applicant type excludes nonprofits (tribal government),,
ca-164586,grants.ca.gov,Department of Housing and Community Development,HOME Investment Partnerships Program (HOME) 2024 Program Activities reopened NOFA,https://www.hcd.ca.gov/grants-and-funding/programs-active/home-investment-partnerships-program,state,,,,2026-04-08,active,Nonprofit; Public Agency; Tribal Government,"Housing, Community and Economic Development","This funding is eligible for program activities to be located in only state HOME-eligible jurisdictions, and on Tribal lands.","The state HOME program provides funding for housing rehabilitation, new construction, and acquisition and rehabilitation for multifamily projects; new construction and down payment assistance for single-family projects; first-time homebuyer down payment assistance, owner-occupied rehabilitation and ",2026-09-29,2026-09-29,15,off-topic (construction); fields 0/40,,
ca-80633,grants.ca.gov,Department of Parks and Recreation,Grants and Cooperative Agreements Program (GCA)- G25,https://ohv.parks.ca.gov/?page_id=30524,state,,,,2025-02-04,active,Nonprofit; Public Agency; Tribal Government,Education; Environment & Water; Parks & Recreation,All Projects shall reside on public lands within the State of California.,"The Grants and Cooperative Agreements (GCA) Program provides for well managed Off-Highway Vehicle (OHV) Recreation by providing financial assistance to eligible agencies and organizations that develop, maintain, operate, expand, support, or contribute to well managed, high-quality, OHV Recreation ar",2026-09-29,2026-09-29,15,off-topic (highway); fields 0/40,,
ca-1647,grants.ca.gov,Department of Public Health,Civil Money Penalty Reinvestment Grant,https://www.cdph.ca.gov/Programs/CHCQ/LCP/Pages/CitationPenaltyAccountsReports.aspx,state,,,,2020-07-15,active,Business; Individual; Nonprofit; Public Agency; Tribal Government,Health & Human Services,"Applicants may be based nationwide, however the projects must involve certified Skilled Nursing Facilities within California.","This grant allows applicants to apply for funding to implement programs for improving Skilled Nursing Facility residents' quality of life. Projects may span topics such as training, culture change and direct improvements to quality of life, direct improvements to quality of care, and other applicabl",2026-09-29,2026-09-29,35,fields 0/40 (no core); amount unknown 8/20; no deadline (rolling) 10/15; geo 10/10; burden 7/10,,
ca-3300,grants.ca.gov,Department of Resources Recycling and Recovery,Recycling Market Development Zone Revolving Loan Program,https://www.calrecycle.ca.gov/RMDZ/loans,state,,,,2020-08-03,active,Business; Nonprofit; Public Agency,Environment & Water,"All projects must be located in California, preferably in a CalRecycle designated RMDZ, which can be determined by entering the project physical address into the CalRecycle RMDZ Zone Search, Map, and Profiles section of the web site.","The Recycling Market Development Zone (RMDZ) program combines recycling with economic development to fuel new businesses, expand existing ones, create jobs, and divert waste from landfills.   ",2026-09-29,2026-09-29,15,off-topic (recycling); fields 0/40,,
ca-157350,grants.ca.gov,Department of Resources Recycling and Recovery,"Empty Glass Beverage Transportation Grant Program, FY 2026-27",https://calrecycle.ca.gov/bevcontainer/grants/egt/,state,500000,4000000,,2026-02-11,active,Business; Nonprofit,Environment & Water,"Entities must be authorized and qualified to do business in California. Additionally, they must be in good standing with all applicable California state agencies to conduct business and registered appropriately to do business according to their entity type.",The fundamental goal of the Empty Glass Beverage Transportation Grant Program is to facilitate the transportation of empty glass beverage containers to glass processing facilities through the use of rail transportation within California.,2026-09-29,2026-09-29,15,off-topic (recycling); fields 0/40,,
ca-3309,grants.ca.gov,Department of Resources Recycling and Recovery,Greenhouse Gas Reduction Loan Program,https://calrecycle.ca.gov/funding/ghgloans/,state,,,,2020-08-03,active,Business; Nonprofit; Public Agency,Energy; Environment & Water,CA,"The GHG Reduction Loan Program provides funds to support new or expanded organics infrastructure, such as composting and anaerobic digestion facilities, as well as for facilities that manufacture fiber, plastic or glass waste materials into beneficial products.",2026-09-29,2026-09-29,15,off-topic (recycling); fields 0/40,,
ca-6325,grants.ca.gov,Department of Toxic Substances Control,Brownfields Revolving Loan Fund (RLF) Grant Program,https://dtsc.ca.gov/revolving-loan-fund-rlf-program/,state,,,,2021-12-22,active,Nonprofit; Public Agency; Tribal Government,Environment & Water,Site must be in California.,"The Revolving Loan Fund (RLF) Grant Program purpose is to help facilitate assessing and cleaning up contaminated sites by granting funds to nonprofits, tribal entitles, and local governments.",2026-09-29,2026-09-29,35,fields 0/40 (no core); amount unknown 8/20; no deadline (rolling) 10/15; geo 10/10; burden 7/10,,
ca-1614,grants.ca.gov,Department of Toxic Substances Control,Cleanup Loans and Environmental Assistance to Neighborhoods (CLEAN) Program,https://dtsc.ca.gov/clean-and-iscp-programs/,state,2500000,2500000,,2020-07-14,active,Public Agency,Environment & Water,"Urban properties only. Per Health and Safety Code §§ 78168, 80200-80280, 80350 and 80355, eligible properties include brownfields or underutilized properties in California.","Department of Toxic Substances Control's (DTSC) CLEAN Program helps developers, businesses, schools, and local governments accelerate the pace of assessment, cleanup, and redevelopment at abandoned and underutilized urban brownfield sites in California.",2026-09-29,2026-09-29,0,applicant type excludes nonprofits (public agency),,
ca-1626,grants.ca.gov,Department of Toxic Substances Control,Investigating Site Contamination Program (ISCP),https://dtsc.ca.gov/clean-and-iscp-programs/,state,100000,100000,,2020-07-07,active,Public Agency,Environment & Water,"Urban properties only. Per Health and Safety Code § 80200-80280, 80350, and 80355, eligible properties include brownfields or underutilized properties in California.","Department of Toxic Substances Control's (DTSC) ISCP offers loans to eligible applicants, including governmental entities, private businesses, individuals, and non-profit organizations, to help finance environmental site assessments.",2026-09-29,2026-09-29,0,applicant type excludes nonprofits (public agency),,
gg-EDA-DISASTER-2025,grants.gov,Economic Development Administration,EDA FY25 Disaster Supplemental,https://www.grants.gov/search-results-detail/359225,federal,,50000000,,2025-06-04,posted,"Native American tribal governments (Federally recognized); Nonprofits having a 501(c)(3) status with the IRS, other than institutions of higher education; Others (see text field entitled ""Additional Information on Eligibility"" for clarification); City or township governments; Independent school dist","Other (see text field entitled ""Explanation of Other Category of Funding Activity"" for clarification)",US,"  Through this Disaster NOFO, EDA will award investments in regions experiencing severe economic distress or other economic harm resulting from hurricanes, wildfires, tornadoes, floods, and other natural disasters occurring in calendar years 2023 and 2024. EDA’s goal under this NOFO is to assist communities recovering from a disaster by realizing opportunities to recover and change the economic trajectory of the community for the better. In other words, EDA funding seeks to help communities recover and set them on a path to exceed their previous pre-disaster baseline. EDA seeks projects that a",2026-09-29,2026-09-29,33,fields 0/40 (no core); amount partly fits 12/20; no deadline (rolling) 10/15; geo 7/10; federal reporting burden 4/10,,
gg-EDA-DISASTER-2023,grants.gov,Economic Development Administration,FY 2023 Disaster Supplemental,https://www.grants.gov/search-results-detail/347414,federal,,30000000,,2023-04-24,posted,"City or township governments; Native American tribal governments (Federally recognized); Nonprofits having a 501(c)(3) status with the IRS, other than institutions of higher education; Public and State controlled institutions of higher education; Others (see text field entitled ""Additional Informati","Other (see text field entitled ""Explanation of Other Category of Funding Activity"" for clarification)",US," Subject to the availability of funds, awards made under this NOFO will help communities and regions devise and implement long-term economic recovery strategies through a variety of non-construction and construction projects, as appropriate, to address economic challenges in areas where a Presidential declaration of a major disaster was issued under the Robert T. Stafford Disaster Relief and Emergency Assistance Act (42 U.S.C. § 5121 et seq.) (Stafford Act) “as a result of Hurricanes Ian and Fiona, and of wildfires, flooding, and other natural disasters occurring in calendar years 2021 and 202",2026-09-29,2026-09-29,15,off-topic (construction); fields 0/40,,
fp-0a811b070e,funder-page,FEMA/Cal OES Nonprofit Security Grant Program (NSGP),apply page changed — review,https://www.caloes.ca.gov/office-of-the-director/policy-administration/finance-administration/grants-management/homeland-security-emergency-management-programs/infrastructure-protection-grants/,federal via state,,,,2026-09-29,review,,security; awarded FY2025 $190K,LA,Page content changed since 2026-09-29,2026-09-29,2026-09-29,55,funder apply page changed — open the link and review (not scored as an opportunity),,
gg-FOR-FD-24-011,grants.gov,Food and Drug Administration,Cooperative Agreement for Long Term Data Collection on Antimicrobial Use in Animals (U01) Clinical Trial Not Allowed,https://www.grants.gov/search-results-detail/351204,federal,,200000,,2023-11-29,forecasted,"Native American tribal governments (Federally recognized); Native American tribal organizations (other than Federally recognized tribal governments); Small businesses; State governments; County governments; Nonprofits that do not have a 501(c)(3) status with the IRS, other than institutions of highe",Food and Nutrition,US," FDA announces the availability of fiscal year (FY) 2024 funds to support one or more projects to 1) collect antimicrobial use data from diverse animal sectors, including domestic livestock, poultry, companion animals (dogs, cats, and horses), and minor species (e.g., fish, sheep, goats, etc.) and 2) contribute&nbsp;to the development of data collection frameworks, including providing data and expertise as resources and a public-private partnership frameworks are established.     This grant will support the continued advancement of FDA's initiatives to support antimicrobial stewardship in vete",2026-09-29,2026-09-29,55,fields 14/40 (animal_welfare); amount fits 20/20; no deadline (rolling) 10/15; geo 7/10; federal reporting burden 4/10,,
ca-4310,grants.ca.gov,Governor's Office of Emergency Services,Hazard Mitigation Grant Program,https://www.caloes.ca.gov/office-of-the-director/operations/recovery-directorate/hazard-mitigation/,state,,,,2023-01-01,active,Nonprofit; Public Agency; Tribal Government,Disadvantaged Communities; Disaster Prevention & Relief,Eligible subapplicants* from all California Counties may apply.,"Hazard Mitigation Grant Program (HMGP) funds plans and projects that reduce the effects of future natural disasters. In California, these funds are administered by the Cal OES HMGP Unit. Eligible subapplicants include state agencies, local governments, special districts, and some private non-profits",2026-09-29,2026-09-29,15,off-topic (hazard mitigation); fields 0/40,,
gg-HHS-2027-IHS-NUIBH-0001,grants.gov,Indian Health Service,National Urban Indian Health Program (Education and Research),https://www.grants.gov/search-results-detail/363494,federal,,,,2026-08-06,forecasted,"Others (see text field entitled ""Additional Information on Eligibility"" for clarification); Nonprofits having a 501(c)(3) status with the IRS, other than institutions of higher education",Health,US," The purpose of the NUIBH program is to strengthen behavioral health services for Urban Indian communities by increasing awareness, advocacy, education, and collaboration nationwide. The program supports Urban Indian Organizations (UIOs) through technical assistance, training, information sharing, strategic planning, and quality improvement to expand culturally appropriate behavioral health services and improve access to care for American Indian and Alaska Native (AI/AN) populations living in urban areas. ",2026-09-29,2026-09-29,43,fields 14/40 (mental_health); amount unknown 8/20; no deadline (rolling) 10/15; geo 7/10; federal reporting burden 4/10,,
ca-2001,grants.ca.gov,Infrastructure and Economic Development Bank,Infrastructure State Revolving Fund (ISRF) Program,https://ibank.ca.gov/infrastructure-state-revolving-fund-isrf-program/,state,,,,2020-07-13,active,Public Agency,"Energy; Environment & Water; Housing, Community and Economic Development; Libraries and Arts; Parks & Recreation",California,"IBank's ISRF Loan Fund program provides low-cost, direct loans to local governments and nonprofits sponsored by public agencies for a wide variety of public infrastructure and economic expansion projects (excluding housing) that improve and sustain communities, helping individuals and families thriv",2026-09-29,2026-09-29,0,applicant type excludes nonprofits (public agency),,
fp-8af509ea67,funder-page,Jewish Community Foundation of Los Angeles,apply page changed — review,https://www.jewishfoundationla.org/,DAF/community foundation,10000,68000,,2026-09-29,review,,donors at the table who hold funds here,LA,Page content changed since 2026-09-29,2026-09-29,2026-09-29,55,funder apply page changed — open the link and review (not scored as an opportunity),,
fp-026bc46722,funder-page,Jewish Federation of Greater Los Angeles,apply page changed — review,https://www.jewishla.org/,federation,15812,112158,,2026-09-29,review,,healing program; special-needs partnership,LA,Page content changed since 2026-09-29,2026-09-29,2026-09-29,55,funder apply page changed — open the link and review (not scored as an opportunity),,
fp-53dc39077f,funder-page,LA County Department of Animal Care and Control — partner grants,apply page changed — review,https://animalcare.lacounty.gov/,county,,,,2026-09-29,review,,rescue partnership,LA,Page content changed since 2026-09-29,2026-09-29,2026-09-29,55,funder apply page changed — open the link and review (not scored as an opportunity),,
fp-14d0c1b6a8,funder-page,LA County Department of Mental Health — community partnerships,apply page changed — review,https://dmh.lacounty.gov/,county,,,,2026-09-29,review,,healing program contract (Wolf Connection model),LA,Page content changed since 2026-09-29,2026-09-29,2026-09-29,55,funder apply page changed — open the link and review (not scored as an opportunity),,
fp-1f2ad154a6,funder-page,LA Neighborhood Council — Neighborhood Purposes Grants (Winnetka NC),apply page changed — review,https://empowerla.org/,city,,,,2026-09-29,review,,small program support; local visibility,LA,Page content changed since 2026-09-29,2026-09-29,2026-09-29,55,funder apply page changed — open the link and review (not scored as an opportunity),,
gg-RFA-DC-28-007,grants.gov,National Institutes of Health,"Advancing Screening, Diagnosis, and Referral for Late Talking Children",https://www.grants.gov/search-results-detail/362352,federal,,,,2026-05-12,forecasted,nonprofits,93.173,US,,2026-09-29,2026-09-29,29,fields 0/40 (no core); amount unknown 8/20; no deadline (rolling) 10/15; geo 7/10; federal reporting burden 4/10,,
gg-RFA-AI-28-007,grants.gov,National Institutes of Health,Childhood Asthma in Urban Settings Clinical Research Network,https://www.grants.gov/search-results-detail/362950,federal,,,,2026-06-24,forecasted,nonprofits,93.855,US,,2026-09-29,2026-09-29,29,fields 0/40 (no core); amount unknown 8/20; no deadline (rolling) 10/15; geo 7/10; federal reporting burden 4/10,,
ca-59151,grants.ca.gov,Ocean Protection Council,Senate Bill 1 Sea Level Rise Adaptation Grant Program – Track 1,https://www.opc.ca.gov/sb-1-funding/,state,200000,1500000,,2024-02-27,active,Business; Nonprofit; Public Agency; Tribal Government,Disadvantaged Communities; Disaster Prevention & Relief; Environment & Water,CA,"Track 1 of the SB 1 SLR Adaptation Grant Program supports jurisdiction-wide and regional sea level rise planning across California’s coast and San Francisco Bay. Projects advance consistent, comprehensive SLR Adaptation Plans, apply statewide criteria, incorporate equitable community-informed planni",2026-09-29,2026-09-29,15,off-topic (sea level); fields 0/40,,
fp-434d3c0833,funder-page,Ralph M. Parsons Foundation,apply page changed — review,https://rmpf.org/,private foundation,10000,50000,,2026-09-29,review,,"healing, year 2",LA,Page content changed since 2026-09-29,2026-09-29,2026-09-29,55,funder apply page changed — open the link and review (not scored as an opportunity),,
ca-191454,grants.ca.gov,Sacramento-San Joaquin Delta Conservancy,Small Grants Program,https://deltaconservancy.ca.gov/grant-program/prop-4/#Small-Grant-Program-Solicitation,state,,,,2026-09-18,active,Nonprofit; Public Agency; Tribal Government,"Agriculture; Disadvantaged Communities; Environment & Water; Housing, Community and Economic Development; Parks & Recreation",Within the legal Delta.,"The Program provides funding for eligible entities to complete projects under $100,000 that make transformative investments in the Delta’s social, economic, scientific, and physical infrastructure. Projects may support community needs, advance scientific research that informs resource management, or",2026-09-29,2026-09-29,15,off-topic (conservancy); fields 0/40,,
ca-2184,grants.ca.gov,Sacramento-San Joaquin Delta Conservancy,Community and Economic Enhancement Grant Program – Proposition 68,http://deltaconservancy.ca.gov/proposition-68,state,,,,2020-07-14,active,Nonprofit; Public Agency,"Disadvantaged Communities; Education; Housing, Community and Economic Development; Parks & Recreation","The Conservancy will fund projects within or benefitting the Delta and Suisun Marsh. The Conservancy may fund a project outside the Delta and Suisun Marsh if the Conservancy Board makes all the findings described in the Sacramento-San Joaquin Delta Reform Act of 2009, Section 32360(g).","This non-competitive grant program focuses on increasing public access to the Delta through recreation and tourism opportunities, historic and cultural preservation, and environmental education in order to promote a robust Delta economy.",2026-09-29,2026-09-29,21,off-topic (conservancy); fields 6/40,,
ca-8780,grants.ca.gov,San Diego River Conservancy,San Diego River Conservancy Direct Grant Program,https://sdrc.ca.gov/wp-content/uploads/2022/01/SDRC_draft-guidelines-for-Directed-grants-for-posting-final.pdf,state,,,,2022-05-10,active,Nonprofit; Public Agency; Tribal Government,Disadvantaged Communities; Environment & Water; Parks & Recreation,San Diego River Watershed and Consortium Watersheds,Funding for this grant program was provided through the Budget Act of 2021-22 for local assistance projects.,2026-09-29,2026-09-29,15,off-topic (conservancy); fields 0/40,,
ca-175146,grants.ca.gov,San Diego River Conservancy,Prop 4 – Nature-Based Solutions (NBS),https://sdrc.ca.gov/proposition-4-2024-climate-bond/,state,,,,2026-06-08,active,Nonprofit; Public Agency; Tribal Government,Disadvantaged Communities; Environment & Water; Parks & Recreation,"San Diego River Watershed and Sweetwater, Otay and Tijuana Rivers Watersheds. ","The purposes of Prop 4 include watershed improvement, wildfire resilience, chaparral and forest restoration, and workforce development that addresses needs related to this subdivision and to reduce the risks of climate change impacts upon communities, fish and wildlife, and natural resources, and in",2026-09-29,2026-09-29,15,off-topic (climate); fields 0/40,,
ca-175143,grants.ca.gov,San Diego River Conservancy,Prop 4 – Wildfire and Forest Resilience,https://sdrc.ca.gov/proposition-4-2024-climate-bond/,state,,,,2026-06-08,active,Nonprofit; Public Agency; Tribal Government,Environment & Water,"San Diego River Watershed and Sweetwater, Otay and Tijuana Rivers Watersheds. ","Protect communities, improve forest health, enhance early detection and response and support long-term capital infrastructure projects. ",2026-09-29,2026-09-29,15,off-topic (wildfire); fields 0/40,,
ca-79610,grants.ca.gov,San Gabriel and Lower Los Angeles Rivers and Mountains Conservancy,RMC Lower LA River Grant Program,https://rmc.ca.gov/grants/,state,50000,2000000,,2024-08-21,active,Nonprofit; Public Agency; Tribal Government,Disadvantaged Communities; Environment & Water; Parks & Recreation,"RMC’s LLAR Grants are specific to the Lower LA River corridor, considered within 1.5 miles of the main stem or tributary of the Lower LA River. Projects should be consistent with the Lower LA River Revitalization Plan.",Priorities for RMC Lower LA River Grants:  1. Ecosystems and watershed protection and restoration projects  2. Expand access to diverse populations  3. High-need project implementation  4. Implementation of projects congruent with the Lower LA River Revitalization Plan,2026-09-29,2026-09-29,21,off-topic (conservancy); fields 6/40,,
ca-80480,grants.ca.gov,San Gabriel and Lower Los Angeles Rivers and Mountains Conservancy,Proposition 68 LLAR Severely Disadvantaged Communities,https://rmc.ca.gov/grants/,state,,,,2024-09-04,active,Nonprofit; Public Agency; Tribal Government,Disadvantaged Communities; Environment & Water; Parks & Recreation,"RMC’s LLAR Grants are specific to the Lower LA River corridor, considered within 1.5 miles of the main stem or tributary of the Lower LA River.","Priorities for RMC LLAR Prop 68:  Develop urban recreation projects and habitat protection or restoration projects,Provide workforce development opportunities,Expand access to diverse populations,Secured matching funds  RMC’s LLAR Grants are specific to the Lower LA River corridor, considered within",2026-09-29,2026-09-29,15,off-topic (conservancy); fields 0/40,,
ca-154743,grants.ca.gov,San Gabriel and Lower Los Angeles Rivers and Mountains Conservancy,Proposition 4 – Wildfire and Forest Resilience,https://rmc.ca.gov/grants/,state,50000,2000000,,2025-12-11,active,Nonprofit; Public Agency; Tribal Government,"Disadvantaged Communities; Employment, Labor & Training; Environment & Water; Parks & Recreation; Science, Technology, and Research & Development","Due to the diverse landscape across the RMC’s jurisdiction, projects funded through bond funding fall into three main Program Areas to allow for equitable distribution of funds across the region.  These program areas are  ·          Urban Areas  ·          Rivers and Tributaries  ·          Mountains, Hills, and Foothills","Wildfire and Forest Resilience [Section 91520(l)]:  may be awarded for projects that promote watershed improvement, wildfire resilience, chaparral and forest restoration, and workforce development that addresses needs related to this subdivision and is designed to create career pathways for individu",2026-09-29,2026-09-29,15,off-topic (wildfire); fields 0/40,,
ca-80483,grants.ca.gov,San Gabriel and Lower Los Angeles Rivers and Mountains Conservancy,Proposition 68 Technical Assistance,https://rmc.ca.gov/grants/,state,,,,2024-09-05,active,Nonprofit; Public Agency; Tribal Government,Disadvantaged Communities; Environment & Water; Parks & Recreation,"Applicants must operate within, and projects must benefit the RMC's defined funding area. More information on the RMC's funding area can be found at our interactive map.","Pursuant to Section 8008(b)(1) of Proposition 68, up to 10% of the funds available may be allocated for technical assistance to disadvantaged communities. RMC’s Technical Assistance Program (TAP) supports local communities with application assistance with the goal of facilitating access to the Conse",2026-09-29,2026-09-29,15,off-topic (conservancy); fields 0/40,,
ca-79607,grants.ca.gov,San Gabriel and Lower Los Angeles Rivers and Mountains Conservancy,Wildfire Prevention Grant Program,https://rmc.ca.gov/grants/,state,50000,2000000,,2024-08-21,active,Nonprofit; Public Agency; Tribal Government,Disadvantaged Communities; Disaster Prevention & Relief; Environment & Water; Parks & Recreation,"Eligible projects must be located within the RMC's approved territory.   Our territory covers eastern Los Angeles County and western Orange County. This vast and varied area includes mountains, valleys, rivers, coastal plain, and coastline. Our interactive map details our territory's boundaries.",Priorities for RMC Wildfire Prevention Grant Program:  1. Protect and expand native forests/wildlands;  2. Support communities in increasing their resilience to wildfire and improving fire safety;  3. Promote sustainable land use;  4. Promote investment in wildlands management and workforce developm,2026-09-29,2026-09-29,15,off-topic (wildfire); fields 0/40,,
ca-79604,grants.ca.gov,San Gabriel and Lower Los Angeles Rivers and Mountains Conservancy,Proposition 1 Regionwide Grants,https://rmc.ca.gov/grants/,state,,,,2024-08-21,active,Nonprofit; Public Agency; Tribal Government,Disadvantaged Communities; Environment & Water; Parks & Recreation,"Eligible projects must be located within the RMC's approved territory.   Our territory covers eastern Los Angeles County and western Orange County. This vast and varied area includes mountains, valleys, rivers, coastal plain, and coastline. Our interactive map details our territory's boundaries.",Priorities for RMC Prop 1 Grants:  1. Ecosystems and watershed protection and restoration projects  2. Expand access to diverse populations  3. High-need project implementation   ,2026-09-29,2026-09-29,21,off-topic (conservancy); fields 6/40,,
ca-79601,grants.ca.gov,San Gabriel and Lower Los Angeles Rivers and Mountains Conservancy,Proposition 1 Lower Los Angeles River Grants,https://rmc.ca.gov/grants/,state,50000,2000000,,2024-08-21,active,Nonprofit; Public Agency; Tribal Government,Disadvantaged Communities; Environment & Water; Parks & Recreation,"RMC’s LLAR Grants are specific to the Lower LA River corridor, considered within 1.5 miles of the main stem or tributary of the Lower LA River.","Priorities for RMC Prop 1 LLAR (Lower LA River) Grants:  1. Ecosystems and watershed protection and restoration projects,  2. Protect and Enhance the LA River  2. Expand access to diverse populations,  4. High-need project implementation  RMC’s LLAR Grants are specific to the Lower LA River corridor",2026-09-29,2026-09-29,21,off-topic (conservancy); fields 6/40,,
ca-79598,grants.ca.gov,San Gabriel and Lower Los Angeles Rivers and Mountains Conservancy,Proposition 68 Regionwide Grants,https://rmc.ca.gov/grants/,state,,,,2024-08-21,active,Nonprofit; Public Agency; Tribal Government,Disadvantaged Communities; Environment & Water; Parks & Recreation,"Eligible projects must be located within the RMC's approved territory.   Our territory covers eastern Los Angeles County and western Orange County. This vast and varied area includes mountains, valleys, rivers, coastal plain, and coastline. Our interactive map details our territory's boundaries.","Create, expand, and/or improve public open space in the RMC's territory by improving water quality supply, create, enhance or improve a reliable water supply and/or restore an important species and habitat.",2026-09-29,2026-09-29,15,off-topic (conservancy); fields 0/40,,
ca-79595,grants.ca.gov,San Gabriel and Lower Los Angeles Rivers and Mountains Conservancy,Proposition 68 Grants for Lower Los Angeles River (LLAR),https://rmc.ca.gov/grants/,state,10000,2000000,,2024-01-21,active,Nonprofit; Public Agency; Tribal Government,Disadvantaged Communities; Education; Environment & Water; Parks & Recreation,"RMC’s LLAR Grants are specific to the Lower LA River corridor, considered within 1.5 miles of the main stem or tributary of the Lower LA River.","Priorities for RMC Prop 68 Grant Funding:  1. Develop urban recreation projects and habitat protection or restoration projects  2. Provide workforce development opportunities  3. Expand access to diverse populations  RMC’s LLAR Grants are specific to the Lower LA River corridor, considered within 1.",2026-09-29,2026-09-29,15,off-topic (conservancy); fields 0/40,,
ca-164613,grants.ca.gov,San Gabriel and Lower Los Angeles Rivers and Mountains Conservancy,"Proposition 4 Safe Drinking Water, Wildfire Prevention, Drought Preparedness, and Clean Air Bond Act of 2024",https://rmc.ca.gov/grants/,state,,,,2026-04-13,active,Nonprofit; Public Agency; Tribal Government,Disadvantaged Communities; Disaster Prevention & Relief; Environment & Water; Parks & Recreation,Within the RMC's jurisdiction. Link to RMC Territory map,"Safe Drinking Water, Wildfire Prevention, Drought Preparedness, and Clean Air Bond Act of 2024.  Appropriations under Chapter 6 Protect Biodiversity and Accelerating Nature-Based Climate Solutions 93020 to reduce the risks of climate change impacts upon communities, fish and wildlife, and natural re",2026-09-29,2026-09-29,15,off-topic (climate); fields 0/40,,
ca-117507,grants.ca.gov,Santa Monica Mountains Conservancy,Proposition 4 – Nature Based,https://smmc.ca.gov/grants-redo/,state,,,,2025-06-11,active,Nonprofit; Public Agency; Tribal Government,Environment & Water,Projects must be within the Santa Monica Mountains Conservancy Zone.      ,"To protect biodiversity or nature, restore landscape health, or achieve California’s climate goals.",2026-09-29,2026-09-29,15,off-topic (climate); fields 0/40,,
ca-117504,grants.ca.gov,Santa Monica Mountains Conservancy,Proposition 4 – River,https://smmc.ca.gov/grants-redo/,state,,,,2025-06-11,active,Nonprofit; Public Agency; Tribal Government,Environment & Water,Projects must be within the Santa Monica Mountains Conservancy Zone.      ,"To protect or restore rivers, wetlands, streams, lakes, or watersheds; improve the resilience of fish and wildlife; or enhance climate resilience, water supply, or water quality. ",2026-09-29,2026-09-29,15,off-topic (climate); fields 0/40,,
ca-117501,grants.ca.gov,Santa Monica Mountains Conservancy,Proposition 4 Wildfire,https://smmc.ca.gov/grants-redo/,state,,,,2025-06-11,active,Nonprofit; Public Agency; Tribal Government,Environment & Water,Projects must be within the Santa Monica Mountains Conservancy Zone.      ,"To improve local fire prevention capacity, enhance forest health and resilience, or reduce the risk of wildfire spreading from wildlands into populated areas.",2026-09-29,2026-09-29,15,off-topic (wildfire); fields 0/40,,
ca-117498,grants.ca.gov,Santa Monica Mountains Conservancy,"The California Drought, Water, Parks, Climate, Coastal Protection and Outdoor Access for All Act of 2018 (Proposition 68) SMMC Grant Program – Prop 68 River San Fernando Valley – Community Access",https://smmc.ca.gov/grants-redo/,state,,,,2025-06-11,active,Nonprofit; Public Agency; Tribal Government,Environment & Water,Projects must be within the Santa Monica Mountains Conservancy Zone.,"Projects which facilitate the protection and restoration of wildlife, habitat and historical/archaeological resources, including habitat restoration projects in urban rural areas. ",2026-09-29,2026-09-29,15,off-topic (climate); fields 0/40,,
ca-117495,grants.ca.gov,Santa Monica Mountains Conservancy,"The California Drought, Water, Parks, Climate, Coastal Protection and Outdoor Access for All – (Prop 68 River – CA) Act of 2018 (Proposition 68) SMMC Grant Program – (Prop 68 River – Community Access))",https://smmc.ca.gov/grants-redo/,state,,,,2025-06-11,active,Nonprofit; Public Agency; Tribal Government,Environment & Water,Projects must be within the Santa Monica Mountains Conservancy Zone.,"Projects which facilitate the protection and restoration of wildlife, habitat and historical/archaeological resources, including habitat restoration projects in urban rural areas. ",2026-09-29,2026-09-29,15,off-topic (climate); fields 0/40,,
ca-117489,grants.ca.gov,Santa Monica Mountains Conservancy,"The California Drought, Water, Parks, Climate, Coastal Protection and Outdoor Access for All Act of 2018 (Proposition 68) SMMC Grant Program – (Prop 68 River San Fernando Valley  – Severely Disadvantaged Community)",https://smmc.ca.gov/grants-redo/,state,,,,2025-06-11,active,Nonprofit; Public Agency; Tribal Government,Environment & Water,Projects must be within the Santa Monica Mountains Conservancy Zone.,"Projects which facilitate the protection and restoration of wildlife, habitat and historical/archaeological resources, including habitat restoration projects in urban rural areas. ",2026-09-29,2026-09-29,15,off-topic (climate); fields 0/40,,
ca-117480,grants.ca.gov,Santa Monica Mountains Conservancy,"The California Drought, Water, Parks, Climate, Coastal Protection and Outdoor Access for All Act of 2018 (Proposition 68) SMMC Grant Program – Prop 68 River San Fernando Valley",https://smmc.ca.gov/grants-redo/,state,,,,2025-06-11,active,Nonprofit; Public Agency; Tribal Government,Environment & Water,Projects must be within the Santa Monica Mountains Conservancy Zone.,"Projects which facilitate the protection and restoration of wildlife, habitat and historical/archaeological resources, including habitat restoration projects in urban rural areas. ",2026-09-29,2026-09-29,15,off-topic (climate); fields 0/40,,
ca-117456,grants.ca.gov,Santa Monica Mountains Conservancy,"The California Drought, Water, Parks, Climate, Coastal Protection and Outdoor Access for All Act of 2018 (Proposition 68) SMMC Grant Program – Prop 68 River",https://smmc.ca.gov/grants-redo/,state,,,,2025-06-11,active,Nonprofit; Public Agency; Tribal Government,Environment & Water,Projects must be within the Santa Monica Mountains Conservancy Zone.,"Projects which facilitate the protection and restoration of wildlife, habitat and historical/archaeological resources, including habitat restoration projects in urban rural areas. ",2026-09-29,2026-09-29,15,off-topic (climate); fields 0/40,,
ca-115191,grants.ca.gov,Santa Monica Mountains Conservancy,"The Water Quality, Supply, and Infrastructure Improvement Act of 2014 (Proposition 1) SMMC Grant Program",https://smmc.ca.gov/grants-redo/,state,,,,2025-06-11,active,Nonprofit; Public Agency; Tribal Government,Environment & Water,Projects must be within the Santa Monica Mountains Conservancy Zone.,"This program supports Santa Monica Mountains Conservancy’s (“Conservancy”) Proposition 1 Competitive Grant Program specifically pertain to competitive grants for multi benefit ecosystem and watershed protection and restoration projects pursuant to Water Code Section 79731(h), and for projects to pro",2026-09-29,2026-09-29,21,off-topic (conservancy); fields 6/40,,
ca-117471,grants.ca.gov,Santa Monica Mountains Conservancy,"The California Drought, Water, Parks, Climate, Coastal Protection and Outdoor Access for All Act of 2018 (Proposition 68) SMMC Grant Program – (Prop 68 River – Severely Disadvantaged Community)",https://smmc.ca.gov/grants-redo/,state,,,,2025-06-11,active,Nonprofit; Public Agency; Tribal Government,Environment & Water,Projects must be within the Santa Monica Mountains Conservancy Zone.,"The California Drought, Water, Parks, Climate, Coastal Protection and Outdoor Access for All Act of 2018 (Proposition 68) SMMC Grant Program.      ",2026-09-29,2026-09-29,15,off-topic (climate); fields 0/40,,
ca-164031,grants.ca.gov,Santa Monica Mountains Conservancy,Prop 4 – Regional Wildfire,https://smmc.ca.gov/grants-redo/,state,,,,2026-04-01,active,Nonprofit; Public Agency; Tribal Government,Parks & Recreation,Santa Monica Mountains Conservancy Zone,Regional projects to improve wildfire resilience. ,2026-09-29,2026-09-29,15,off-topic (wildfire); fields 0/40,,
ca-164013,grants.ca.gov,Santa Monica Mountains Conservancy,Prop 4 – Randall Preserve,https://smmc.ca.gov/grants-redo/,state,,,,2026-03-26,active,Nonprofit; Public Agency; Tribal Government,Parks & Recreation,"Santa Monica Mountains Conservancy Zone, Randall Preserve",Climate impact reduction and outdoor recreation opportunities at Randall Preserve.,2026-09-29,2026-09-29,15,off-topic (climate); fields 0/40,,
ca-1596,grants.ca.gov,State Treasurer's Office,Children's Hospital Program of 2018 -Children's Hospitals,https://www.treasurer.ca.gov/chffa/hospital.asp,state,135000000,135000000,,2022-02-22,active,Nonprofit; Public Agency,Health & Human Services,None.,"The purpose of the program is to improve the health and welfare of California’s critically ill children, by providing a stable and ready source of funds for capital improvement projects for children's hospitals.",2026-09-29,2026-09-29,15,off-topic (hospital); fields 0/40,,
ca-16307,grants.ca.gov,State Treasurer's Office,Children's Hospital Program of 2008 – Children's Hospitals (3rd funding round),https://www.treasurer.ca.gov/chffa/hospital.asp,state,9679509,9679509,,2022-07-01,active,Nonprofit; Public Agency,Health & Human Services,None,"The purpose of the program is to improve the health and welfare of California's critically ill children, by providing a stable and ready source of funds for capital improvement projects for children's hospitals.",2026-09-29,2026-09-29,15,off-topic (hospital); fields 0/40,,
ca-1641,grants.ca.gov,State Treasurer's Office,Healthcare Expansion Loan Program II (HELP II),https://www.treasurer.ca.gov/chffa/programs/help.asp,state,25000,1500000,,2020-07-06,active,Individual; Nonprofit,Health & Human Services,None.,"This program will provide low-interest rate loans to California's non-profit small or rural health facilities in an efficient, timely, and cost-effective manner.",2026-09-29,2026-09-29,15,off-topic (loan program); fields 0/40,,
ca-1584,grants.ca.gov,State Treasurer's Office,CHFFA Bond Financing Program,https://www.treasurer.ca.gov/chffa/programs/bond.asp,state,5000000000,5000000000,,2020-07-07,active,Nonprofit; Public Agency,Health & Human Services,None.,This program will provide a borrower with access to low interest rate capital markets through the issuance of tax-exempt and taxable revenue bonds.,2026-09-29,2026-09-29,15,off-topic (bond financing); fields 0/40,,
ca-1662,grants.ca.gov,State Treasurer's Office,CEFA Bond Financing Program,https://www.treasurer.ca.gov/cefa/bond.asp,state,5000000000,5000000000,,2020-07-06,active,Nonprofit,Education,None.,This program will provide a borrower with access to low interest rate capital markets through the issuance of tax-exempt and taxable revenue bonds.,2026-09-29,2026-09-29,15,off-topic (bond financing); fields 0/40,,
ca-157089,grants.ca.gov,State Treasurer's Office,Charter School Facilities Incentive Grants Program,https://www.treasurer.ca.gov/csfa/incentive.asp,state,,,,2025-05-12,active,Nonprofit; Public Agency,Education,Funds are available to charter schools operating in the State of California. ,"The State Charter School Incentive Grant Program funds are applied toward a charter school’s annual costs of rent, lease, mortgage, debt service, or Proposition 39 pro-rata payments for facilities, or towards the costs of purchase, design, construction, and/or renovation of a new or existing facilit",2026-09-29,2026-09-29,15,off-topic (construction); fields 0/40,,
ca-175863,grants.ca.gov,State Treasurer's Office,2024 Credit Enhancement,https://www.treasurer.ca.gov/csfa/enhancement,state,,,,2024-10-01,active,Nonprofit; Public Agency,Education,Funds are available to charter schools operating in the state of California.   ,"The program is to award grants to eligible entities that help charter schools address the cost of acquiring, constructing and renovating facilities by enhancing the accessibility and availability of loans and bond financing. The program provides grants to eligible entities to permit them to enhance ",2026-09-29,2026-09-29,15,off-topic (bond financing); fields 0/40,,
ca-46016,grants.ca.gov,State Treasurer's Office,CHFFA Commercial Paper Program,https://www.treasurer.ca.gov/chffa/programs/bond.asp,state,5000000000,5000000000,,2023-09-13,active,Nonprofit; Public Agency,Health & Human Services,CA,This program will provide a borrower with access to low interest rate capital markets through the issuance of tax-exempt and taxable commercial paper notes.,2026-09-29,2026-09-29,20,fields 0/40 (no core); amount too large for us 0/20; no deadline (rolling) 10/15; geo 3/10; burden 7/10,,
ca-141396,grants.ca.gov,State Treasurer's Office,Charter FinE Enhancement (Charter FinE) Program,https://www.treasurer.ca.gov/csfa/charter-fine-program,state,,,,2023-10-12,active,Nonprofit; Public Agency,Education,Funds are available to charter schools operating in the State of California. ,"Aimed to assist charter schools lower costs to access facility acquisition, renovation, and construction financing. ",2026-09-29,2026-09-29,15,off-topic (construction); fields 0/40,,
ca-141402,grants.ca.gov,State Treasurer's Office,Charter Access Bank Loan Enhancement Program (Charter ABLE),https://www.treasurer.ca.gov/csfa/charter-able,state,,,,2021-03-30,active,Nonprofit; Public Agency,Education,Funds are available to charter schools operating in the state of California.   ,"Aimed to assist charter schools lower costs to access facility acquisition, renovation, and construction financing. ",2026-09-29,2026-09-29,15,off-topic (construction); fields 0/40,,
ca-1632,grants.ca.gov,State Treasurer's Office,Tax-Exempt Equipment Financing Program – CHFFA,https://www.treasurer.ca.gov/chffa/programs/tax.asp,state,50000000,50000000,,2020-07-06,active,Nonprofit; Public Agency,Health & Human Services,None.,"This program will provide a borrower with access to tax-exempt, fixed-rate financing for equipment purchases.",2026-09-29,2026-09-29,20,fields 0/40 (no core); amount too large for us 0/20; no deadline (rolling) 10/15; geo 3/10; burden 7/10,,
ca-1962,grants.ca.gov,State Treasurer's Office,Project Acceleration Notes and Credit Enhancement Alternatives,https://www.treasurer.ca.gov/csfa/panacea/index.asp,state,1000000,1000000,,2017-07-01,active,Nonprofit; Public Agency,Education,California Only,"Designed to help provide credit enhancement to facilitate the financing of the purchase, construction, and/or renovation of facilities for California public Charter Schools. Funds awarded under the Program will be used in conjunction with funding provided through the Charter School Facilities Progra",2026-09-29,2026-09-29,15,off-topic (construction); fields 0/40,,
ca-1935,grants.ca.gov,State Treasurer's Office,Charter School Facility Grant Program – (SB740),https://www.treasurer.ca.gov/csfa/csfgp/index.asp,state,,,,2013-07-01,active,Nonprofit; Public Agency,Education,None,To provide financial assistance for charter school facilities.,2026-09-29,2026-09-29,28,fields 0/40 (no core); amount unknown 8/20; no deadline (rolling) 10/15; geo 3/10; burden 7/10,,
ca-1902,grants.ca.gov,State Treasurer's Office,The Charter School Revolving Loan Fund Program,https://www.treasurer.ca.gov/csfa/csrlf/index.asp,state,100000,250000,,2013-07-01,active,Nonprofit; Public Agency,Education,"Please refer to the Program Regulations, Section 10170.20 (d) . Application Review and Evaluation/Underwriting Criteria.","The Charter School Revolving Loan Fund Program provides low-cost loans of up to $250,000 to charter schools",2026-09-29,2026-09-29,40,fields 0/40 (no core); amount fits 20/20; no deadline (rolling) 10/15; geo 3/10; burden 7/10,,
ca-1971,grants.ca.gov,State Treasurer's Office,Sales Tax Exclusion (STE) Program,https://www.treasurer.ca.gov/caeatfa/ste/index.asp,state,,,,2010-09-01,active,Business; Individual; Nonprofit; Public Agency; Tribal Government,"Disadvantaged Communities; Disaster Prevention & Relief; Employment, Labor & Training; Energy; Environment & Water; Housing, Community and Economic Development; Science, Technology, and Research & Development; Transportation",Available statewide,"CAEATFA supports California's mission to provide financial incentives to cutting-edge companies by offering a sales and use tax exclusion to manufacturers purchasing equipment to promote alternative energy, advanced transportation and recycling, as well as advanced manufacturing. These manufacturers",2026-09-29,2026-09-29,15,off-topic (recycling); fields 0/40,,
ca-1941,grants.ca.gov,State Treasurer's Office,Charter School Facilities Credit Enhancement Grant Program,https://www.treasurer.ca.gov/csfa/enhancement/index.asp,state,,,,2009-07-01,active,Nonprofit; Public Agency,Education,Funds are available to charter schools operating in the state of California.,The federally-funded Charter School Facilities Credit Enhancement Grant Program provides grants to fully or partially fund debt service reserve accounts on bond transactions issued through the Authority. The grant is intended to reduce the overall cost of borrowing for charter schools as it eliminat,2026-09-29,2026-09-29,35,fields 0/40 (no core); amount unknown 8/20; no deadline (rolling) 10/15; geo 10/10; burden 7/10,,
ca-1944,grants.ca.gov,State Treasurer's Office,Charter School Facilities Program (CSFP),https://www.treasurer.ca.gov/csfa/charter.asp,state,,,,2002-11-05,active,Nonprofit; Public Agency,Education,CA,"Through the passage of Propositions 47, 55, 1D, and most recently, 51, $1.4 billion has been made available to charter schools for construction of new facilities or rehabilitation of existing school district facilities. CSFP provides low-cost financing for charter school facilities; 50% grant, 50% l",2026-09-29,2026-09-29,15,off-topic (construction); fields 0/40,,
ca-30926,grants.ca.gov,State Water Resources Control Board,Proposition 1 – Water Recycling,https://www.waterboards.ca.gov/water_issues/programs/grants_loans/docs/wrfp_guidelines.pdf,state,,,,2023-06-06,active,Nonprofit; Public Agency; Tribal Government,Environment & Water,"All community types are eligible for funding. This includes small and large communities, non-disadvantaged, disadvantaged, and severely disadvantaged communities.",The purpose of the funding is to provide technical and financial assistance to local agencies for the construction of water recycling projects that promote the beneficial use of treated municipal wastewater in order to augment fresh water supplies in California.,2026-09-29,2026-09-29,15,off-topic (wastewater); fields 0/40,,
ca-30929,grants.ca.gov,State Water Resources Control Board,Proposition 68 – Water Recycling,https://www.waterboards.ca.gov/water_issues/programs/grants_loans/docs/wrfp_guidelines.pdf,state,,,,2023-06-06,active,Nonprofit; Public Agency; Tribal Government,Environment & Water,"All community types are eligible for funding. This includes small and large communities, non-disadvantaged, disadvantaged, and severely disadvantaged communities.",The purpose of the funding is to provide technical and financial assistance to local agencies for the construction of water recycling projects that promote the beneficial use of treated municipal wastewater in order to augment fresh water supplies in California.,2026-09-29,2026-09-29,15,off-topic (wastewater); fields 0/40,,
ca-1098,grants.ca.gov,State Water Resources Control Board,The Safe and Affordable Funding for Equity and Resilience Program (SAFER),https://www.waterboards.ca.gov/water_issues/programs/grants_loans/sustainable_water_solutions/safer.html,state,,,,2020-06-08,active,Nonprofit; Public Agency; Tribal Government,Disadvantaged Communities; Environment & Water,"Projects funded by the SAFER Program using GGRF monies will either facilitate reductions of greenhouse gas emissions or improve climate change adaptation and resiliency of GGRF Disadvantaged Communities (DACs), GGRF Low-Income Households, or GGRF Low-Income Communities.","The Safe and Affordable Funding for Equity and Resilience Program (SAFER) is a set of tools, funding sources, and regulatory authorities designed to ensure that one million Californians who currently lack safe drinking water receive safe & affordable drinking water as quickly as possible. The SAFER ",2026-09-29,2026-09-29,15,off-topic (drinking water); fields 0/40,,
ca-11498,grants.ca.gov,State Water Resources Control Board,County-wide and Regional Funding Program,https://www.waterboards.ca.gov/safer/funding_solicitation.html,state,,,,2022-08-01,active,Nonprofit; Public Agency; Tribal Government,Disadvantaged Communities; Environment & Water,Statewide,The State Water Resources Control Board (State Water Board) has identified a need for regional programs that address drought related and contamination issues for state small water systems (state smalls) and domestic wells serving disadvantaged communities (DACs) and low-income households.    ,2026-09-29,2026-09-29,41,fields 6/40 (no core+education); amount unknown 8/20; no deadline (rolling) 10/15; geo 10/10; burden 7/10,,
ca-1107,grants.ca.gov,State Water Resources Control Board,Emergency Drinking Water / Cleanup & Abatement Account Programs,https://www.waterboards.ca.gov/water_issues/programs/grants_loans/urgent_water_needs.html,state,,,,2020-06-08,active,Nonprofit; Public Agency; Tribal Government,Disadvantaged Communities; Environment & Water,None.,"The Cleanup and Abatement Account (CAA) funds may be utilized to fund: (1) projects that clean up and/or abate the effects of a waste on waters of the State, or (2) projects that address urgent drinking water needs.",2026-09-29,2026-09-29,15,off-topic (drinking water); fields 0/40,,
ca-1104,grants.ca.gov,State Water Resources Control Board,Clean Water State Revolving Fund (CWSRF) Program,https://www.waterboards.ca.gov/water_issues/programs/grants_loans/srf/index.html,state,,,,2020-06-08,active,Nonprofit; Public Agency; Tribal Government,Environment & Water,CA,Under federal and state law the primary purpose of the CWSRF Program is to provide financing for eligible projects to restore and maintain water quality in the state. The SWRCB also seeks to reduce the effects of climate change and to promote sustainable water resources for future generations. These,2026-09-29,2026-09-29,15,off-topic (climate); fields 0/40,,
ca-1053,grants.ca.gov,State Water Resources Control Board,Drinking Water State Revolving Fund (DWSRF) Construction,https://www.waterboards.ca.gov/drinking_water/services/funding/SRF.html,state,2000000,10000000,,2020-06-08,active,Nonprofit; Public Agency; Tribal Government,Disadvantaged Communities; Environment & Water,CA,The Drinking Water State Revolving Fund (DWRSF) program assists public water systems in financing the cost of drinking water infrastructure projects needed to achieve or maintain compliance with Safe Drinking Water Act (SDWA) requirements and support to human right to water. ,2026-09-29,2026-09-29,21,off-topic (drinking water); fields 6/40,,
ca-1044,grants.ca.gov,State Water Resources Control Board,Drinking Water State Revolving Fund (DWSRF) Planning,https://www.waterboards.ca.gov/drinking_water/services/funding/SRF.html,state,250000,500000,,2020-06-07,active,Nonprofit; Public Agency; Tribal Government,Disadvantaged Communities; Environment & Water,CA,The Drinking Water State Revolving Fund (DWRSF) program assists public water systems in financing the cost of drinking water infrastructure projects needed to achieve or maintain compliance with Safe Drinking Water Act (SDWA) requirements and support to human right to water.,2026-09-29,2026-09-29,21,off-topic (drinking water); fields 6/40,,
ca-32351,grants.ca.gov,State Water Resources Control Board,Proposition 13 – Water Recycling – Planning Grant,https://www.waterboards.ca.gov/water_issues/programs/grants_loans/docs/2023/2023-24-cwsrf-iup.pdf,state,300000,300000,,2023-06-07,active,Public Agency,Environment & Water,"All community types are eligible for funding. This includes small and large communities, non-disadvantaged, disadvantaged, and severely disadvantaged communities.",The purpose of the funding is to provide technical and financial assistance to local agencies for the planning of water recycling projects that promote the beneficial use of treated municipal wastewater in order to augment fresh water supplies in California.,2026-09-29,2026-09-29,0,applicant type excludes nonprofits (public agency),,
ca-147945,grants.ca.gov,Tahoe Conservancy,Proposition 4 Grant Program,https://tahoe.ca.gov/grants/,state,,,,2025-09-04,active,Nonprofit; Public Agency; Tribal Government,Environment & Water; Parks & Recreation,Lake Tahoe Basin,"The Conservancy's Proposition 4 program aims to support watershed improvement, forest health biomass utilization, chaparral and forest restoration, and workforce development, and to reduce the risks of climate change impacts upon communities, fish and wildlife, and natural resources, and to increase",2026-09-29,2026-09-29,15,off-topic (climate); fields 0/40,,
ca-1899,grants.ca.gov,Tahoe Conservancy,Science and Lake Improvement Account Program,https://tahoe.ca.gov/grants/,state,,,,2020-07-10,active,Nonprofit; Public Agency; Tribal Government,Environment & Water; Parks & Recreation,Lake Tahoe Basin,"The principal goal of the Conservancy's Science and Lake Improvement Account program is to support near-shore environmental improvement program activities and projects, particularly projects that manage aquatic invasive species or improve public access to sovereign land in Lake Tahoe.",2026-09-29,2026-09-29,15,off-topic (conservancy); fields 0/40,,
ca-1896,grants.ca.gov,Tahoe Conservancy,Proposition 68 Grant Program,https://tahoe.ca.gov/grants/,state,,,,2020-07-10,active,Nonprofit; Public Agency; Tribal Government,Environment & Water; Parks & Recreation,Lake Tahoe Basin,"The principal goal of the Conservancy's Prop 68 grant program is to support purposes set forth in the Conservancy's governing statutes and strategic plan, including stewarding Conservancy lands and protecting Basin communities from wildfire; restoring the resilience of Basin forests and watersheds; ",2026-09-29,2026-09-29,15,off-topic (wildfire); fields 0/40,,
gg-PAS-TUNIS-FY2025,grants.gov,U.S. Mission to Tunisia,Annual Program Statement (APS) for Fiscal Year 2025,https://www.grants.gov/search-results-detail/359120,federal,10000,200000,,2025-06-02,forecasted,"Individuals; Nonprofits that do not have a 501(c)(3) status with the IRS, other than institutions of higher education; Others (see text field entitled ""Additional Information on Eligibility"" for clarification); Nonprofits having a 501(c)(3) status with the IRS, other than institutions of higher educ","Other (see text field entitled ""Explanation of Other Category of Funding Activity"" for clarification)",US,"  The Public Affairs Section  (PAS) at U.S. Embassy Tunis invites creative and engaging proposals for programs that strengthen ties between the United States and Tunisia, highlight shared values, and promote bilateral cooperation in ways that make America safer, stronger, and more prosperous.&nbsp;Please see Section C. Program Description for more information.&nbsp;This Annual Program Statement (APS) outlines our funding priorities and the strategic themes we will focus on in FY2025, and the procedures for submitting requests for funding.&nbsp;Based on availability of funding, PAS Tunis will a",2026-09-29,2026-09-29,41,fields 0/40 (no core); amount fits 20/20; no deadline (rolling) 10/15; geo 7/10; federal reporting burden 4/10,,
gg-PAS-TUNIS- APS FY2026,grants.gov,U.S. Mission to Tunisia,Annual Program Statement (APS) For Fiscal Year 2026,https://www.grants.gov/search-results-detail/362086,federal,10000,200000,,2026-05-06,forecasted,"Nonprofits that do not have a 501(c)(3) status with the IRS, other than institutions of higher education; State governments; Nonprofits having a 501(c)(3) status with the IRS, other than institutions of higher education; Private institutions of higher education; Others (see text field entitled ""Addi","Other (see text field entitled ""Explanation of Other Category of Funding Activity"" for clarification)",US,"  The Public Diplomacy Section (PDS) at U.S. Embassy Tunis invites  results-oriented proposals for programs  that foster economic opportunities for U.S. businesses and investors,  innovation collaboration,  showcase American leadership and excellence in science, technology, culture,&nbsp;the arts, sports, education, and English language, and strengthen ties between the United States and Tunisia in ways that make America safer, stronger, and more prosperous as we commemorate the 250 th  anniversary of U.S. independence (2026) and 230 years of U.S.-Tunisian friendship (2027).&nbsp;   
 All propo",2026-09-29,2026-09-29,41,fields 0/40 (no core); amount fits 20/20; no deadline (rolling) 10/15; geo 7/10; federal reporting burden 4/10,,
fp-5969ff8c87,funder-page,Weingart Foundation,apply page changed — review,https://weingartfnd.org/,private foundation,1056,100000,,2026-09-29,review,,weak fit,LA,Page content changed since 2026-09-29,2026-09-29,2026-09-29,55,funder apply page changed — open the link and review (not scored as an opportunity),,
ca-104013,grants.ca.gov,Wildlife Conservation Board,Land Acquisition 2025,https://wcb.ca.gov/Grants,state,,,,2025-04-22,active,Nonprofit; Public Agency; Tribal Government,Environment & Water,Statewide,The WCB acquires real property or rights in real property on behalf of the California Department of Fish and Wildlife (CDFW) and can also grant funds to other governmental entities or nonprofit organizations to acquire real property or rights in real property.,2026-09-29,2026-09-29,15,off-topic (land acquisition); fields 0/40,,
ca-83003,grants.ca.gov,Wildlife Conservation Board,Inland Wetlands Conservation,https://wcb.ca.gov/Grants,state,,,,2024-11-18,active,Nonprofit; Public Agency; Tribal Government,Environment & Water,Central Valley,"The Inland Wetlands Conservation Program (IWCP) was created to assist the Central Valley Joint Venture (CVJV) in its mission is to protect, restore, and enhance wetlands and associated habitats. The CVJV, a partnership of twenty two public and private organizations and agencies, has identified throu",2026-09-29,2026-09-29,28,fields 0/40 (no core); amount unknown 8/20; no deadline (rolling) 10/15; geo 3/10; burden 7/10,,
ca-83120,grants.ca.gov,Wildlife Conservation Board,Stream Flow Enhancement,https://wcb.ca.gov/Programs/Stream-Flow-Enhancement,state,,,,2024-11-19,active,Nonprofit; Public Agency; Tribal Government,Environment & Water,Statewide,"The Stream Flow Enhancement Program (SFEP) funds projects that enhance stream flows across the state of California. The SFEP defines enhanced streamflow to mean: a change in the amount, timing, and/or quality of water flowing down a stream, or a portion of a stream, to benefit fish and wildlife. ",2026-09-29,2026-09-29,35,fields 0/40 (no core); amount unknown 8/20; no deadline (rolling) 10/15; geo 10/10; burden 7/10,,
ca-83084,grants.ca.gov,Wildlife Conservation Board,Lower American River Conservancy Program,https://wcb.ca.gov/Programs/Lower-American-River,state,,,,2024-11-18,active,Nonprofit; Public Agency; Tribal Government,Environment & Water,Lower American River,"The Program was created to provide a state partner to work cooperatively with local agencies, particularly the County of Sacramento in its role as the manager of the American River Parkway (Parkway) and nonprofit organizations to help fund projects and provide grants to restore, enhance, interpret, ",2026-09-29,2026-09-29,15,off-topic (conservancy); fields 0/40,,
ca-83108,grants.ca.gov,Wildlife Conservation Board,Riparian Habitat Conservation,https://wcb.ca.gov/Programs/Riparian,state,,,,2024-11-19,active,Nonprofit; Public Agency; Tribal Government,Environment & Water,Statewide,The California Riparian Habitat Conservation Program (Program) is accepting concept proposals for projects that provide meaningful and sustainable improvements to riparian habitats.,2026-09-29,2026-09-29,35,fields 0/40 (no core); amount unknown 8/20; no deadline (rolling) 10/15; geo 10/10; burden 7/10,,
ca-83114,grants.ca.gov,Wildlife Conservation Board,San Joaquin River Conservancy,https://nrm.dfg.ca.gov/FileHandler.ashx?DocumentID=199421&inline,state,,,,2024-11-18,active,Nonprofit; Public Agency; Tribal Government,Environment & Water; Parks & Recreation,"The San Joaquin River Parkway, which is defined by state law as approximately 5,900 acres on both sides of a twenty-two-mile-long reach of the river between Friant Dam to the east and State Route 99 to the west, in Fresno and Madera Counties. ","The purpose of the SJRC is to create the San Joaquin River Parkway (Parkway) to preserve and enhance the river’s extraordinary biological diversity, protect its valued cultural and natural resources, and provide educational and recreational opportunities for local communities and visitors.",2026-09-29,2026-09-29,15,off-topic (conservancy); fields 0/40,,
ca-83087,grants.ca.gov,Wildlife Conservation Board,Public Access,https://wcb.ca.gov/Programs/Public-Access,state,,,,2024-11-18,active,Nonprofit; Public Agency; Tribal Government,Disadvantaged Communities; Parks & Recreation,Statewide,"Wildlife Conservation Board’s Public Access Program’s projects should focus on creating meaningful outdoor experiences for all Californians. Projects should provide public benefits, leverage funding to produce the greatest benefit, and provide access to natural and wild areas.",2026-09-29,2026-09-29,35,fields 0/40 (no core); amount unknown 8/20; no deadline (rolling) 10/15; geo 10/10; burden 7/10,,
ca-83081,grants.ca.gov,Wildlife Conservation Board,Desert Conservation Program,https://wcb.ca.gov/Programs/Desert,state,,,,2024-11-18,active,Nonprofit; Public Agency; Tribal Government,Environment & Water,Desert Conservation Program Boundary Map,"As a result of efforts undertaken by individuals and entities with a strong interest in protecting the Mojave and Colorado Deserts, Assembly Bill 1183, now known as the California Desert Conservation Act, was approved by Governor Gavin Newsom on September 28, 2021. Passage of the California Desert C",2026-09-29,2026-09-29,35,fields 0/40 (no core); amount unknown 8/20; no deadline (rolling) 10/15; geo 10/10; burden 7/10,,
ca-83054,grants.ca.gov,Wildlife Conservation Board,Monarch Butterfly and Pollinator Rescue,https://wcb.ca.gov/Grants,state,,,,2024-11-18,active,Nonprofit; Public Agency; Tribal Government,Environment & Water,Statewide,"The Monarch Butterfly and Pollinator Rescue Program was created by Assembly Bill 2421, and signed into law in 2018 becoming effective immediately. The Program was created for the purpose of recovering and sustaining populations of monarch butterflies and other pollinators. ",2026-09-29,2026-09-29,35,fields 0/40 (no core); amount unknown 8/20; no deadline (rolling) 10/15; geo 10/10; burden 7/10,,
ca-83012,grants.ca.gov,Wildlife Conservation Board,Wildlife Corridor and Fish Passage,https://wcb.ca.gov/Grants,state,,,,2024-11-18,active,Nonprofit; Public Agency; Tribal Government,"Disadvantaged Communities; Environment & Water; Science, Technology, and Research & Development; Transportation",Statewide,"The Program is seeking proposals for planning or implementation projects that construct, repair, modify, or remove transportation infrastructure or water resources infrastructure improving passage for wildlife or fish. Additional consideration will be given for projects that restore or enhance wildl",2026-09-29,2026-09-29,35,fields 0/40 (no core); amount unknown 8/20; no deadline (rolling) 10/15; geo 10/10; burden 7/10,,
ca-83009,grants.ca.gov,Wildlife Conservation Board,Forest Conservation,https://wcb.ca.gov/Grants,state,,,,2024-11-18,active,Nonprofit; Public Agency; Tribal Government,Environment & Water,Statewide,"The Forest Conservation Program supports planning, acquisition, and restoration projects throughout California’s forests, consistent with the Board's Strategic Plan.",2026-09-29,2026-09-29,15,off-topic (forest); fields 0/40,,
ca-83006,grants.ca.gov,Wildlife Conservation Board,Habitat Enhancement and Restoration,https://wcb.ca.gov/Grants,state,,,,2024-11-18,active,Nonprofit; Public Agency; Tribal Government,Environment & Water,Statewide,The purpose of this program is to provide assistance for the restoration and enhancement of fish and wildlife resources.,2026-09-29,2026-09-29,35,fields 0/40 (no core); amount unknown 8/20; no deadline (rolling) 10/15; geo 10/10; burden 7/10,,
ca-83000,grants.ca.gov,Wildlife Conservation Board,Regional Conservation Investment Strategies,https://wcb.ca.gov/Grants,state,,,,2024-11-18,active,Nonprofit; Public Agency; Tribal Government,"Disadvantaged Communities; Environment & Water; Science, Technology, and Research & Development",Statewide,WCB is seeking high-quality grant proposals for the development of RCIS's. CDFW's RCIS program encourages public agencies to develop regional conservation planning documents using the best available science to identify regional conservation priorities and other actions to help California’s species p,2026-09-29,2026-09-29,35,fields 0/40 (no core); amount unknown 8/20; no deadline (rolling) 10/15; geo 10/10; burden 7/10,,
ca-82967,grants.ca.gov,Wildlife Conservation Board,Oak Woodlands Conservation,https://wcb.ca.gov/Grants,state,,,,2024-11-18,active,Nonprofit; Public Agency; Tribal Government,Environment & Water,Statewide,"The Oak Woodlands Conservation Program offers landowners, conservation organizations, cities and counties, an opportunity to obtain funding for projects designed to conserve and restore California's oak woodlands. While the Program is statewide in nature, it provides opportunities to address oak woo",2026-09-29,2026-09-29,35,fields 0/40 (no core); amount unknown 8/20; no deadline (rolling) 10/15; geo 10/10; burden 7/10,,
ca-83018,grants.ca.gov,Wildlife Conservation Board,Climate Adaptation and Resiliency,https://wcb.ca.gov/Grants,state,,,,2024-11-18,active,Nonprofit; Public Agency; Tribal Government,Environment & Water,Statewide,"The Climate Adaptation and Resiliency Program was created by AB109, which amended the Budget Act of 2017 to provide local assistance through the Wildlife Conservation Board for conservation projects focusing on resilience to projected climate impacts.",2026-09-29,2026-09-29,15,off-topic (climate); fields 0/40,,
