funder,tax_year,schedule,recipient,recipient_ein,city,state,amount,amount_noncash,noncash_desc,purpose,source
The Annenberg Foundation,2024,990-PF-XV,THE WALLIS ANNENBERG LEGACY FOUNDATION,,PLAYA VISTA,CA,11603575,,,CHARITABLE MISSION AND PROGRAMS,https://projects.propublica.org/nonprofits/full_text/202543219349108909/IRS990PF
The Annenberg Foundation,2024,990-PF-XV,NATIONAL WILDLIFE FEDERATION,,RESTON,VA,4000000,,,WILDLIFE CROSSING INITIATIVE,https://projects.propublica.org/nonprofits/full_text/202543219349108909/IRS990PF
The Annenberg Foundation,2024,990-PF-XV,PHILADELPHIA ORCHESTRA ASSOCIATION,,PHILADELPHIA,PA,2680404,,,"ARTISTIC ENDEAVORS FUND, TOURING FUND, ED FUND AND TECH FUND",https://projects.propublica.org/nonprofits/full_text/202543219349108909/IRS990PF
The Annenberg Foundation,2024,990-PF-XV,ANIMAL WELLNESS FOUNDATION,,MARINA DEL REY,CA,2200000,,,DESIGN AND OPERATION OF THE DOG BLESS YOU DOGGY DAY CARE,https://projects.propublica.org/nonprofits/full_text/202543219349108909/IRS990PF
The Annenberg Foundation,2024,990-PF-XV,WALLIS ANNENBERG CENTER FOR THE PERFORMING ARTS,,BEVERLY HILLS,CA,1428572,,,THE WALLIS ARRIVES: A COMPREHENSIVE CAMPAIGN,https://projects.propublica.org/nonprofits/full_text/202543219349108909/IRS990PF
The Annenberg Foundation,2024,990-PF-XV,FALLEN JOURNALISTS MEMORIAL FOUNDATION,,VIENNA,VA,1300000,,,FALLEN JOURNALISTS MEMORIAL,https://projects.propublica.org/nonprofits/full_text/202543219349108909/IRS990PF
The Annenberg Foundation,2024,990-PF-XV,CEDARS-SINAI MEDICAL CENTER,,LOS ANGELES,CA,1166667,,,WOMEN'S LUNG CANCER INITIATIVE,https://projects.propublica.org/nonprofits/full_text/202543219349108909/IRS990PF
The Annenberg Foundation,2024,990-PF-XV,BROWN UNIVERSITY OF PROVIDENCE,,PROVIDENCE,RI,833333,,,LINDEMANN PERFORMING ARTS CENTER AT BROWN UNIVERSITY,https://projects.propublica.org/nonprofits/full_text/202543219349108909/IRS990PF
The Annenberg Foundation,2024,990-PF-XV,LOS ANGELES OPERA COMPANY,,LOS ANGELES,CA,750000,,,GENERAL PRODUCTION BUDGET,https://projects.propublica.org/nonprofits/full_text/202543219349108909/IRS990PF
The Annenberg Foundation,2024,990-PF-XV,UTAH FILM CENTER DBA SALT LAKE CITY FILM CENTER AND,,SALT LAKE CITY,UT,700000,,,TO SUPPORT THE 5TH EPISODE OF SOCIAL STUDIES,https://projects.propublica.org/nonprofits/full_text/202543219349108909/IRS990PF
The Annenberg Foundation,2024,990-PF-XV,GORILLA REHABILITATION AND CONSERVATION EDUCATION CENTER INC,,NIWOT,CO,425000,,,GENERAL OPERATING SUPPORT,https://projects.propublica.org/nonprofits/full_text/202543219349108909/IRS990PF
The Annenberg Foundation,2024,990-PF-XV,KATMAI CONSERVANCY,,ANCHORAGE,AK,402000,,,OTIS FUND 2024,https://projects.propublica.org/nonprofits/full_text/202543219349108909/IRS990PF
The Annenberg Foundation,2024,990-PF-XV,CASAPO,,LOS ANGELES,CA,351000,,,GENERAL OPERATING SUPPORT,https://projects.propublica.org/nonprofits/full_text/202543219349108909/IRS990PF
The Annenberg Foundation,2024,990-PF-XV,DREAMYARD PROJECT INC,,BRONX,NY,350000,,,GENERAL OPERATING SUPPORT,https://projects.propublica.org/nonprofits/full_text/202543219349108909/IRS990PF
The Annenberg Foundation,2024,990-PF-XV,MUSEUM ASSOCIATES,,LOS ANGELES,CA,340000,,,GENERAL OPERATING SUPPORT,https://projects.propublica.org/nonprofits/full_text/202543219349108909/IRS990PF
The Annenberg Foundation,2024,990-PF-XV,BREAST CANCER RESEARCH FOUNDATION INC,,NEW YORK,NY,333334,,,WOMENS CANCER RESEARCH FUND,https://projects.propublica.org/nonprofits/full_text/202543219349108909/IRS990PF
The Annenberg Foundation,2024,990-PF-XV,CEDARS-SINAI MEDICAL CENTER,,LOS ANGELES,CA,333333,,,NEUROLOGY PROJECT,https://projects.propublica.org/nonprofits/full_text/202543219349108909/IRS990PF
The Annenberg Foundation,2024,990-PF-XV,CITIZENS OF THE WORLD CHARTER SCHOOLS - LOS ANGELES,,LOS ANGELES,CA,333333,,,CWC SILVER LAKE MIDDLE SCHOOL CAPITAL CAMPAIGN,https://projects.propublica.org/nonprofits/full_text/202543219349108909/IRS990PF
The Annenberg Foundation,2024,990-PF-XV,CONSERVATION INTERNATIONAL FOUNDATION,,ARLINGTON,VA,300000,,,GENERAL OPERATIONS RAJA AMPAT AND RESHARK PROGRAMS,https://projects.propublica.org/nonprofits/full_text/202543219349108909/IRS990PF
The Annenberg Foundation,2024,990-PF-XV,ORANGUTAN FOUNDATION INTERNATIONAL,,LOS ANGELES,CA,300000,,,GENERAL OPERATING SUPPORT,https://projects.propublica.org/nonprofits/full_text/202543219349108909/IRS990PF
The Annenberg Foundation,2024,990-PF-XV,CLOONEY FOUNDATION FOR JUSTICE,,NEW YORK,NY,250000,,,GENERAL OPERATING SUPPORT,https://projects.propublica.org/nonprofits/full_text/202543219349108909/IRS990PF
The Annenberg Foundation,2024,990-PF-XV,DUKE UNIVERSITY,,DURHAM,NC,250000,,,JOEL FLEISCHMAN PROFESSORSHIP FUND IN THE SANFORD SCHOOL,https://projects.propublica.org/nonprofits/full_text/202543219349108909/IRS990PF
The Annenberg Foundation,2024,990-PF-XV,EAST COAST ASSISTANCE DOGS INC,,TORRINGTON,CT,250000,,,GENERAL OPERATING SUPPORT,https://projects.propublica.org/nonprofits/full_text/202543219349108909/IRS990PF
The Annenberg Foundation,2024,990-PF-XV,EVERYTOWN FOR GUN SAFETY SUPPORT FUND INC,,NEW YORK,NY,250000,,,GENERAL OPERATING SUPPORT,https://projects.propublica.org/nonprofits/full_text/202543219349108909/IRS990PF
The Annenberg Foundation,2024,990-PF-XV,NATIONAL AUDUBON SOCIETY INC,,NEW YORK,NY,250000,,,SEABIRD INSTITUTE AND ROWE SANCTUARY,https://projects.propublica.org/nonprofits/full_text/202543219349108909/IRS990PF
The Annenberg Foundation,2024,990-PF-XV,POLAR BEARS INTERNATIONAL,,BOZEMAN,MT,250000,,,GENERAL OPERATING SUPPORT,https://projects.propublica.org/nonprofits/full_text/202543219349108909/IRS990PF
The Annenberg Foundation,2024,990-PF-XV,UNIVERSITY OF SOUTHERN CALIFORNIA,,LOS ANGELES,CA,250000,,,SOCIOEMOTIONAL BENEFITS OF OPERA CHOIR FOR CHILDREN STUDY,https://projects.propublica.org/nonprofits/full_text/202543219349108909/IRS990PF
The Annenberg Foundation,2024,990-PF-XV,ENSEMBLE LES TALENS LYRIQUES,,PARIS,,221360,,,THE 2024- 2025 SEASON OF THE ENSEMBLE LES TALENS LYRIQUES,https://projects.propublica.org/nonprofits/full_text/202543219349108909/IRS990PF
The Annenberg Foundation,2024,990-PF-XV,ACTORS GANG INC,,CULVER CITY,CA,200000,,,GENERAL OPERATING SUPPORT,https://projects.propublica.org/nonprofits/full_text/202543219349108909/IRS990PF
The Annenberg Foundation,2024,990-PF-XV,DEMOCRACY NOW PRODUCTIONS INC,,NEW YORK,NY,200000,,,ADVOCACY WORK RELATED TO PROGRAMMING AREAS,https://projects.propublica.org/nonprofits/full_text/202543219349108909/IRS990PF
The Annenberg Foundation,2024,990-PF-XV,DIA CENTER FOR THE ARTS INC,,NEW YORK,NY,200000,,,GENERAL OPERATING SUPPORT,https://projects.propublica.org/nonprofits/full_text/202543219349108909/IRS990PF
The Annenberg Foundation,2024,990-PF-XV,HOLOCAUST MUSEUM LA,,LOS ANGELES,CA,200000,,,GROW ROOFTOP GARDEN A FEATURE OF BUILDING TRUTH,https://projects.propublica.org/nonprofits/full_text/202543219349108909/IRS990PF
The Annenberg Foundation,2024,990-PF-XV,KATMAI CONSERVANCY,,ANCHORAGE,AK,200000,,,GENERAL OPERATING SUPPORT AND THE OTIS FUND,https://projects.propublica.org/nonprofits/full_text/202543219349108909/IRS990PF
The Annenberg Foundation,2024,990-PF-XV,LOS ANGELES URBAN LEAGUE,,LOS ANGELES,CA,200000,,,GENERAL OPERATING SUPPORT,https://projects.propublica.org/nonprofits/full_text/202543219349108909/IRS990PF
The Annenberg Foundation,2024,990-PF-XV,MEDIA MATTERS FOR AMERICA,,WASHINGTON,DC,200000,,,GENERAL OPERATING SUPPORT,https://projects.propublica.org/nonprofits/full_text/202543219349108909/IRS990PF
The Annenberg Foundation,2024,990-PF-XV,METROPOLITAN OPERA ASSOCIATION INC,,NEW YORK,NY,200000,,,SATURDAY MATINEE RADIO BROADCASTS,https://projects.propublica.org/nonprofits/full_text/202543219349108909/IRS990PF
The Annenberg Foundation,2024,990-PF-XV,MPALA RESEARCH CENTRE,,NANYUKI,,200000,,,CHARITABLE MISSIONS AND PROGRAMMING OF THE MRC,https://projects.propublica.org/nonprofits/full_text/202543219349108909/IRS990PF
The Annenberg Foundation,2024,990-PF-XV,WALLIS ANNENBERG CENTER FOR THE PERFORMING ARTS,,BEVERLY HILLS,CA,200000,,,GROW @ THE WALLIS EDUCATION,https://projects.propublica.org/nonprofits/full_text/202543219349108909/IRS990PF
The Annenberg Foundation,2024,990-PF-XV,UNIVERSITY OF SOUTHERN CALIFORNIA,,LOS ANGELES,CA,175000,,,INCLUSION ACROSS THE LIFESPAN PROJECT AT USC ANNENBERG,https://projects.propublica.org/nonprofits/full_text/202543219349108909/IRS990PF
The Annenberg Foundation,2024,990-PF-XV,THE UCLA FOUNDATION,,LOS ANGELES,CA,166666,,,CENTER FOR EAST-WEST MEDICINE,https://projects.propublica.org/nonprofits/full_text/202543219349108909/IRS990PF
The Annenberg Foundation,2024,990-PF-XV,AMERICAN FRIENDS OF THE PARIS OPERA AND BALLET,,NEW YORK,NY,162514,,,PARIS OPERA JUNIOR COMPANY,https://projects.propublica.org/nonprofits/full_text/202543219349108909/IRS990PF
The Annenberg Foundation,2024,990-PF-XV,COMMUNITY PARTNERS,,LOS ANGELES,CA,160000,,,GENERAL OPERATING SUPPORT,https://projects.propublica.org/nonprofits/full_text/202543219349108909/IRS990PF
The Annenberg Foundation,2024,990-PF-XV,MAUI UNITED WAY INC,,WAILUKU,HI,156000,,,RECOMMENDS SUPPORT FOR MAUI BIOREMEDIATION GROUP,https://projects.propublica.org/nonprofits/full_text/202543219349108909/IRS990PF
The Annenberg Foundation,2024,990-PF-XV,COMMUNITY PARTNERS,,LOS ANGELES,CA,155000,,,LOS ANGELES COUNTY OFFICE OF FOOD EQUITY,https://projects.propublica.org/nonprofits/full_text/202543219349108909/IRS990PF
The Annenberg Foundation,2024,990-PF-XV,RAPTOR RESOURCE PROJECT,,DECORAH,IA,150000,,,GENERAL OPERATING SUPPORT,https://projects.propublica.org/nonprofits/full_text/202543219349108909/IRS990PF
The Annenberg Foundation,2024,990-PF-XV,THE ASPEN INSTITUTE INC,,WASHINGTON,DC,150000,,,ASPEN IDEAS FESTIVAL,https://projects.propublica.org/nonprofits/full_text/202543219349108909/IRS990PF
The Annenberg Foundation,2024,990-PF-XV,WOMEN MAKE MOVIES INC,,NEW YORK,NY,150000,,,ACTING LIKE WOMEN PROJECT,https://projects.propublica.org/nonprofits/full_text/202543219349108909/IRS990PF
The Annenberg Foundation,2024,990-PF-XV,WORLD MONUMENTS FUND INC,,NEW YORK,NY,133334,,,GOS AND PRESERVATION EFFORTS IN BEARS EARS NATIONAL MONUMENT,https://projects.propublica.org/nonprofits/full_text/202543219349108909/IRS990PF
The Annenberg Foundation,2024,990-PF-XV,AMERICAN FRIENDS OF THE NATIONAL GALLERY LONDON INC,,NEW YORK,NY,128309,,,TO SUPPORT THE DIRECTOR'S CIRCLE,https://projects.propublica.org/nonprofits/full_text/202543219349108909/IRS990PF
The Annenberg Foundation,2024,990-PF-XV,THE UCLA FOUNDATION,,LOS ANGELES,CA,127800,,,SALARY FOR THE COMMUNITY LIAISON OF THE WLI,https://projects.propublica.org/nonprofits/full_text/202543219349108909/IRS990PF
The Annenberg Foundation,2024,990-PF-XV,BARNARD COLLEGE,,NEW YORK,NY,125500,,,GROW ANNENBERG SCHOLARSHIP FUND AND GROW ANNENBERG ARTS INTERNSHIP FUND,https://projects.propublica.org/nonprofits/full_text/202543219349108909/IRS990PF
The Annenberg Foundation,2024,990-PF-XV,STANFORD UNIVERSITY,,STANFORD,CA,125000,,,STANFORD CENTER ON LONGEVITY,https://projects.propublica.org/nonprofits/full_text/202543219349108909/IRS990PF
The Annenberg Foundation,2024,990-PF-XV,THE ACTORS' FUND OF AMERICA,,NEW YORK,NY,125000,,,SUPPORT BRIDGE BETWEEN CICELY TYSON AND RITA MORENO BUILDINGS,https://projects.propublica.org/nonprofits/full_text/202543219349108909/IRS990PF
The Annenberg Foundation,2024,990-PF-XV,THE MAPLE COUNSELING CENTER,,LOS ANGELES,CA,125000,,,BRISKIN/WILDER CENTER FELLOWS,https://projects.propublica.org/nonprofits/full_text/202543219349108909/IRS990PF
The Annenberg Foundation,2024,990-PF-XV,UNIVERSITY OF SOUTHERN CALIFORNIA,,LOS ANGELES,CA,125000,,,THIRD SPACE THINKING,https://projects.propublica.org/nonprofits/full_text/202543219349108909/IRS990PF
The Annenberg Foundation,2024,990-PF-XV,MYRIAD USA INC,,NEW YORK,NY,113227,,,RECOMMENDS THAT GRANTS FUNDS BE USED TO SUPPORT OPERA FUOCO.,https://projects.propublica.org/nonprofits/full_text/202543219349108909/IRS990PF
The Annenberg Foundation,2024,990-PF-XV,REDFORD CENTER INC,,SAN FRANCISCO,CA,107000,,,LET THEM BE NAKED DOCUMENTARY,https://projects.propublica.org/nonprofits/full_text/202543219349108909/IRS990PF
The Annenberg Foundation,2024,990-PF-XV,THE UCLA FOUNDATION,,LOS ANGELES,CA,106500,,,DIVISION OF GEN INTERNAL MEDICINE AND HEALTH SERVICES RESEARCH,https://projects.propublica.org/nonprofits/full_text/202543219349108909/IRS990PF
The Annenberg Foundation,2024,990-PF-XV,SOLOMON R GUGGENHEIM FOUNDATION,,NEW YORK,NY,105000,,,GENERAL OPERATING SUPPORT,https://projects.propublica.org/nonprofits/full_text/202543219349108909/IRS990PF
The Annenberg Foundation,2024,990-PF-XV,FISCAL SPONSORSHIP ALLIES INC,,INDIANAPOLIS,IN,102890,,,TO SUPPORT THE EAST SIDE RIDERS BIKE CLUB,https://projects.propublica.org/nonprofits/full_text/202543219349108909/IRS990PF
The Annenberg Foundation,2024,990-PF-XV,AMERICAN CINEMATHEQUE,,LOS ANGELES,CA,100000,,,GENERAL OPERATING SUPPORT,https://projects.propublica.org/nonprofits/full_text/202543219349108909/IRS990PF
The Annenberg Foundation,2024,990-PF-XV,AMERICAN FRIENDS OF MAGEN DAVID ADOM,,NEW YORK,NY,100000,,,GENERAL OPERATING SUPPORT,https://projects.propublica.org/nonprofits/full_text/202543219349108909/IRS990PF
The Annenberg Foundation,2024,990-PF-XV,AMERICAN JOURNALISM PROJECT INC,,WASHINGTON,DC,100000,,,THE LOS ANGELES LOCAL NEWS INITIATIVE,https://projects.propublica.org/nonprofits/full_text/202543219349108909/IRS990PF
The Annenberg Foundation,2024,990-PF-XV,CALIFORNIA STATE UNIVERSITY LONG BEACH RESEARCH FOUNDATION,,LONG BEACH,CA,100000,,,SUPPORT UNIVERSITY RADIO STATION KJAZZ 88.1FM,https://projects.propublica.org/nonprofits/full_text/202543219349108909/IRS990PF
The Annenberg Foundation,2024,990-PF-XV,DUKE UNIVERSITY,,DURHAM,NC,100000,,,INNOVATION AND ENTREPRENEURSHIP FUQUA SCHOOL OF BUSINESS,https://projects.propublica.org/nonprofits/full_text/202543219349108909/IRS990PF
The Annenberg Foundation,2024,990-PF-XV,DUKE UNIVERSITY,,DURHAM,NC,100000,,,TRINITY COLLEGE OF ARTS AND SCIENCES PROGRAM II,https://projects.propublica.org/nonprofits/full_text/202543219349108909/IRS990PF
The Annenberg Foundation,2024,990-PF-XV,FREEDOM OF THE PRESS FOUNDATION,,SAN FRANCISCO,CA,100000,,,FREEDOM OF THE PRESS TRACKER SECURE DROP DIGITAL SECURITY,https://projects.propublica.org/nonprofits/full_text/202543219349108909/IRS990PF
The Annenberg Foundation,2024,990-PF-XV,GRANTMAKERS FOR EFFECTIVE ORGANIZATIONS,,WASHINGTON,DC,100000,,,GENERAL OPERATING SUPPORT,https://projects.propublica.org/nonprofits/full_text/202543219349108909/IRS990PF
The Annenberg Foundation,2024,990-PF-XV,HISPANIC SOCIETY OF AMERICA,,NEW YORK,NY,100000,,,GOYA RESEARCH CENTER THE 2028 REGO/GOYA EXHIBITION AND GOS,https://projects.propublica.org/nonprofits/full_text/202543219349108909/IRS990PF
The Annenberg Foundation,2024,990-PF-XV,JEWISH FEDERATION COUNCIL OF GREATER LOS ANGELES,,LOS ANGELES,CA,100000,,,GENERAL OPERATING SUPPORT,https://projects.propublica.org/nonprofits/full_text/202543219349108909/IRS990PF
The Annenberg Foundation,2024,990-PF-XV,LOS ANGELES PHILHARMONIC ASSOCIATION,,LOS ANGELES,CA,100000,,,2024-2025 SEASON,https://projects.propublica.org/nonprofits/full_text/202543219349108909/IRS990PF
The Annenberg Foundation,2024,990-PF-XV,MEDECINS SANS FRONTIERS USA INC,,NEW YORK,NY,100000,,,EMERGENCY RELIEF FUND,https://projects.propublica.org/nonprofits/full_text/202543219349108909/IRS990PF
The Annenberg Foundation,2024,990-PF-XV,MUSEUM OF MODERN ART,,NEW YORK,NY,100000,,,GENERAL OPERATING SUPPORT,https://projects.propublica.org/nonprofits/full_text/202543219349108909/IRS990PF
The Annenberg Foundation,2024,990-PF-XV,NAACP LEGAL DEFENSE AND EDUCATIONAL FUND INC,,NEW YORK,NY,100000,,,GENERAL OPERATING SUPPORT,https://projects.propublica.org/nonprofits/full_text/202543219349108909/IRS990PF
The Annenberg Foundation,2024,990-PF-XV,NATIONAL PARK FOUNDATION,,WASHINGTON,DC,100000,,,SAMO YOUTH PROGRAM,https://projects.propublica.org/nonprofits/full_text/202543219349108909/IRS990PF
The Annenberg Foundation,2024,990-PF-XV,OWENS VALLEY INDIAN WATER COMMISSION,,BISHOP,CA,100000,,,GENERAL OPERATING SUPPORT,https://projects.propublica.org/nonprofits/full_text/202543219349108909/IRS990PF
The Annenberg Foundation,2024,990-PF-XV,SOCIAL AND ENVIRONMENTAL ENTREPRENEURS INC,,CALABASAS,CA,100000,,,THE WILDLIFE CROSSING FUND,https://projects.propublica.org/nonprofits/full_text/202543219349108909/IRS990PF
The Annenberg Foundation,2024,990-PF-XV,SOUTHERN CALIFORNIA GRANTMAKERS,,LOS ANGELES,CA,100000,,,2024 ANNUAL CONFERENCE AND GENERAL OPERATING SUPPORT,https://projects.propublica.org/nonprofits/full_text/202543219349108909/IRS990PF
The Annenberg Foundation,2024,990-PF-XV,SOUTHERN POVERTY LAW CENTER INC,,MONTGOMERY,AL,100000,,,ROAD TO 60,https://projects.propublica.org/nonprofits/full_text/202543219349108909/IRS990PF
The Annenberg Foundation,2024,990-PF-XV,TAPROOT EARTH,,SLIDELL,LA,100000,,,GENERAL OPERATING SUPPORT,https://projects.propublica.org/nonprofits/full_text/202543219349108909/IRS990PF
The Annenberg Foundation,2024,990-PF-XV,THE METROPOLITAN MUSEUM OF ART,,NEW YORK,NY,100000,,,SARGENT AND PARIS EXHIBITION,https://projects.propublica.org/nonprofits/full_text/202543219349108909/IRS990PF
The Annenberg Foundation,2024,990-PF-XV,THE METROPOLITAN MUSEUM OF ART,,NEW YORK,NY,100000,,,GENERAL OPERATING SUPPORT,https://projects.propublica.org/nonprofits/full_text/202543219349108909/IRS990PF
The Annenberg Foundation,2024,990-PF-XV,THE WILD ANIMAL SANCTUARY A COLORADO NON-PROFIT CORPORATION,,KEENESBURG,CO,100000,,,GENERAL OPERATING SUPPORT,https://projects.propublica.org/nonprofits/full_text/202543219349108909/IRS990PF
The Annenberg Foundation,2024,990-PF-XV,UNEGA MOUNTAIN DOG RESCUE,,KETCHUM,ID,100000,,,GENERAL OPERATING SUPPORT,https://projects.propublica.org/nonprofits/full_text/202543219349108909/IRS990PF
The Annenberg Foundation,2024,990-PF-XV,UNITED WAY INC,,LOS ANGELES,CA,100000,,,WALKUNITED 2024,https://projects.propublica.org/nonprofits/full_text/202543219349108909/IRS990PF
The Annenberg Foundation,2024,990-PF-XV,UNIVERSITY OF SOUTHERN CALIFORNIA,,LOS ANGELES,CA,100000,,,FOR THE GROW @ ANNENBERG SCHOLARSHIP FUND,https://projects.propublica.org/nonprofits/full_text/202543219349108909/IRS990PF
The Annenberg Foundation,2024,990-PF-XV,VENTURA COUNTY COMMUNITY FOUNDATION,,CAMARILLO,CA,100000,,,VENTURA COUNTY WILDFIRE RELIEF AND RECOVERY FUND,https://projects.propublica.org/nonprofits/full_text/202543219349108909/IRS990PF
The Annenberg Foundation,2024,990-PF-XV,WILDLIFE CONSERVATION SOCIETY,,BRONX,NY,100000,,,GENERAL OPERATING SUPPORT,https://projects.propublica.org/nonprofits/full_text/202543219349108909/IRS990PF
The Annenberg Foundation,2024,990-PF-XV,WORLD MONUMENTS FUND INC,,NEW YORK,NY,100000,,,GENERAL OPERATING SUPPORT,https://projects.propublica.org/nonprofits/full_text/202543219349108909/IRS990PF
The Annenberg Foundation,2024,990-PF-XV,MISSION INVESTORS EXCHANGE INC,,NEW YORK,NY,85000,,,MIES 2024 NATIONAL CONFERENCE,https://projects.propublica.org/nonprofits/full_text/202543219349108909/IRS990PF
The Annenberg Foundation,2024,990-PF-XV,UNIVERSITY OF CALIFORNIA SANTA BARBARA,,SANTA BARBARA,CA,80000,,,ALLOSPHERE RESEARCH FACILITY,https://projects.propublica.org/nonprofits/full_text/202543219349108909/IRS990PF
The Annenberg Foundation,2024,990-PF-XV,ALLIANCE FOR A JUST SOCIETY,,SEATTLE,WA,75000,,,TO SUPPORT THE NATIVE ORGANIZERS ALLIANCE,https://projects.propublica.org/nonprofits/full_text/202543219349108909/IRS990PF
The Annenberg Foundation,2024,990-PF-XV,ALMA BACKYARD FARM,,LOS ANGELES,CA,75000,,,GENERAL OPERATING SUPPORT,https://projects.propublica.org/nonprofits/full_text/202543219349108909/IRS990PF
The Annenberg Foundation,2024,990-PF-XV,AMAZON FRONTLINES,,SAN FRANCISCO,CA,75000,,,GENERAL OPERATING SUPPORT,https://projects.propublica.org/nonprofits/full_text/202543219349108909/IRS990PF
The Annenberg Foundation,2024,990-PF-XV,COMMUNITY HOUSING COALITION OF MADISON COUNTY INC,,MARSHALL,NE,75000,,,GENERAL OPERATING SUPPORT,https://projects.propublica.org/nonprofits/full_text/202543219349108909/IRS990PF
The Annenberg Foundation,2024,990-PF-XV,CULTURAL SURVIVAL INC,,CAMBRIDGE,MA,75000,,,GENERAL OPERATING SUPPORT,https://projects.propublica.org/nonprofits/full_text/202543219349108909/IRS990PF
The Annenberg Foundation,2024,990-PF-XV,FRIENDS OF ANIM,,NEW YORK,NY,75000,,,GENERAL OPERATING SUPPORT,https://projects.propublica.org/nonprofits/full_text/202543219349108909/IRS990PF
The Annenberg Foundation,2024,990-PF-XV,HOUSTON AREA URBAN LEAGUE INC,,HOUSTON,TX,75000,,,GENERAL OPERATING SUPPORT,https://projects.propublica.org/nonprofits/full_text/202543219349108909/IRS990PF
The Annenberg Foundation,2024,990-PF-XV,MARCH ON MARYLAND INC,,SEVERNA PARK,MD,75000,,,FUTURE COALITION,https://projects.propublica.org/nonprofits/full_text/202543219349108909/IRS990PF
The Annenberg Foundation,2024,990-PF-XV,MARINE MAMMAL CARE CENTER LOS ANGELES,,SAN PEDRO,CA,75000,,,GENERAL OPERATING SUPPORT,https://projects.propublica.org/nonprofits/full_text/202543219349108909/IRS990PF
The Annenberg Foundation,2024,990-PF-XV,MICHIGAN LEAGUE OF CONSERVATION VOTERS EDUCATION FUND,,ANN ARBOR,MI,75000,,,GENERAL OPERATING SUPPORT,https://projects.propublica.org/nonprofits/full_text/202543219349108909/IRS990PF
The Annenberg Foundation,2024,990-PF-XV,MUSEUM OF MODERN ART,,NEW YORK,NY,75000,,,GENERAL OPERATING SUPPORT,https://projects.propublica.org/nonprofits/full_text/202543219349108909/IRS990PF
The Annenberg Foundation,2024,990-PF-XV,NATIONAL DISASTER SEARCH DOG FOUNDATION INC,,SANTA PAULA,CA,75000,,,GENERAL OPERATING SUPPORT,https://projects.propublica.org/nonprofits/full_text/202543219349108909/IRS990PF
The Annenberg Foundation,2024,990-PF-XV,NATIVE CONSERVANCY,,CORDOVA,AK,75000,,,GENERAL OPERATING SUPPORT,https://projects.propublica.org/nonprofits/full_text/202543219349108909/IRS990PF
The Annenberg Foundation,2024,990-PF-XV,ROCK THE VOTE,,WASHINGTON,DC,75000,,,GENERAL OPERATING SUPPORT,https://projects.propublica.org/nonprofits/full_text/202543219349108909/IRS990PF
The Annenberg Foundation,2024,990-PF-XV,THE LAND CONSERVANCY OF SAN LUIS OBISPO COUNTY,,SAN LUIS OBISPO,CA,75000,,,GENERAL OPERATING SUPPORT,https://projects.propublica.org/nonprofits/full_text/202543219349108909/IRS990PF
The Annenberg Foundation,2024,990-PF-XV,VENTURA COUNTY COMMUNITY FOUNDATION,,CAMARILLO,CA,75000,,,GENERAL OPERATING SUPPORT,https://projects.propublica.org/nonprofits/full_text/202543219349108909/IRS990PF
The Annenberg Foundation,2024,990-PF-XV,ANIMAL SAMARITANS,,THOUSAND PALMS,CA,70000,,,GENERAL OPERATING SUPPORT,https://projects.propublica.org/nonprofits/full_text/202543219349108909/IRS990PF
The Annenberg Foundation,2024,990-PF-XV,BROWN UNIVERSITY OF PROVIDENCE,,PROVIDENCE,RI,70000,,,GENERAL OPERATING SUPPORT,https://projects.propublica.org/nonprofits/full_text/202543219349108909/IRS990PF
The Annenberg Foundation,2024,990-PF-XV,MUSICARES FOUNDATION INC,,SANTA MONICA,CA,70000,,,GENERAL OPERATING SUPPORT,https://projects.propublica.org/nonprofits/full_text/202543219349108909/IRS990PF
The Annenberg Foundation,2024,990-PF-XV,INSTITUT CURIE,,PARIS,,67625,,,RESEARCH IN PEDIATRIC ONCOLOGY,https://projects.propublica.org/nonprofits/full_text/202543219349108909/IRS990PF
The Annenberg Foundation,2024,990-PF-XV,WEIDENFELD-HOFFMANN TRUST,,OXFORD,,65300,,,WEIDENFELD SCHOLARSHIPS AND LEADERSHIP PROGRAMME,https://projects.propublica.org/nonprofits/full_text/202543219349108909/IRS990PF
The Annenberg Foundation,2024,990-PF-XV,FRIENDS OF THE INYO,,BISHOP,CA,63333,,,PAYAHUUNADU WATER JUSTICE GROUP,https://projects.propublica.org/nonprofits/full_text/202543219349108909/IRS990PF
The Annenberg Foundation,2024,990-PF-XV,HIGH ATLAS FOUNDATION,,NEW YORK,NY,62500,,,GENERAL OPERATING SUPPORT,https://projects.propublica.org/nonprofits/full_text/202543219349108909/IRS990PF
The Annenberg Foundation,2024,990-PF-XV,BUTLER COUNTY COMMUNITY COLLEGE EDUCATION FOUNDATION,,BUTLER,PA,60000,,,MICHAEL T. FITZ 00 EXPLORE.ORG SCHOLARSHIP,https://projects.propublica.org/nonprofits/full_text/202543219349108909/IRS990PF
The Annenberg Foundation,2024,990-PF-XV,LOS ANGELES FIRE DEPARTMENT FOUNDATION,,LOS ANGELES,CA,60000,,,STORM EQUIPMENT AND PURCHASE OF SHALLOW SWIFT WATER BOATS,https://projects.propublica.org/nonprofits/full_text/202543219349108909/IRS990PF
The Annenberg Foundation,2024,990-PF-XV,PACIFIC JAZZ ORCHESTRA,,BEVERLY HILLS,CA,60000,,,GENERAL OPERATING SUPPORT,https://projects.propublica.org/nonprofits/full_text/202543219349108909/IRS990PF
The Annenberg Foundation,2024,990-PF-XV,STEM TO THE FUTURE,,LOS ANGELES,CA,60000,,,GENERAL OPERATING SUPPORT,https://projects.propublica.org/nonprofits/full_text/202543219349108909/IRS990PF
The Annenberg Foundation,2024,990-PF-XV,THE FRIENDSHIP HOUSE ASSOCIATION OF AMERICAN INDIANS,,SAN FRANCISCO,CA,60000,,,GENERAL OPERATING SUPPORT,https://projects.propublica.org/nonprofits/full_text/202543219349108909/IRS990PF
The Annenberg Foundation,2024,990-PF-XV,WASHINGTON TENNIS AND EDUCATION,,WASHINGTON,DC,60000,,,GENERAL OPERATING SUPPORT,https://projects.propublica.org/nonprofits/full_text/202543219349108909/IRS990PF
The Annenberg Foundation,2024,990-PF-XV,AMERICAN LIBRARY IN PARIS INC,,PARIS,,55945,,,FOR GROW @ ANNENBERG EVENING WITH AN AUTHOR SERIES,https://projects.propublica.org/nonprofits/full_text/202543219349108909/IRS990PF
The Annenberg Foundation,2024,990-PF-XV,FRIENDSHIP LUXEMBOURG ASBL,,LUXEMBOURG,,55945,,,THE CHARITABLE MISSION OF FRIENDSHIP LUXEMBOURG ASBL,https://projects.propublica.org/nonprofits/full_text/202543219349108909/IRS990PF
The Annenberg Foundation,2024,990-PF-XV,LOS ANGELES CLEANTECH INCUBATOR,,LOS ANGELES,CA,55000,,,GENERAL OPERATING SUPPORT,https://projects.propublica.org/nonprofits/full_text/202543219349108909/IRS990PF
The Annenberg Foundation,2024,990-PF-XV,826LA,,LOS ANGELES,CA,50000,,,GENERAL OPERATING SUPPORT,https://projects.propublica.org/nonprofits/full_text/202543219349108909/IRS990PF
The Annenberg Foundation,2024,990-PF-XV,AFFORDABLE LIVING FOR THE AGING,,WEST HOLLYWOOD,CA,50000,,,GENERAL OPERATING SUPPORT,https://projects.propublica.org/nonprofits/full_text/202543219349108909/IRS990PF
The Annenberg Foundation,2024,990-PF-XV,AMERICAN ASSOCIATES OF THE NATIONAL THEATRE INC,,NEW YORK,NY,50000,,,NATIONAL THEATER LIVE AT WACPA,https://projects.propublica.org/nonprofits/full_text/202543219349108909/IRS990PF
The Annenberg Foundation,2024,990-PF-XV,ASIAN AND PACIFIC ISLANDER AMERICAN VOTE - MICHIGAN,,HAMTRAMCK,MI,50000,,,GENERAL OPERATING SUPPORT,https://projects.propublica.org/nonprofits/full_text/202543219349108909/IRS990PF
The Annenberg Foundation,2024,990-PF-XV,BERKLEE COLLEGE OF MUSIC INC,,BOSTON,MA,50000,,,BERKLEE COLLEGE OF MUSIC CAMPUS IN SPAIN,https://projects.propublica.org/nonprofits/full_text/202543219349108909/IRS990PF
The Annenberg Foundation,2024,990-PF-XV,BODY TRAFFIC,,LOS ANGELES,CA,50000,,,GENERAL OPERATING SUPPORT,https://projects.propublica.org/nonprofits/full_text/202543219349108909/IRS990PF
The Annenberg Foundation,2024,990-PF-XV,BOYS AND GIRLS CLUBS OF METRO LOS ANGELES,,LOS ANGELES,CA,50000,,,SAFE PASSAGE TRANSPORTATION PROGRAM,https://projects.propublica.org/nonprofits/full_text/202543219349108909/IRS990PF
The Annenberg Foundation,2024,990-PF-XV,CALIFORNIA COMMUNITY FOUNDATION,,LOS ANGELES,CA,50000,,,LA N SYNC,https://projects.propublica.org/nonprofits/full_text/202543219349108909/IRS990PF
The Annenberg Foundation,2024,990-PF-XV,CALIFORNIA SCIENCE CENTER FOUNDATION,,LOS ANGELES,CA,50000,,,ENDEAVORLA CAMPAIGN,https://projects.propublica.org/nonprofits/full_text/202543219349108909/IRS990PF
The Annenberg Foundation,2024,990-PF-XV,CANCER SUPPORT COMMUNITY LOS ANGELES,,LOS ANGELES,CA,50000,,,GENERAL OPERATING SUPPORT,https://projects.propublica.org/nonprofits/full_text/202543219349108909/IRS990PF
The Annenberg Foundation,2024,990-PF-XV,CCF COMMUNITY INITIATIVES FUND,,LOS ANGELES,CA,50000,,,LA PARTNERSHIPS DOULA HUB FUNDING,https://projects.propublica.org/nonprofits/full_text/202543219349108909/IRS990PF
The Annenberg Foundation,2024,990-PF-XV,CENTER FOR NON-VIOLENT EDUCATION AND PARENTING,,LOS ANGELES,CA,50000,,,GENERAL OPERATING SUPPORT,https://projects.propublica.org/nonprofits/full_text/202543219349108909/IRS990PF
The Annenberg Foundation,2024,990-PF-XV,CHESAPEAKE CONSERVANCY INC,,ANNAPOLIS,MD,50000,,,GENERAL OPERATING SUPPORT,https://projects.propublica.org/nonprofits/full_text/202543219349108909/IRS990PF
The Annenberg Foundation,2024,990-PF-XV,CHILD AND FAMILY CENTER,,SANTA CLARITA,CA,50000,,,DOMESTIC VIOLENCE SERVICES,https://projects.propublica.org/nonprofits/full_text/202543219349108909/IRS990PF
The Annenberg Foundation,2024,990-PF-XV,CHILD DEVELOPMENT INSTITUTE,,RESEDA,CA,50000,,,GENERAL OPERATING SUPPORT,https://projects.propublica.org/nonprofits/full_text/202543219349108909/IRS990PF
The Annenberg Foundation,2024,990-PF-XV,CHILDRENS HOSPITAL LOS ANGELES,,LOS ANGELES,CA,50000,,,GOFARR FUND KIDNEY RESEARCH,https://projects.propublica.org/nonprofits/full_text/202543219349108909/IRS990PF
The Annenberg Foundation,2024,990-PF-XV,CITY YEAR INC,,BOSTON,MA,50000,,,CITY YEAR LOS ANGELES,https://projects.propublica.org/nonprofits/full_text/202543219349108909/IRS990PF
The Annenberg Foundation,2024,990-PF-XV,COMMON THREADS,,AUSTIN,TX,50000,,,COMMON THREADS PROGRAMMING IN LOS ANGELES,https://projects.propublica.org/nonprofits/full_text/202543219349108909/IRS990PF
The Annenberg Foundation,2024,990-PF-XV,COMMUNITY COALITION FOR SUBSTANCE ABUSE PREVENTION AND TREATMENT,,LOS ANGELES,CA,50000,,,NATIONAL COMMUNITY ORGANIZING FELLOWSHIP,https://projects.propublica.org/nonprofits/full_text/202543219349108909/IRS990PF
The Annenberg Foundation,2024,990-PF-XV,COMMUNITY PARTNERS,,LOS ANGELES,CA,50000,,,LOS ANGELES FOOD POLICY COUNCIL,https://projects.propublica.org/nonprofits/full_text/202543219349108909/IRS990PF
The Annenberg Foundation,2024,990-PF-XV,COUNT MI VOTE EDUCATION FUND,,LANSING,MI,50000,,,GENERAL OPERATING SUPPORT,https://projects.propublica.org/nonprofits/full_text/202543219349108909/IRS990PF
The Annenberg Foundation,2024,990-PF-XV,DEBBIE ALLEN DANCE INC,,LOS ANGELES,CA,50000,,,GENERAL OPERATING SUPPORT,https://projects.propublica.org/nonprofits/full_text/202543219349108909/IRS990PF
The Annenberg Foundation,2024,990-PF-XV,DOOR OF HOPE,,PASADENA,CA,50000,,,GENERAL OPERATING SUPPORT,https://projects.propublica.org/nonprofits/full_text/202543219349108909/IRS990PF
The Annenberg Foundation,2024,990-PF-XV,DOWNTOWN WOMENS CENTER,,LOS ANGELES,CA,50000,,,GENERAL OPERATING SUPPORT,https://projects.propublica.org/nonprofits/full_text/202543219349108909/IRS990PF
The Annenberg Foundation,2024,990-PF-XV,DUKE UNIVERSITY,,DURHAM,NC,50000,,,DIRECTOR OF THE CANINE COGNITION CENTER DISCRETIONARY FUND,https://projects.propublica.org/nonprofits/full_text/202543219349108909/IRS990PF
The Annenberg Foundation,2024,990-PF-XV,DUKE UNIVERSITY,,DURHAM,NC,50000,,,DEMAN THE DUKE ENTERTAINMENT MEDIA AND ARTS NETWORK,https://projects.propublica.org/nonprofits/full_text/202543219349108909/IRS990PF
The Annenberg Foundation,2024,990-PF-XV,EARTHLODGE CENTER FOR TRANSFORMATION,,LONG BEACH,CA,50000,,,GENERAL OPERATING SUPPORT,https://projects.propublica.org/nonprofits/full_text/202543219349108909/IRS990PF
The Annenberg Foundation,2024,990-PF-XV,EDUCARE FOUNDATION,,VAN NUYS,CA,50000,,,GENERAL OPERATING SUPPORT,https://projects.propublica.org/nonprofits/full_text/202543219349108909/IRS990PF
The Annenberg Foundation,2024,990-PF-XV,END GUN VIOLENCE MICHIGAN,,ANN ARBOR,MI,50000,,,GENERAL OPERATING SUPPORT,https://projects.propublica.org/nonprofits/full_text/202543219349108909/IRS990PF
The Annenberg Foundation,2024,990-PF-XV,FAMILY SERVICE ASSOCIATION OF REDLANDS,,REDLANDS,CA,50000,,,GENERAL OPERATING SUPPORT,https://projects.propublica.org/nonprofits/full_text/202543219349108909/IRS990PF
The Annenberg Foundation,2024,990-PF-XV,FII - NATIONAL,,OAKLAND,CA,50000,,,GENERAL OPERATING SUPPORT,https://projects.propublica.org/nonprofits/full_text/202543219349108909/IRS990PF
The Annenberg Foundation,2024,990-PF-XV,FIRST STAR INC,,LOS ANGELES,CA,50000,,,LOS ANGELES AND SAN BERNARDINO ACADEMIES,https://projects.propublica.org/nonprofits/full_text/202543219349108909/IRS990PF
The Annenberg Foundation,2024,990-PF-XV,HEART OF LOS ANGELES YOUTH INC,,LOS ANGELES,CA,50000,,,GENERAL OPERATING SUPPORT,https://projects.propublica.org/nonprofits/full_text/202543219349108909/IRS990PF
The Annenberg Foundation,2024,990-PF-XV,HERBIE HANCOCK INSTITUTE OF JAZZ,,WASHINGTON,DC,50000,,,INTERNATIONAL JAZZ DAY 2024,https://projects.propublica.org/nonprofits/full_text/202543219349108909/IRS990PF
The Annenberg Foundation,2024,990-PF-XV,HOLLYWOOD FOOD COALITION,,LOS ANGELES,CA,50000,,,GENERAL OPERATING SUPPORT,https://projects.propublica.org/nonprofits/full_text/202543219349108909/IRS990PF
The Annenberg Foundation,2024,990-PF-XV,HUNGER ACTION LOS ANGELES,,LOS ANGELES,CA,50000,,,GENERAL OPERATING SUPPORT,https://projects.propublica.org/nonprofits/full_text/202543219349108909/IRS990PF
The Annenberg Foundation,2024,990-PF-XV,INTER-TRIBAL COUNCIL OF NEVADA INCORPORATED,,RENO,NV,50000,,,GENERAL OPERATING SUPPORT,https://projects.propublica.org/nonprofits/full_text/202543219349108909/IRS990PF
The Annenberg Foundation,2024,990-PF-XV,J PAUL GETTY TRUST,,LOS ANGELES,CA,50000,,,DISEGNO GROUP AND PST ART AND SCIENCE COLLIDE,https://projects.propublica.org/nonprofits/full_text/202543219349108909/IRS990PF
The Annenberg Foundation,2024,990-PF-XV,KEHILLAT ISRAEL RECONSTRUCTIONIST CONGREGATION OF PACIFIC PALISADES,,PACIFIC PALISADES,CA,50000,,,DISCRETIONARY FUND FOR THE CANTOR AT KEHILLAT ISRAEL,https://projects.propublica.org/nonprofits/full_text/202543219349108909/IRS990PF
The Annenberg Foundation,2024,990-PF-XV,KIDS IN THE SPOTLIGHT INC,,BURBANK,CA,50000,,,GENERAL OPERATING SUPPORT,https://projects.propublica.org/nonprofits/full_text/202543219349108909/IRS990PF
The Annenberg Foundation,2024,990-PF-XV,KITTEN RESCUE,,LOS ANGELES,CA,50000,,,GENERAL OPERATING SUPPORT,https://projects.propublica.org/nonprofits/full_text/202543219349108909/IRS990PF
The Annenberg Foundation,2024,990-PF-XV,KOUNKUEY DESIGN INITIATIVE INC,,LOS ANGELES,CA,50000,,,GENERAL OPERATING SUPPORT,https://projects.propublica.org/nonprofits/full_text/202543219349108909/IRS990PF
The Annenberg Foundation,2024,990-PF-XV,LEGACY LA YOUTH DEVELOPMENT CORPORATION,,LOS ANGELES,CA,50000,,,MENTAL HEALTH PROGRAMS IN RAMONA GARDENS AND BOYLE HEIGHTS,https://projects.propublica.org/nonprofits/full_text/202543219349108909/IRS990PF
The Annenberg Foundation,2024,990-PF-XV,LIBERTY HILL FOUNDATION,,LOS ANGELES,CA,50000,,,ENVIRONMENT AND CLIMATE JUSTICE PROGRAMS,https://projects.propublica.org/nonprofits/full_text/202543219349108909/IRS990PF
The Annenberg Foundation,2024,990-PF-XV,LOS ANGELES CONSERVANCY,,LOS ANGELES,CA,50000,,,LINDA DISHMAN LEGACY FUND LAND USE SOLUTIONS AND GOS,https://projects.propublica.org/nonprofits/full_text/202543219349108909/IRS990PF
The Annenberg Foundation,2024,990-PF-XV,LOS ANGELES FIRE DEPARTMENT FOUNDATION,,LOS ANGELES,CA,50000,,,HYDRATION BACKPACKS AND FIRE SHELTERS,https://projects.propublica.org/nonprofits/full_text/202543219349108909/IRS990PF
The Annenberg Foundation,2024,990-PF-XV,LOVING HANDS COMMUNITY CARE INC,,LOS ANGELES,CA,50000,,,GENERAL OPERATING SUPPORT,https://projects.propublica.org/nonprofits/full_text/202543219349108909/IRS990PF
The Annenberg Foundation,2024,990-PF-XV,MARINE MAMMAL CENTER,,SAUSALITO,CA,50000,,,EMERGENCY RESPONSE TO THE DOMOIC ACID CRISIS,https://projects.propublica.org/nonprofits/full_text/202543219349108909/IRS990PF
The Annenberg Foundation,2024,990-PF-XV,MARIPOSA WOMEN AND FAMILY CENTER,,ORANGE,CA,50000,,,GENERAL OPERATING SUPPORT,https://projects.propublica.org/nonprofits/full_text/202543219349108909/IRS990PF
The Annenberg Foundation,2024,990-PF-XV,MEALS ON WHEELS OF LONG BEACH INC,,LONG BEACH,CA,50000,,,GENERAL OPERATING SUPPORT,https://projects.propublica.org/nonprofits/full_text/202543219349108909/IRS990PF
The Annenberg Foundation,2024,990-PF-XV,MEND- MEET EACH NEED WITH DIGNITY,,PACOIMA,CA,50000,,,GENERAL OPERATING SUPPORT,https://projects.propublica.org/nonprofits/full_text/202543219349108909/IRS990PF
The Annenberg Foundation,2024,990-PF-XV,MUSE-IQUE,,PASADENA,CA,50000,,,GENERAL OPERATING SUPPORT,https://projects.propublica.org/nonprofits/full_text/202543219349108909/IRS990PF
The Annenberg Foundation,2024,990-PF-XV,MUSIC MENDS MINDS INC,,LOS ANGELES,CA,50000,,,GENERAL OPERATING SUPPORT,https://projects.propublica.org/nonprofits/full_text/202543219349108909/IRS990PF
The Annenberg Foundation,2024,990-PF-XV,NATIONAL FOSTER YOUTH INSTITUTE,,WASHINGTON,DC,50000,,,LOS ANGELES INTERNSHIP PROGRAMMING,https://projects.propublica.org/nonprofits/full_text/202543219349108909/IRS990PF
The Annenberg Foundation,2024,990-PF-XV,NATIVE AMERICAN LAND CONSERVANCY,,BANNING,CA,50000,,,GENERAL OPERATING SUPPORT,https://projects.propublica.org/nonprofits/full_text/202543219349108909/IRS990PF
The Annenberg Foundation,2024,990-PF-XV,NEWS LITERACY PROJECT INC,,WASHINGTON,DC,50000,,,COLLABORATION WITH THE USC AND LAUSD,https://projects.propublica.org/nonprofits/full_text/202543219349108909/IRS990PF
The Annenberg Foundation,2024,990-PF-XV,OFICINA LEGAL DEL PUEBLO UNIDO INC,,AUSTIN,TX,50000,,,VOTING RIGHTS PROGRAM,https://projects.propublica.org/nonprofits/full_text/202543219349108909/IRS990PF
The Annenberg Foundation,2024,990-PF-XV,ORANGE COUNTY FIRE AUTHORITY FOUNDATION,,IRVINE,CA,50000,,,WILDLAND PERSONAL PROTECTIVE EQUIPMENT AND FIRE SHELTERS,https://projects.propublica.org/nonprofits/full_text/202543219349108909/IRS990PF
The Annenberg Foundation,2024,990-PF-XV,PARA LOS NINOS,,LOS ANGELES,CA,50000,,,SKID ROW COLLABORATIVE,https://projects.propublica.org/nonprofits/full_text/202543219349108909/IRS990PF
The Annenberg Foundation,2024,990-PF-XV,PLANNED PARENTHOOD FEDERATION OF,,NEW YORK,NY,50000,,,GENERAL OPERATING SUPPORT,https://projects.propublica.org/nonprofits/full_text/202543219349108909/IRS990PF
The Annenberg Foundation,2024,990-PF-XV,PROJECT HOPE ALLIANCE,,COSTA MESA,CA,50000,,,GENERAL OPERATING SUPPORT,https://projects.propublica.org/nonprofits/full_text/202543219349108909/IRS990PF
The Annenberg Foundation,2024,990-PF-XV,PROMOTE THE VOTE FUND,,LANSING,MI,50000,,,GENERAL OPERATING SUPPORT,https://projects.propublica.org/nonprofits/full_text/202543219349108909/IRS990PF
The Annenberg Foundation,2024,990-PF-XV,PROYECTO PASTORAL,,LOS ANGELES,CA,50000,,,GENERAL OPERATING SUPPORT,https://projects.propublica.org/nonprofits/full_text/202543219349108909/IRS990PF
The Annenberg Foundation,2024,990-PF-XV,PUEBLO UNIDO CDC,,LA QUINTA,CA,50000,,,GENERAL OPERATING SUPPORT,https://projects.propublica.org/nonprofits/full_text/202543219349108909/IRS990PF
The Annenberg Foundation,2024,990-PF-XV,SAM FIRST,,LOS ANGELES,CA,50000,,,GENERAL OPERATING SUPPORT,https://projects.propublica.org/nonprofits/full_text/202543219349108909/IRS990PF
The Annenberg Foundation,2024,990-PF-XV,SAN DIEGO MUSEUM OF ART,,SAN DIEGO,CA,50000,,,GENERAL OPERATING SUPPORT,https://projects.propublica.org/nonprofits/full_text/202543219349108909/IRS990PF
The Annenberg Foundation,2024,990-PF-XV,SANTA CATALINA SCHOOL,,MONTEREY,CA,50000,,,TUITION ASSISTANCE PROGRAM,https://projects.propublica.org/nonprofits/full_text/202543219349108909/IRS990PF
The Annenberg Foundation,2024,990-PF-XV,SCHOOL ON WHEELS INC,,VENTURA,CA,50000,,,SKID ROW LEARNING CENTER,https://projects.propublica.org/nonprofits/full_text/202543219349108909/IRS990PF
The Annenberg Foundation,2024,990-PF-XV,SHANTI ORANGE COUNTY,,LAGUNA HILLS,CA,50000,,,GENERAL OPERATING SUPPORT,https://projects.propublica.org/nonprofits/full_text/202543219349108909/IRS990PF
The Annenberg Foundation,2024,990-PF-XV,SISTERS OF WATTS,,PALMDALE,CA,50000,,,GENERAL OPERATING SUPPORT,https://projects.propublica.org/nonprofits/full_text/202543219349108909/IRS990PF
The Annenberg Foundation,2024,990-PF-XV,SKIRBALL CULTURAL CENTER,,LOS ANGELES,CA,50000,,,DIANE VON FURSTENBERG: WOMAN BEFORE FASHION EXHIBITION,https://projects.propublica.org/nonprofits/full_text/202543219349108909/IRS990PF
The Annenberg Foundation,2024,990-PF-XV,SOUTHERN CALIFORNIA CENTER FOR NONPROFIT MANAGEMENT,,LOS ANGELES,CA,50000,,,SOCIAL IMPACT SECTOR SUMMIT,https://projects.propublica.org/nonprofits/full_text/202543219349108909/IRS990PF
The Annenberg Foundation,2024,990-PF-XV,ST BERNARD PROJECT INC,,NEW ORLEANS,LA,50000,,,HURRICANE HELENE AND HURRICANE MILTON RELIEF,https://projects.propublica.org/nonprofits/full_text/202543219349108909/IRS990PF
The Annenberg Foundation,2024,990-PF-XV,ST FRANCIS CENTER,,LOS ANGELES,CA,50000,,,GENERAL OPERATING SUPPORT,https://projects.propublica.org/nonprofits/full_text/202543219349108909/IRS990PF
The Annenberg Foundation,2024,990-PF-XV,STRIVE FOUNDATION,,LOS ANGELES,CA,50000,,,GENERAL OPERATING SUPPORT,https://projects.propublica.org/nonprofits/full_text/202543219349108909/IRS990PF
The Annenberg Foundation,2024,990-PF-XV,SUSTAINABLE ECONOMIC ENTERPRISES OF LOS ANGELES,,LOS ANGELES,CA,50000,,,GENERAL OPERATING SUPPORT,https://projects.propublica.org/nonprofits/full_text/202543219349108909/IRS990PF
The Annenberg Foundation,2024,990-PF-XV,THE COMMUNITY FOUNDATION OF WESTERN NORTH CAROLINA INC,,ASHEVILLE,NC,50000,,,EMERGENCY AND DISASTER RESPONSE FUND,https://projects.propublica.org/nonprofits/full_text/202543219349108909/IRS990PF
The Annenberg Foundation,2024,990-PF-XV,THE FILM COLLABORATIVE INC,,LOS ANGELES,CA,50000,,,BREAKWATER STUDIOS LLC DOCUMENTARY FILM SERIES: ANGELS,https://projects.propublica.org/nonprofits/full_text/202543219349108909/IRS990PF
The Annenberg Foundation,2024,990-PF-XV,THE LIVING DESERT,,PALM DESERT,CA,50000,,,WILDLIFE CONFISCATION RESCUE PROGRAM,https://projects.propublica.org/nonprofits/full_text/202543219349108909/IRS990PF
The Annenberg Foundation,2024,990-PF-XV,THE MILKEN INSTITUTE,,SANTA MONICA,CA,50000,,,THE MILKEN INSTITUTE CENTER FOR THE FUTURE OF AGING,https://projects.propublica.org/nonprofits/full_text/202543219349108909/IRS990PF
The Annenberg Foundation,2024,990-PF-XV,THE PLUS ME PROJECT,,LOS ANGELES,CA,50000,,,GENERAL OPERATING SUPPORT,https://projects.propublica.org/nonprofits/full_text/202543219349108909/IRS990PF
The Annenberg Foundation,2024,990-PF-XV,THE UCLA FOUNDATION,,LOS ANGELES,CA,50000,,,DISCRETIONARY FUND FOR THE THE DIVISION OF DIGESTIVE DISEASE,https://projects.propublica.org/nonprofits/full_text/202543219349108909/IRS990PF
The Annenberg Foundation,2024,990-PF-XV,TRIBAL MINDS,,GALT,CA,50000,,,GENERAL OPERATING SUPPORT,https://projects.propublica.org/nonprofits/full_text/202543219349108909/IRS990PF
The Annenberg Foundation,2024,990-PF-XV,UNITED NEGRO COLLEGE FUND INC,,WASHINGTON,DC,50000,,,GENERAL OPERATING SUPPORT,https://projects.propublica.org/nonprofits/full_text/202543219349108909/IRS990PF
The Annenberg Foundation,2024,990-PF-XV,UNITED WAY OF ASHEVILLE AND BUNCOMBE COUNTY INC,,ASHEVILLE,NC,50000,,,BUNCOMBE HURRICANE HELENE RELIEF FUND,https://projects.propublica.org/nonprofits/full_text/202543219349108909/IRS990PF
The Annenberg Foundation,2024,990-PF-XV,UNITE-LA INC,,LOS ANGELES,CA,50000,,,GENERAL OPERATING SUPPORT,https://projects.propublica.org/nonprofits/full_text/202543219349108909/IRS990PF
The Annenberg Foundation,2024,990-PF-XV,UNIVERSITY MUSLIM MEDICAL ASSOCIATION INC,,LOS ANGELES,CA,50000,,,GENERAL OPERATING SUPPORT,https://projects.propublica.org/nonprofits/full_text/202543219349108909/IRS990PF
The Annenberg Foundation,2024,990-PF-XV,UNIVERSITY OF SOUTHERN CALIFORNIA,,LOS ANGELES,CA,50000,,,USC CENTER ON PHILANTHROPY AND PUBLIC POLICY,https://projects.propublica.org/nonprofits/full_text/202543219349108909/IRS990PF
The Annenberg Foundation,2024,990-PF-XV,VOICES FOR CHILDREN,,SAN DIEGO,CA,50000,,,RIVERSIDE COUNTY PROGRAMMING,https://projects.propublica.org/nonprofits/full_text/202543219349108909/IRS990PF
The Annenberg Foundation,2024,990-PF-XV,WALDEN ENVIRONMENT,,ENCINO,CA,50000,,,LA AND SAN BERNARDINO TRANSITIONAL HOUSING PLACEMENT PROGRAM,https://projects.propublica.org/nonprofits/full_text/202543219349108909/IRS990PF
The Annenberg Foundation,2024,990-PF-XV,WEST SIDE FOOD BANK A NON-PROFIT CORPORATION,,SANTA MONICA,CA,50000,,,GENERAL OPERATING SUPPORT,https://projects.propublica.org/nonprofits/full_text/202543219349108909/IRS990PF
The Annenberg Foundation,2024,990-PF-XV,WESTSIDE FAMILY HEALTH CENTER,,CULVER CITY,CA,50000,,,GENERAL OPERATING SUPPORT,https://projects.propublica.org/nonprofits/full_text/202543219349108909/IRS990PF
The Annenberg Foundation,2024,990-PF-XV,WHITNEY MUSEUM OF AMERICAN ART,,NEW YORK,NY,50000,,,SPRING 2025 ANNENBERG LECTURE AND THE EDUCATION DEPARTMENT,https://projects.propublica.org/nonprofits/full_text/202543219349108909/IRS990PF
The Annenberg Foundation,2024,990-PF-XV,WORLD CENTRAL KITCHEN INCORPORATED,,WASHINGTON,DC,50000,,,GENERAL OPERATING SUPPORT,https://projects.propublica.org/nonprofits/full_text/202543219349108909/IRS990PF
The Annenberg Foundation,2024,990-PF-XV,LOS ANGELES POLICE FOUNDATION,,LOS ANGELES,CA,46000,,,GENERAL OPERATING SUPPORT,https://projects.propublica.org/nonprofits/full_text/202543219349108909/IRS990PF
The Annenberg Foundation,2024,990-PF-XV,URBAN AFFAIRS COALITION,,PHILADELPHIA,PA,46000,,,PA YOUTH VOTE,https://projects.propublica.org/nonprofits/full_text/202543219349108909/IRS990PF
The Annenberg Foundation,2024,990-PF-XV,CHEYENNE RIVER YOUTH PROJECT INC,,EAGLE BUTTE,SD,45000,,,GENERAL OPERATING SUPPORT,https://projects.propublica.org/nonprofits/full_text/202543219349108909/IRS990PF
The Annenberg Foundation,2024,990-PF-XV,DEPAVE,,PORTLAND,OR,45000,,,GENERAL OPERATING SUPPORT,https://projects.propublica.org/nonprofits/full_text/202543219349108909/IRS990PF
The Annenberg Foundation,2024,990-PF-XV,SCHOOL OF AMERICAN BALLET INC,,NEW YORK,NY,45000,,,GENERAL OPERATING SUPPORT,https://projects.propublica.org/nonprofits/full_text/202543219349108909/IRS990PF
The Annenberg Foundation,2024,990-PF-XV,THE UCLA FOUNDATION,,LOS ANGELES,CA,42600,,,WLI HOLIDAY PROGRAMMING AND THE NON-PROFIT DAY,https://projects.propublica.org/nonprofits/full_text/202543219349108909/IRS990PF
The Annenberg Foundation,2024,990-PF-XV,EAGLE ROCK COMMUNITY CULTURAL ASSOCIATION,,LOS ANGELES,CA,40000,,,GENERAL OPERATING SUPPORT,https://projects.propublica.org/nonprofits/full_text/202543219349108909/IRS990PF
The Annenberg Foundation,2024,990-PF-XV,GOOD DEED CORPS,,SACRAMENTO,CA,40000,,,GENERAL OPERATING SUPPORT,https://projects.propublica.org/nonprofits/full_text/202543219349108909/IRS990PF
The Annenberg Foundation,2024,990-PF-XV,IMPERIAL VALLEY EQUITY AND JUSTICE COALITION,,CALEXICO,CA,40000,,,GENERAL OPERATING SUPPORT,https://projects.propublica.org/nonprofits/full_text/202543219349108909/IRS990PF
The Annenberg Foundation,2024,990-PF-XV,ISSUE PROJECT ROOM INCORPORATED,,BROOKLYN,NY,40000,,,GENERAL OPERATING SUPPORT,https://projects.propublica.org/nonprofits/full_text/202543219349108909/IRS990PF
The Annenberg Foundation,2024,990-PF-XV,LIGHTHOUSE COMMUNITY DEVELOPMENT CORPORATION,,HUMBLE,TX,40000,,,GENERAL OPERATING SUPPORT,https://projects.propublica.org/nonprofits/full_text/202543219349108909/IRS990PF
The Annenberg Foundation,2024,990-PF-XV,LOS ANGELES COUNTY ANIMAL CARE FOUNDATION,,PASADENA,CA,40000,,,GENERAL OPERATING SUPPORT,https://projects.propublica.org/nonprofits/full_text/202543219349108909/IRS990PF
The Annenberg Foundation,2024,990-PF-XV,NICOLET COLLEGE FOUNDATION INC,,RHINELANDER,WI,40000,,,GENERAL OPERATING SUPPORT,https://projects.propublica.org/nonprofits/full_text/202543219349108909/IRS990PF
The Annenberg Foundation,2024,990-PF-XV,STATE HUMANE ASSOCIATION OF CALIFORNIA,,PENN VALLEY,CA,40000,,,CALANIMALS CEO FORUM AND EMERGING LEADERS PROGRAM,https://projects.propublica.org/nonprofits/full_text/202543219349108909/IRS990PF
The Annenberg Foundation,2024,990-PF-XV,URBAN SCHOLAR ACADEMY,,INGLEWOOD,CA,40000,,,GENERAL OPERATING SUPPORT,https://projects.propublica.org/nonprofits/full_text/202543219349108909/IRS990PF
The Annenberg Foundation,2024,990-PF-XV,VOICE OF THE EXPERIENCED VOTE,,NEW ORLEANS,LA,40000,,,GENERAL OPERATING SUPPORT,https://projects.propublica.org/nonprofits/full_text/202543219349108909/IRS990PF
The Annenberg Foundation,2024,990-PF-XV,ARMAND HAMMER MUSEUM OF ART AND CULTURAL CENTER INC,,LOS ANGELES,CA,37500,,,GENERAL OPERATING SUPPORT,https://projects.propublica.org/nonprofits/full_text/202543219349108909/IRS990PF
The Annenberg Foundation,2024,990-PF-XV,A SENSE OF HOME,,HAWTHORNE,CA,35000,,,GENERAL OPERATING SUPPORT,https://projects.propublica.org/nonprofits/full_text/202543219349108909/IRS990PF
The Annenberg Foundation,2024,990-PF-XV,CALIFORNIA COMMUNITY FOUNDATION,,LOS ANGELES,CA,35000,,,THE NOAH ALMEIDA MACK FUND FOR MENTAL HEALTH EDUCATION,https://projects.propublica.org/nonprofits/full_text/202543219349108909/IRS990PF
The Annenberg Foundation,2024,990-PF-XV,CHAPMAN UNIVERSITY,,ORANGE,CA,35000,,,CHAPMAN UNIVERSITY TENNIS PROGRAM,https://projects.propublica.org/nonprofits/full_text/202543219349108909/IRS990PF
The Annenberg Foundation,2024,990-PF-XV,FPTOWER INC,,CHARLOTTE,NC,35000,,,GENERAL OPERATING SUPPORT,https://projects.propublica.org/nonprofits/full_text/202543219349108909/IRS990PF
The Annenberg Foundation,2024,990-PF-XV,GRACE,,PASADENA,CA,35000,,,ENDING HUNGER INITIATIVE,https://projects.propublica.org/nonprofits/full_text/202543219349108909/IRS990PF
The Annenberg Foundation,2024,990-PF-XV,MUSEUM ASSOCIATES,,LOS ANGELES,CA,35000,,,COLLECTORS COMMITTEE,https://projects.propublica.org/nonprofits/full_text/202543219349108909/IRS990PF
The Annenberg Foundation,2024,990-PF-XV,SIMA STUDIOS,,WEST HOLLYWOOD,CA,35000,,,GENERAL OPERATING SUPPORT,https://projects.propublica.org/nonprofits/full_text/202543219349108909/IRS990PF
The Annenberg Foundation,2024,990-PF-XV,LOS ANGELES SPORTS AND ENTERTAINMENT COMMISSION,,LOS ANGELES,CA,33500,,,FIFA WORLD CUP 26 LOS ANGELES HOST CITY POSTER CONTEST,https://projects.propublica.org/nonprofits/full_text/202543219349108909/IRS990PF
The Annenberg Foundation,2024,990-PF-XV,CHARITIES AID FOUNDATION AMERICA,,ALEXANDRIA,VA,33100,,,SOMERSET HOUSE TRUST,https://projects.propublica.org/nonprofits/full_text/202543219349108909/IRS990PF
The Annenberg Foundation,2024,990-PF-XV,CRSP,,LOS ANGELES,CA,33000,,,SUPPORT THE CICLOS PROJECT,https://projects.propublica.org/nonprofits/full_text/202543219349108909/IRS990PF
The Annenberg Foundation,2024,990-PF-XV,COLUMBUS INSTITUTE FOR CONTEMPORARY JOURNALISM INCORPORATED,,COLUMBUS,OH,32504,,,TIM CARPENTER INSTITUTE,https://projects.propublica.org/nonprofits/full_text/202543219349108909/IRS990PF
The Annenberg Foundation,2024,990-PF-XV,HEALTHY GULF,,NEW ORLEANS,LA,31800,,,GENERAL OPERATING SUPPORT,https://projects.propublica.org/nonprofits/full_text/202543219349108909/IRS990PF
The Annenberg Foundation,2024,990-PF-XV,ROYAL SHAKESPEARE COMPANY AMERICA,,NEW YORK,NY,31793,,,RSCS EDUCATION PROGRAMS,https://projects.propublica.org/nonprofits/full_text/202543219349108909/IRS990PF
The Annenberg Foundation,2024,990-PF-XV,CAPTAIN PLANET FOUNDATION INC,,ATLANTA,GA,30000,,,GENERAL OPERATING SUPPORT,https://projects.propublica.org/nonprofits/full_text/202543219349108909/IRS990PF
The Annenberg Foundation,2024,990-PF-XV,CITY OF HOPE,,DUARTE,CA,30000,,,GENITO-URINARY CANCER AND SUPPORT CARE PROGRAM,https://projects.propublica.org/nonprofits/full_text/202543219349108909/IRS990PF
The Annenberg Foundation,2024,990-PF-XV,GARDENS EDGE,,ALBUQUERQUE,NM,30000,,,GENERAL OPERATING SUPPORT,https://projects.propublica.org/nonprofits/full_text/202543219349108909/IRS990PF
The Annenberg Foundation,2024,990-PF-XV,GREAT BASIN WATER NETWORK INC,,BAKER,NV,30000,,,GENERAL OPERATING SUPPORT,https://projects.propublica.org/nonprofits/full_text/202543219349108909/IRS990PF
The Annenberg Foundation,2024,990-PF-XV,LOS ANGELES OPERA COMPANY,,LOS ANGELES,CA,30000,,,GENERAL OPERATING SUPPORT,https://projects.propublica.org/nonprofits/full_text/202543219349108909/IRS990PF
The Annenberg Foundation,2024,990-PF-XV,OLD TOWN ARTISAN STUDIO INC,,LA QUINTA,CA,30000,,,GENERAL OPERATING SUPPORT,https://projects.propublica.org/nonprofits/full_text/202543219349108909/IRS990PF
The Annenberg Foundation,2024,990-PF-XV,OUR BIG KITCHEN LOS ANGELES,,LOS ANGELES,CA,30000,,,GENERAL OPERATING SUPPORT,https://projects.propublica.org/nonprofits/full_text/202543219349108909/IRS990PF
The Annenberg Foundation,2024,990-PF-XV,VISUAL STUDIES WORKSHOP INC,,ROCHESTER,NY,30000,,,GENERAL OPERATING SUPPORT,https://projects.propublica.org/nonprofits/full_text/202543219349108909/IRS990PF
The Annenberg Foundation,2024,990-PF-XV,CHARITIES AID FOUNDATION AMERICA,,ALEXANDRIA,VA,25991,,,COMMUNITY SECURITY TRUST FRIENDS FUND,https://projects.propublica.org/nonprofits/full_text/202543219349108909/IRS990PF
The Annenberg Foundation,2024,990-PF-XV,FISCAL SPONSORSHIP ALLIES INC,,INDIANAPOLIS,IN,25848,,,RED CANARY MAGAZINE,https://projects.propublica.org/nonprofits/full_text/202543219349108909/IRS990PF
The Annenberg Foundation,2024,990-PF-XV,AI LA COMMUNITY INC,,LOS ANGELES,CA,25000,,,IDEAS PROGRAM,https://projects.propublica.org/nonprofits/full_text/202543219349108909/IRS990PF
The Annenberg Foundation,2024,990-PF-XV,ALBERTINE FOUNDATION,,NEW YORK,NY,25000,,,GENERAL OPERATING SUPPORT,https://projects.propublica.org/nonprofits/full_text/202543219349108909/IRS990PF
The Annenberg Foundation,2024,990-PF-XV,ALCOTT CENTER FOR MENTAL HEALTH SERVICES,,CULVER CITY,CA,25000,,,MENTAL HEALTH SERVICES,https://projects.propublica.org/nonprofits/full_text/202543219349108909/IRS990PF
The Annenberg Foundation,2024,990-PF-XV,ALLIANCE COLLEGE-READY PUBLIC SCHOOLS FOUNDATION,,LOS ANGELES,CA,25000,,,GENERAL OPERATING SUPPORT,https://projects.propublica.org/nonprofits/full_text/202543219349108909/IRS990PF
The Annenberg Foundation,2024,990-PF-XV,AMERICAN FRIENDS OF THE FOUNDATION FOR JEWISH HERITAGE,,BEDFORD,NY,25000,,,FOUNDATION FOR JEWISH HERITAGE IN THE UNITED KINGDOM,https://projects.propublica.org/nonprofits/full_text/202543219349108909/IRS990PF
The Annenberg Foundation,2024,990-PF-XV,AMERICAN FRIENDS OF THE ISRAEL MUSEUM,,NEW YORK,NY,25000,,,GENERAL OPERATING SUPPORT,https://projects.propublica.org/nonprofits/full_text/202543219349108909/IRS990PF
The Annenberg Foundation,2024,990-PF-XV,AMERICAN FRIENDS OF THE PARENTS CIRCLE FAMILIES FORUM,,NEW YORK,NY,25000,,,GENERAL OPERATING SUPPORT,https://projects.propublica.org/nonprofits/full_text/202543219349108909/IRS990PF
The Annenberg Foundation,2024,990-PF-XV,AMERICAN FRIENDS OF THE PARIS OPERA AND BALLET,,NEW YORK,NY,25000,,,GENERAL OPERATING SUPPORT,https://projects.propublica.org/nonprofits/full_text/202543219349108909/IRS990PF
The Annenberg Foundation,2024,990-PF-XV,ARCHER SCHOOL FOR GIRLS INC,,LOS ANGELES,CA,25000,,,FINANCIAL AID PROGRAM,https://projects.propublica.org/nonprofits/full_text/202543219349108909/IRS990PF
The Annenberg Foundation,2024,990-PF-XV,ASIAN AMERICAN EDUCATION PROJECT,,LOS ANGELES,CA,25000,,,THE ASIAN AMERICAN EDUCATION PROJECTS CURRICULUM,https://projects.propublica.org/nonprofits/full_text/202543219349108909/IRS990PF
The Annenberg Foundation,2024,990-PF-XV,ASIAN AMERICANS-PACIFIC ISLANDERS IN PHILANTHROPY,,OAKLAND,CA,25000,,,GENERAL OPERATING SUPPORT,https://projects.propublica.org/nonprofits/full_text/202543219349108909/IRS990PF
The Annenberg Foundation,2024,990-PF-XV,ASIAN YOUTH CENTER,,SAN GABRIEL,CA,25000,,,GENERAL OPERATING SUPPORT,https://projects.propublica.org/nonprofits/full_text/202543219349108909/IRS990PF
The Annenberg Foundation,2024,990-PF-XV,BETTER YOUTH INC,,LOS ANGELES,CA,25000,,,GENERAL OPERATING SUPPORT,https://projects.propublica.org/nonprofits/full_text/202543219349108909/IRS990PF
The Annenberg Foundation,2024,990-PF-XV,BLACK WOMEN FOR WELLNESS,,LOS ANGELES,CA,25000,,,SISTERS IN MOTION PROGRAM,https://projects.propublica.org/nonprofits/full_text/202543219349108909/IRS990PF
The Annenberg Foundation,2024,990-PF-XV,BOSS INC,,LONG BEACH,CA,25000,,,GENERAL OPERATING SUPPORT,https://projects.propublica.org/nonprofits/full_text/202543219349108909/IRS990PF
The Annenberg Foundation,2024,990-PF-XV,CALIFORNIA FIRE FOUNDATION,,SACRAMENTO,CA,25000,,,GENERAL OPERATING SUPPORT,https://projects.propublica.org/nonprofits/full_text/202543219349108909/IRS990PF
The Annenberg Foundation,2024,990-PF-XV,CASA OF LOS ANGELES,,MONTEREY PARK,CA,25000,,,GENERAL OPERATING SUPPORT,https://projects.propublica.org/nonprofits/full_text/202543219349108909/IRS990PF
The Annenberg Foundation,2024,990-PF-XV,CENTER FOR COUNTERING DIGITAL HATE,,WASHINGTON,DC,25000,,,GENERAL OPERATING SUPPORT,https://projects.propublica.org/nonprofits/full_text/202543219349108909/IRS990PF
The Annenberg Foundation,2024,990-PF-XV,CENTRAL AMERICAN RESOURCE CENTER - CARECEN - OF CALIFORNIA,,LOS ANGELES,CA,25000,,,COLLEGE HEAD START PROGRAM,https://projects.propublica.org/nonprofits/full_text/202543219349108909/IRS990PF
The Annenberg Foundation,2024,990-PF-XV,CHILDRENS DENTAL CENTER,,INGLEWOOD,CA,25000,,,GENERAL OPERATING SUPPORT,https://projects.propublica.org/nonprofits/full_text/202543219349108909/IRS990PF
The Annenberg Foundation,2024,990-PF-XV,CITY SCHOLARS FOUNDATION,,LOS ANGELES,CA,25000,,,GENERAL OPERATING SUPPORT,https://projects.propublica.org/nonprofits/full_text/202543219349108909/IRS990PF
The Annenberg Foundation,2024,990-PF-XV,CLINICA MSR OSCAR A ROMERO,,LOS ANGELES,CA,25000,,,GENERAL OPERATING SUPPORT,https://projects.propublica.org/nonprofits/full_text/202543219349108909/IRS990PF
The Annenberg Foundation,2024,990-PF-XV,COMMUNITY PARTNERS,,LOS ANGELES,CA,25000,,,THE GRANTSMANSHIP CENTER,https://projects.propublica.org/nonprofits/full_text/202543219349108909/IRS990PF
The Annenberg Foundation,2024,990-PF-XV,COMMUNITY PARTNERS,,LOS ANGELES,CA,25000,,,LAS FOTOS PROJECT,https://projects.propublica.org/nonprofits/full_text/202543219349108909/IRS990PF
The Annenberg Foundation,2024,990-PF-XV,COMPANY OF THE REDWOOD LIBRARY AND ATHENAEM,,NEWPORT,RI,25000,,,PETER HARRISON AND THE ARCHITECTURE OF ASPIRATION PROJECT,https://projects.propublica.org/nonprofits/full_text/202543219349108909/IRS990PF
The Annenberg Foundation,2024,990-PF-XV,COURT APPOINTED SPECIAL ADVOCATES OF ORANGE COUNTY INC,,ORANGE,CA,25000,,,GENERAL OPERATING SUPPORT,https://projects.propublica.org/nonprofits/full_text/202543219349108909/IRS990PF
The Annenberg Foundation,2024,990-PF-XV,DYNASTYS UNITED YOUTH ASSOCIATION,,INGLEWOOD,CA,25000,,,GENERAL OPERATING SUPPORT,https://projects.propublica.org/nonprofits/full_text/202543219349108909/IRS990PF
The Annenberg Foundation,2024,990-PF-XV,EAST-WEST PLAYERS INC,,LOS ANGELES,CA,25000,,,GENERAL OPERATING SUPPORT,https://projects.propublica.org/nonprofits/full_text/202543219349108909/IRS990PF
The Annenberg Foundation,2024,990-PF-XV,ED AGENCY,,LOS ANGELES,CA,25000,,,GENERAL OPERATING SUPPORT,https://projects.propublica.org/nonprofits/full_text/202543219349108909/IRS990PF
The Annenberg Foundation,2024,990-PF-XV,EMERALD CITIES COLLABORATIVE INC,,WASHINGTON,DC,25000,,,CALIFORNIA STATEWIDE ARTS AND CLIMATE CHANGE LA CONVENING,https://projects.propublica.org/nonprofits/full_text/202543219349108909/IRS990PF
The Annenberg Foundation,2024,990-PF-XV,EMPOWHER INSTITUTE INC,,LOS ANGELES,CA,25000,,,GENERAL OPERATING SUPPORT,https://projects.propublica.org/nonprofits/full_text/202543219349108909/IRS990PF
The Annenberg Foundation,2024,990-PF-XV,EVERY DAY ACTION,,NORTH HOLLYWOOD,CA,25000,,,GENERAL OPERATING SUPPORT,https://projects.propublica.org/nonprofits/full_text/202543219349108909/IRS990PF
The Annenberg Foundation,2024,990-PF-XV,FEAST INC,,LOS ANGELES,CA,25000,,,GENERAL OPERATING SUPPORT,https://projects.propublica.org/nonprofits/full_text/202543219349108909/IRS990PF
The Annenberg Foundation,2024,990-PF-XV,FOSTER PARROTS LTD,,HOPKINTON,RI,25000,,,DISCRETIONARY FUND FOR ADOPTION PROG DIRECTOR AND AVIAN SPC,https://projects.propublica.org/nonprofits/full_text/202543219349108909/IRS990PF
The Annenberg Foundation,2024,990-PF-XV,FRIENDS OF BONOBOS,,DURHAM,NC,25000,,,GENERAL OPERATING SUPPORT,https://projects.propublica.org/nonprofits/full_text/202543219349108909/IRS990PF
The Annenberg Foundation,2024,990-PF-XV,FRIENDS OF THE LOS ANGELES RIVER,,LOS ANGELES,CA,25000,,,GENERAL OPERATING SUPPORT,https://projects.propublica.org/nonprofits/full_text/202543219349108909/IRS990PF
The Annenberg Foundation,2024,990-PF-XV,FRIENDS OF THE MUSEES DES ARTS DECORATIFS,,NEW YORK,NY,25000,,,GENERAL OPERATING SUPPORT,https://projects.propublica.org/nonprofits/full_text/202543219349108909/IRS990PF
The Annenberg Foundation,2024,990-PF-XV,FRIENDS OF THE MUSEES DES ARTS DECORATIFS,,NEW YORK,NY,25000,,,UNITED STATES OPERATIONS,https://projects.propublica.org/nonprofits/full_text/202543219349108909/IRS990PF
The Annenberg Foundation,2024,990-PF-XV,FUTURE ROOTS INC,,LOS ANGELES,CA,25000,,,LOOKOUT FM,https://projects.propublica.org/nonprofits/full_text/202543219349108909/IRS990PF
The Annenberg Foundation,2024,990-PF-XV,GANNA WALSKA LOTUSLAND,,SANTA BARBARA,CA,25000,,,GENERAL OPERATING SUPPORT,https://projects.propublica.org/nonprofits/full_text/202543219349108909/IRS990PF
The Annenberg Foundation,2024,990-PF-XV,GARDEN SCHOOL FOUNDATION INC,,LOS ANGELES,CA,25000,,,GENERAL OPERATING SUPPORT,https://projects.propublica.org/nonprofits/full_text/202543219349108909/IRS990PF
The Annenberg Foundation,2024,990-PF-XV,GREATER LOS ANGELES ZOO ASSOCIATION,,LOS ANGELES,CA,25000,,,GENERAL OPERATING SUPPORT,https://projects.propublica.org/nonprofits/full_text/202543219349108909/IRS990PF
The Annenberg Foundation,2024,990-PF-XV,GRID ALTERNATIVES,,OAKLAND,CA,25000,,,GRID ALTERNATIVES GREATER LOS ANGELES,https://projects.propublica.org/nonprofits/full_text/202543219349108909/IRS990PF
The Annenberg Foundation,2024,990-PF-XV,HISPANIC SOCIETY OF AMERICA,,NEW YORK,NY,25000,,,GENERAL OPERATING SUPPORT,https://projects.propublica.org/nonprofits/full_text/202543219349108909/IRS990PF
The Annenberg Foundation,2024,990-PF-XV,HOMEBOY INDUSTRIES,,LOS ANGELES,CA,25000,,,GENERAL OPERATING SUPPORT,https://projects.propublica.org/nonprofits/full_text/202543219349108909/IRS990PF
The Annenberg Foundation,2024,990-PF-XV,HOMEBOY INDUSTRIES,,LOS ANGELES,CA,25000,,,FEED HOPE,https://projects.propublica.org/nonprofits/full_text/202543219349108909/IRS990PF
The Annenberg Foundation,2024,990-PF-XV,INLAND EMPIRE COMMUNITY FOUNDATION,,RIVERSIDE,CA,25000,,,POLICY AND PHILANTHROPY SUMMIT,https://projects.propublica.org/nonprofits/full_text/202543219349108909/IRS990PF
The Annenberg Foundation,2024,990-PF-XV,INSTITUTO DE EDUCACION POPULAR DEL SUR DE CALIFORNIA,,LOS ANGELES,CA,25000,,,GENERAL OPERATING SUPPORT,https://projects.propublica.org/nonprofits/full_text/202543219349108909/IRS990PF
The Annenberg Foundation,2024,990-PF-XV,INTERNATIONAL DOCUMENTARY ASSOCIATION INC,,LOS ANGELES,CA,25000,,,GENERAL OPERATING SUPPORT,https://projects.propublica.org/nonprofits/full_text/202543219349108909/IRS990PF
The Annenberg Foundation,2024,990-PF-XV,IYRS SCHOOL OF TECHNOLOGY AND TRADES,,NEWPORT,RI,25000,,,SCHOLARSHIP PROGRAM,https://projects.propublica.org/nonprofits/full_text/202543219349108909/IRS990PF
The Annenberg Foundation,2024,990-PF-XV,J PAUL GETTY TRUST,,LOS ANGELES,CA,25000,,,GUSTAVE CAILLEBOTTE: PAINTING MEN EXHIBITION,https://projects.propublica.org/nonprofits/full_text/202543219349108909/IRS990PF
The Annenberg Foundation,2024,990-PF-XV,JAZZ AT LINCOLN CENTER INC,,NEW YORK,NY,25000,,,GENERAL OPERATING SUPPORT,https://projects.propublica.org/nonprofits/full_text/202543219349108909/IRS990PF
The Annenberg Foundation,2024,990-PF-XV,JEWISH ARTS COLLABORTIVE INC,,NEWTON CENTER,MA,25000,,,GENERAL OPERATING SUPPORT,https://projects.propublica.org/nonprofits/full_text/202543219349108909/IRS990PF
The Annenberg Foundation,2024,990-PF-XV,KCRW FOUNDATION INC,,SANTA MONICA,CA,25000,,,GENERAL OPERATING SUPPORT,https://projects.propublica.org/nonprofits/full_text/202543219349108909/IRS990PF
The Annenberg Foundation,2024,990-PF-XV,KOUNKUEY DESIGN INITIATIVE INC,,LOS ANGELES,CA,25000,,,ADOPT-A-LOT,https://projects.propublica.org/nonprofits/full_text/202543219349108909/IRS990PF
The Annenberg Foundation,2024,990-PF-XV,LA PLAZA DE CULTURA Y ARTES,,LOS ANGELES,CA,25000,,,THE EAST SIDE ARTS INITIATIVE,https://projects.propublica.org/nonprofits/full_text/202543219349108909/IRS990PF
The Annenberg Foundation,2024,990-PF-XV,LADYLIKE FOUNDATION,,VIEW PARKWINDSOR HILL,CA,25000,,,GENERAL OPERATING SUPPORT,https://projects.propublica.org/nonprofits/full_text/202543219349108909/IRS990PF
The Annenberg Foundation,2024,990-PF-XV,LEADERSUP,,LOS ANGELES,CA,25000,,,GENERAL OPERATING SUPPORT,https://projects.propublica.org/nonprofits/full_text/202543219349108909/IRS990PF
The Annenberg Foundation,2024,990-PF-XV,LOS ANGELES CONSERVATION CORPS,,LOS ANGELES,CA,25000,,,GENERAL OPERATING SUPPORT,https://projects.propublica.org/nonprofits/full_text/202543219349108909/IRS990PF
The Annenberg Foundation,2024,990-PF-XV,LOS ANGELES JEWISH HOME FOR THE AGING,,RESEDA,CA,25000,,,GENERAL OPERATING SUPPORT,https://projects.propublica.org/nonprofits/full_text/202543219349108909/IRS990PF
The Annenberg Foundation,2024,990-PF-XV,LOS ANGELES NEIGHBORHOOD LAND TRUST,,LOS ANGELES,CA,25000,,,GENERAL OPERATING SUPPORT,https://projects.propublica.org/nonprofits/full_text/202543219349108909/IRS990PF
The Annenberg Foundation,2024,990-PF-XV,LOS ANGELES REGIONAL FOOD BANK,,LOS ANGELES,CA,25000,,,GENERAL OPERATING SUPPORT,https://projects.propublica.org/nonprofits/full_text/202543219349108909/IRS990PF
The Annenberg Foundation,2024,990-PF-XV,LTSC COMMUNITY DEVELOPMENT CORPORATION,,LOS ANGELES,CA,25000,,,GENERAL OPERATING SUPPORT,https://projects.propublica.org/nonprofits/full_text/202543219349108909/IRS990PF
The Annenberg Foundation,2024,990-PF-XV,MACAW RECOVERY NETWORK-USA,,SEABROOK,TX,25000,,,GENERAL OPERATING SUPPORT,https://projects.propublica.org/nonprofits/full_text/202543219349108909/IRS990PF
The Annenberg Foundation,2024,990-PF-XV,MANIFESTWORKS,,LOS ANGELES,CA,25000,,,GENERAL OPERATING SUPPORT,https://projects.propublica.org/nonprofits/full_text/202543219349108909/IRS990PF
The Annenberg Foundation,2024,990-PF-XV,MAR VISTA FAMILY CENTER,,CULVER CITY,CA,25000,,,GENERAL OPERATING SUPPORT,https://projects.propublica.org/nonprofits/full_text/202543219349108909/IRS990PF
The Annenberg Foundation,2024,990-PF-XV,MARTIN LUTHER KING JR COMMUNITY HEALTH FOUNDATION,,LOS ANGELES,CA,25000,,,GENERAL OPERATING SUPPORT,https://projects.propublica.org/nonprofits/full_text/202543219349108909/IRS990PF
The Annenberg Foundation,2024,990-PF-XV,MERCY HOUSE LIVING CENTERS,,SANTA ANA,CA,25000,,,GENERAL OPERATING SUPPORT,https://projects.propublica.org/nonprofits/full_text/202543219349108909/IRS990PF
The Annenberg Foundation,2024,990-PF-XV,MIRYS LIST,,CALABASAS,CA,25000,,,GENERAL OPERATING SUPPORT,https://projects.propublica.org/nonprofits/full_text/202543219349108909/IRS990PF
The Annenberg Foundation,2024,990-PF-XV,MUSEUM OF CONTEMPORARY ART,,LOS ANGELES,CA,25000,,,GENERAL OPERATING SUPPORT,https://projects.propublica.org/nonprofits/full_text/202543219349108909/IRS990PF
The Annenberg Foundation,2024,990-PF-XV,MUSEUM OF FINE ARTS,,BOSTON,MA,25000,,,WITNESSING HUMANITY: THE ART OF JOHN WILSON EXHIBITION,https://projects.propublica.org/nonprofits/full_text/202543219349108909/IRS990PF
The Annenberg Foundation,2024,990-PF-XV,MUSICIANS AT PLAY FOUNDATION INC,,VALLEY VILLAGE,CA,25000,,,GENERAL OPERATING SUPPORT,https://projects.propublica.org/nonprofits/full_text/202543219349108909/IRS990PF
The Annenberg Foundation,2024,990-PF-XV,NATIONAL MULTIPLE SCLEROSIS SOCIETY,,NEW YORK,NY,25000,,,GREATER NEW YORK CITY LONG ISLAND CHAPTER,https://projects.propublica.org/nonprofits/full_text/202543219349108909/IRS990PF
The Annenberg Foundation,2024,990-PF-XV,NEW DIRECTIONS FOR PEOPLE WITH DISABILITIES INC,,SANTA BARBARA,CA,25000,,,GENERAL OPERATING SUPPORT,https://projects.propublica.org/nonprofits/full_text/202543219349108909/IRS990PF
The Annenberg Foundation,2024,990-PF-XV,NEW YORK BOTANICAL GARDEN,,BRONX,NY,25000,,,GENERAL OPERATING SUPPORT,https://projects.propublica.org/nonprofits/full_text/202543219349108909/IRS990PF
The Annenberg Foundation,2024,990-PF-XV,OCEAN ALLIANCE INC,,GLOUCESTER,MA,25000,,,GENERAL OPERATING SUPPORT,https://projects.propublica.org/nonprofits/full_text/202543219349108909/IRS990PF
The Annenberg Foundation,2024,990-PF-XV,PACIFIC ORCA SOCIETY,,ALERT BAY,,25000,,,CHARITABLE MISSION AND PROGRAMS OF THE PACIFIC ORCA SOCIETY,https://projects.propublica.org/nonprofits/full_text/202543219349108909/IRS990PF
The Annenberg Foundation,2024,990-PF-XV,PALAU DE LES ARTS REINA SOFIA FUNDACIO DE LA COMUNITAT VALENCIANA,,VALENCIA,,25000,,,CHARITABLE MISSION OF THE QUEEN SOFIA PALACE OF ARTS,https://projects.propublica.org/nonprofits/full_text/202543219349108909/IRS990PF
The Annenberg Foundation,2024,990-PF-XV,PEACE 4 KIDS,,COMPTON,CA,25000,,,GENERAL OPERATING SUPPORT,https://projects.propublica.org/nonprofits/full_text/202543219349108909/IRS990PF
The Annenberg Foundation,2024,990-PF-XV,PEOPLE FOR THE ETHICAL TREATMENT OF ANIMALS INC,,NORFOLK,VA,25000,,,GLOBAL COMPASSION FUND,https://projects.propublica.org/nonprofits/full_text/202543219349108909/IRS990PF
The Annenberg Foundation,2024,990-PF-XV,PIERPONT MORGAN LIBRARY,,NEW YORK,NY,25000,,,BELLE GREEN FELLOWS,https://projects.propublica.org/nonprofits/full_text/202543219349108909/IRS990PF
The Annenberg Foundation,2024,990-PF-XV,POSITIVE RESULTS CENTER,,GARDENA,CA,25000,,,GENERAL OPERATING SUPPORT,https://projects.propublica.org/nonprofits/full_text/202543219349108909/IRS990PF
The Annenberg Foundation,2024,990-PF-XV,QUEENS MUSEUM OF ART NEW YORK CITY BUILDING,,QUEENS,NY,25000,,,GENERAL OPERATING SUPPORT,https://projects.propublica.org/nonprofits/full_text/202543219349108909/IRS990PF
The Annenberg Foundation,2024,990-PF-XV,RESCUING LEFTOVER CUISINE,,NEW YORK,NY,25000,,,GENERAL OPERATING SUPPORT,https://projects.propublica.org/nonprofits/full_text/202543219349108909/IRS990PF
The Annenberg Foundation,2024,990-PF-XV,RIGHTWAY FOUNDATION,,LOS ANGELES,CA,25000,,,GENERAL OPERATING SUPPORT,https://projects.propublica.org/nonprofits/full_text/202543219349108909/IRS990PF
The Annenberg Foundation,2024,990-PF-XV,SAN ANTONIO AREA FOUNDATION,,SAN ANTONIO,TX,25000,,,PATIENT CARE PROGRAM,https://projects.propublica.org/nonprofits/full_text/202543219349108909/IRS990PF
The Annenberg Foundation,2024,990-PF-XV,SANTA BARBARA NEIGHBORHOOD CLINICS,,SANTA BARBARA,CA,25000,,,GENERAL OPERATING SUPPORT,https://projects.propublica.org/nonprofits/full_text/202543219349108909/IRS990PF
The Annenberg Foundation,2024,990-PF-XV,SAVING INNOCENCE INC,,LOS ANGELES,CA,25000,,,GENERAL OPERATING SUPPORT,https://projects.propublica.org/nonprofits/full_text/202543219349108909/IRS990PF
The Annenberg Foundation,2024,990-PF-XV,SEED SCHOOL OF LOS ANGELES COUNTY,,LOS ANGELES,CA,25000,,,SEED LA ARTS AND MUSIC PROGRAMS,https://projects.propublica.org/nonprofits/full_text/202543219349108909/IRS990PF
The Annenberg Foundation,2024,990-PF-XV,SEEDS ARTS AND EDUCATION INC,,LAGUNA BEACH,CA,25000,,,ANNELIESE SCHOOLS WILLOWBROOK CAMPUS,https://projects.propublica.org/nonprofits/full_text/202543219349108909/IRS990PF
The Annenberg Foundation,2024,990-PF-XV,SHARED HARVEST FOUNDATION INC,,CULVER CITY,CA,25000,,,GENERAL OPERATING SUPPORT,https://projects.propublica.org/nonprofits/full_text/202543219349108909/IRS990PF
The Annenberg Foundation,2024,990-PF-XV,SILK ROAD PROJECT INC,,BRIGHTON,MA,25000,,,GENERAL OPERATING SUPPORT,https://projects.propublica.org/nonprofits/full_text/202543219349108909/IRS990PF
The Annenberg Foundation,2024,990-PF-XV,SOCIAL JUSTICE LEARNING INSTITUTE INC,,INGLEWOOD,CA,25000,,,EMPOWERING THROUGH EDUCATION PROGRAMS,https://projects.propublica.org/nonprofits/full_text/202543219349108909/IRS990PF
The Annenberg Foundation,2024,990-PF-XV,SOCIAL JUSTICE PARTNERS LOS ANGELES,,LOS ANGELES,CA,25000,,,GENERAL OPERATING SUPPORT,https://projects.propublica.org/nonprofits/full_text/202543219349108909/IRS990PF
The Annenberg Foundation,2024,990-PF-XV,SOCIETY FOR SCIENCE AND THE PUBLIC,,WASHINGTON,DC,25000,,,EDUCATION OUTREACH DAY INTERNATIONAL SCI ENGINEERING FAIR,https://projects.propublica.org/nonprofits/full_text/202543219349108909/IRS990PF
The Annenberg Foundation,2024,990-PF-XV,SOLA I CAN FOUNDATION,,LOS ANGELES,CA,25000,,,SOLA COLLEGE SCHOLARSHIP PROGRAM,https://projects.propublica.org/nonprofits/full_text/202543219349108909/IRS990PF
The Annenberg Foundation,2024,990-PF-XV,SOUTHERN CALIFORNIA GRANTMAKERS,,LOS ANGELES,CA,25000,,,TO SUPPORT THE BLACK EQUITY COLLECTIVE,https://projects.propublica.org/nonprofits/full_text/202543219349108909/IRS990PF
The Annenberg Foundation,2024,990-PF-XV,ST ANDREWS SCHOOL OF DELAWARE INC,,MIDDLETOWN,DE,25000,,,GENERAL OPERATING SUPPORT,https://projects.propublica.org/nonprofits/full_text/202543219349108909/IRS990PF
The Annenberg Foundation,2024,990-PF-XV,ST FRANCIS HIGH SCHOOL OF LA CANADA FLINTRIDGE,,LA CANADA FLINTRIDGE,CA,25000,,,SCHOLARSHIPS FOR BLACK STUDENTS AT ST FRANCIS HIGH SCHOOL,https://projects.propublica.org/nonprofits/full_text/202543219349108909/IRS990PF
The Annenberg Foundation,2024,990-PF-XV,ST JOSEPH CENTER,,LOS ANGELES,CA,25000,,,GENERAL OPERATING SUPPORT,https://projects.propublica.org/nonprofits/full_text/202543219349108909/IRS990PF
The Annenberg Foundation,2024,990-PF-XV,STUDENT LUNCHBOX INC,,LOS ANGELES,CA,25000,,,GENERAL OPERATING SUPPORT,https://projects.propublica.org/nonprofits/full_text/202543219349108909/IRS990PF
The Annenberg Foundation,2024,990-PF-XV,STUDENTS RUN AMERICA,,TARZANA,CA,25000,,,STUDENT MARATHON TRAINING FOR THE LOS ANGELES MARATHON 2025,https://projects.propublica.org/nonprofits/full_text/202543219349108909/IRS990PF
The Annenberg Foundation,2024,990-PF-XV,THE ELIZABETH TAYLOR AIDS FOUNDATION,,LOS ANGELES,CA,25000,,,UNITED STATES OPERATIONS,https://projects.propublica.org/nonprofits/full_text/202543219349108909/IRS990PF
The Annenberg Foundation,2024,990-PF-XV,THE JOE TORRE SAFE AT HOME FOUNDATION,,NEW YORK,NY,25000,,,GENERAL OPERATING SUPPORT,https://projects.propublica.org/nonprofits/full_text/202543219349108909/IRS990PF
The Annenberg Foundation,2024,990-PF-XV,THE LOS ANGELES DODGERS FOUNDATION,,LOS ANGELES,CA,25000,,,DODGERS DREAMTEAM INITIATIVE,https://projects.propublica.org/nonprofits/full_text/202543219349108909/IRS990PF
The Annenberg Foundation,2024,990-PF-XV,THE PEOPLE CONCERN,,LOS ANGELES,CA,25000,,,GENERAL OPERATING SUPPORT,https://projects.propublica.org/nonprofits/full_text/202543219349108909/IRS990PF
The Annenberg Foundation,2024,990-PF-XV,THE PLAY EQUITY FUND,,LOS ANGELES,CA,25000,,,PLAY EQUITY SUMMIT,https://projects.propublica.org/nonprofits/full_text/202543219349108909/IRS990PF
The Annenberg Foundation,2024,990-PF-XV,THE ROMAN CATHOLIC ARCHBISHOP OF LOS ANGELES A CORPORATION SOLE,,LOS ANGELES,CA,25000,,,GENERAL OPERATING SUPPORT,https://projects.propublica.org/nonprofits/full_text/202543219349108909/IRS990PF
The Annenberg Foundation,2024,990-PF-XV,THE UCLA FOUNDATION,,LOS ANGELES,CA,25000,,,UCLA ALZHEIMERS AND DEMENTIA CARE (ADC) PROGRAM,https://projects.propublica.org/nonprofits/full_text/202543219349108909/IRS990PF
The Annenberg Foundation,2024,990-PF-XV,TIYYA FOUNDATION INC,,SANTA ANA,CA,25000,,,PROGRAMMING IN LOS ANGELES,https://projects.propublica.org/nonprofits/full_text/202543219349108909/IRS990PF
The Annenberg Foundation,2024,990-PF-XV,TOUCAN RESCUE RANCH INC,,SPARKS,NV,25000,,,GENERAL OPERATING SUPPORT,https://projects.propublica.org/nonprofits/full_text/202543219349108909/IRS990PF
The Annenberg Foundation,2024,990-PF-XV,TRUSTEES OF THE UNIVERSITY OF PENNSYLVANIA,,PHILADELPHIA,PA,25000,,,UNIV OF PENNSYLVANIA MUSEUM OF ARCHAEOLOGY AND ANTHROPOLOGY,https://projects.propublica.org/nonprofits/full_text/202543219349108909/IRS990PF
The Annenberg Foundation,2024,990-PF-XV,UNIVERSITY OF SOUTHERN CALIFORNIA,,LOS ANGELES,CA,25000,,,DISCRETIONARY FUND FOR LAB DIRECTORCENTER FOR HUMANIZING AI,https://projects.propublica.org/nonprofits/full_text/202543219349108909/IRS990PF
The Annenberg Foundation,2024,990-PF-XV,VALLEY FAMILY CENTER,,SAN FERNANDO,CA,25000,,,GENERAL OPERATING SUPPORT,https://projects.propublica.org/nonprofits/full_text/202543219349108909/IRS990PF
The Annenberg Foundation,2024,990-PF-XV,VETS WHOLE IN ONE INC,,PACIFIC PALISADES,CA,25000,,,GENERAL OPERATING SUPPORT,https://projects.propublica.org/nonprofits/full_text/202543219349108909/IRS990PF
The Annenberg Foundation,2024,990-PF-XV,VOICES OF IMPACT,,LOS ANGELES,CA,25000,,,GENERAL OPERATING SUPPORT,https://projects.propublica.org/nonprofits/full_text/202543219349108909/IRS990PF
The Annenberg Foundation,2024,990-PF-XV,WALLIS ANNENBERG CENTER FOR THE PERFORMING ARTS,,BEVERLY HILLS,CA,25000,,,GENERAL OPERATING SUPPORT,https://projects.propublica.org/nonprofits/full_text/202543219349108909/IRS990PF
The Annenberg Foundation,2024,990-PF-XV,WATTS GANG TASK FORCE COUNCIL,,MORENO VALLEY,CA,25000,,,GENERAL OPERATING SUPPORT,https://projects.propublica.org/nonprofits/full_text/202543219349108909/IRS990PF
The Annenberg Foundation,2024,990-PF-XV,WELLNEST EMOTIONAL HEALTH AND WELLNESS,,LOS ANGELES,CA,25000,,,GENERAL OPERATING SUPPORT,https://projects.propublica.org/nonprofits/full_text/202543219349108909/IRS990PF
The Annenberg Foundation,2024,990-PF-XV,WEST HOLLYWOOD COMMUNITY HOUSING CORPORATION,,WEST HOLLYWOOD,CA,25000,,,GENERAL OPERATING SUPPORT,https://projects.propublica.org/nonprofits/full_text/202543219349108909/IRS990PF
The Annenberg Foundation,2024,990-PF-XV,WILDLIFE CONSERVATION NETWORK INC,,SAN FRANCISCO,CA,25000,,,THE MISOOL FOUNDATION,https://projects.propublica.org/nonprofits/full_text/202543219349108909/IRS990PF
The Annenberg Foundation,2024,990-PF-XV,WOMEN S CENTER FOR CREATIVE WORK,,GLENDALE,CA,25000,,,GENERAL OPERATING SUPPORT,https://projects.propublica.org/nonprofits/full_text/202543219349108909/IRS990PF
The Annenberg Foundation,2024,990-PF-XV,ZOCALO PUBLIC SQUARE,,LOS ANGELES,CA,25000,,,GENERAL OPERATING SUPPORT,https://projects.propublica.org/nonprofits/full_text/202543219349108909/IRS990PF
The Annenberg Foundation,2024,990-PF-XV,CHARITIES AID FOUNDATION AMERICA,,ALEXANDRIA,VA,21053,,,SUPPORTING CHILDREN WITH DIABETES,https://projects.propublica.org/nonprofits/full_text/202543219349108909/IRS990PF
The Annenberg Foundation,2024,990-PF-XV,ALASKA DEPARTMENT OF FISH AND GAME,,JUNEAU,AK,20000,,,WALRUS WEBCAM,https://projects.propublica.org/nonprofits/full_text/202543219349108909/IRS990PF
The Annenberg Foundation,2024,990-PF-XV,ARTANGEL AMERICA,,NEW YORK,NY,20000,,,GENERAL OPERATING SUPPORT,https://projects.propublica.org/nonprofits/full_text/202543219349108909/IRS990PF
The Annenberg Foundation,2024,990-PF-XV,CALIFORNIA STATE UNIVERSITY DOMINGUEZ HILLS PHILANTHROPIC FOUNDATION,,CARSON,CA,20000,,,PRESIDENTIAL SCHOLARS PROGRAM AT CSU DOMINGUEZ HILLS,https://projects.propublica.org/nonprofits/full_text/202543219349108909/IRS990PF
The Annenberg Foundation,2024,990-PF-XV,FRIENDS OF THE HIGH LINE INC,,NEW YORK,NY,20000,,,GENERAL OPERATING SUPPORT,https://projects.propublica.org/nonprofits/full_text/202543219349108909/IRS990PF
The Annenberg Foundation,2024,990-PF-XV,GUIDE DOGS FOR THE BLIND INC,,SAN RAFAEL,CA,20000,,,UNITED STATES OPERATIONS,https://projects.propublica.org/nonprofits/full_text/202543219349108909/IRS990PF
The Annenberg Foundation,2024,990-PF-XV,ILILI INC,,MIAMI,FL,20000,,,TRACKING LEMON SHARKS IN UTOPILA VILLAGE UTILA,https://projects.propublica.org/nonprofits/full_text/202543219349108909/IRS990PF
The Annenberg Foundation,2024,990-PF-XV,INTERNATIONAL WOMENS MEDIA FOUNDATION,,WASHINGTON,DC,20000,,,JUSTICE FOR WOMEN JOURNALISTS,https://projects.propublica.org/nonprofits/full_text/202543219349108909/IRS990PF
The Annenberg Foundation,2024,990-PF-XV,LEAGUE OF WOMEN VOTERS OF MICHIGAN EDUCATION FUND,,LANSING,MI,20000,,,GENERAL OPERATING SUPPORT,https://projects.propublica.org/nonprofits/full_text/202543219349108909/IRS990PF
The Annenberg Foundation,2024,990-PF-XV,MUJERES DE LA TIERRA,,LOS ANGELES,CA,20000,,,GENERAL OPERATING SUPPORT,https://projects.propublica.org/nonprofits/full_text/202543219349108909/IRS990PF
The Annenberg Foundation,2024,990-PF-XV,NORTHWOODS LAND TRUST INC,,EAGLE RIVER,WI,20000,,,GENERAL OPERATING SUPPORT,https://projects.propublica.org/nonprofits/full_text/202543219349108909/IRS990PF
The Annenberg Foundation,2024,990-PF-XV,OREGON JEWISH MUSEUM AND CENTER FOR HOLOCAUST EDUCATION,,PORTLAND,OR,20000,,,GENERAL OPERATING SUPPORT,https://projects.propublica.org/nonprofits/full_text/202543219349108909/IRS990PF
The Annenberg Foundation,2024,990-PF-XV,SAINT JOHNS HEALTH CENTER FOUNDATION,,SANTA MONICA,CA,20000,,,GENERAL OPERATING SUPPORT,https://projects.propublica.org/nonprofits/full_text/202543219349108909/IRS990PF
The Annenberg Foundation,2024,990-PF-XV,SANTA BARBARA COTTAGE HOSPITAL FOUNDATION,,SANTA BARBARA,CA,20000,,,GENERAL OPERATING SUPPORT,https://projects.propublica.org/nonprofits/full_text/202543219349108909/IRS990PF
The Annenberg Foundation,2024,990-PF-XV,SOUTHWEST VOTER REGISTRATION EDUCATION PROJECT INC,,SAN ANTONIO,TX,20000,,,GENERAL OPERATING SUPPORT,https://projects.propublica.org/nonprofits/full_text/202543219349108909/IRS990PF
The Annenberg Foundation,2024,990-PF-XV,SUCCESS IN EDUCATION FOUNDATION,,SALT LAKE CITY,UT,20000,,,WOMEN WHO SUCCEED PROGRAM,https://projects.propublica.org/nonprofits/full_text/202543219349108909/IRS990PF
The Annenberg Foundation,2024,990-PF-XV,THE AMERICAN CENTER OF RESEARCH INCORPORATED,,ALEXANDRIA,VA,20000,,,RESEARCH AND PUBLICATION FOR MENA REGION,https://projects.propublica.org/nonprofits/full_text/202543219349108909/IRS990PF
The Annenberg Foundation,2024,990-PF-XV,THE COLBURN SCHOOL,,LOS ANGELES,CA,20000,,,GENERAL OPERATING SUPPORT,https://projects.propublica.org/nonprofits/full_text/202543219349108909/IRS990PF
The Annenberg Foundation,2024,990-PF-XV,THE EL SEGUNDO EDUCATIONAL FOUNDATION,,EL SEGUNDO,CA,20000,,,GENERAL OPERATING SUPPORT,https://projects.propublica.org/nonprofits/full_text/202543219349108909/IRS990PF
The Annenberg Foundation,2024,990-PF-XV,TOPANGA ANIMAL RESCUE,,TOPANGA,CA,20000,,,GENERAL OPERATING SUPPORT,https://projects.propublica.org/nonprofits/full_text/202543219349108909/IRS990PF
The Annenberg Foundation,2024,990-PF-XV,TWO STATE YOUNG MENS CHRISTIAN ASSOCIATION,,BECKET,MA,20000,,,GENERAL OPERATING SUPPORT,https://projects.propublica.org/nonprofits/full_text/202543219349108909/IRS990PF
The Annenberg Foundation,2024,990-PF-XV,UC RIVERSIDE FOUNDATION,,RIVERSIDE,CA,20000,,,SCIENCE TO POLICY PROGRAMS SCIENCE POLICY SYMPOSIUM,https://projects.propublica.org/nonprofits/full_text/202543219349108909/IRS990PF
The Annenberg Foundation,2024,990-PF-XV,WATTS TOWERS COMMUNITY ACTION COUNCIL,,LOS ANGELES,CA,16500,,,THE WATTS TOWERS ARTS CENTER CAMPUS,https://projects.propublica.org/nonprofits/full_text/202543219349108909/IRS990PF
The Annenberg Foundation,2024,990-PF-XV,COMMUNITY INITIATIVES,,OAKLAND,CA,16350,,,GENERAL OPERATING SUPPORT,https://projects.propublica.org/nonprofits/full_text/202543219349108909/IRS990PF
The Annenberg Foundation,2024,990-PF-XV,COMMUNITY PARTNERS,,LOS ANGELES,CA,16350,,,THE MEND COLLABORATIVES RESTORATIVE JUSTICE PROJECT,https://projects.propublica.org/nonprofits/full_text/202543219349108909/IRS990PF
The Annenberg Foundation,2024,990-PF-XV,OZARKS RESOURCE CENTER,,WEST PLAINS,MO,15400,,,FARM UNFIXED,https://projects.propublica.org/nonprofits/full_text/202543219349108909/IRS990PF
The Annenberg Foundation,2024,990-PF-XV,A NEW DAY FOUNDATION INC,,WOODLAND HILLS,CA,15000,,,GENERAL OPERATING SUPPORT,https://projects.propublica.org/nonprofits/full_text/202543219349108909/IRS990PF
The Annenberg Foundation,2024,990-PF-XV,ARLINGTON GARDEN IN PASADENA,,PASADENA,CA,15000,,,EXPLORING THE MYCOVERSE,https://projects.propublica.org/nonprofits/full_text/202543219349108909/IRS990PF
The Annenberg Foundation,2024,990-PF-XV,ARTNOW INTERNATIONAL INC,,SAN FRANCISCO,CA,15000,,,THE FOUNDATION RECOMMENDS GRANT FUNDS SUPPORT AFIELD,https://projects.propublica.org/nonprofits/full_text/202543219349108909/IRS990PF
The Annenberg Foundation,2024,990-PF-XV,BARNES FOUNDATION,,PHILADELPHIA,PA,15000,,,GENERAL OPERATING SUPPORT,https://projects.propublica.org/nonprofits/full_text/202543219349108909/IRS990PF
The Annenberg Foundation,2024,990-PF-XV,BOSTON PRESERVATION ALLIANCE INC,,BOSTON,MA,15000,,,GENERAL OPERATING SUPPORT,https://projects.propublica.org/nonprofits/full_text/202543219349108909/IRS990PF
The Annenberg Foundation,2024,990-PF-XV,CITIZENS FOR LOS ANGELES WILDLIFE INC,,STUDIO CITY,CA,15000,,,GENERAL OPERATING SUPPORT,https://projects.propublica.org/nonprofits/full_text/202543219349108909/IRS990PF
The Annenberg Foundation,2024,990-PF-XV,COLLABORATIVE ARTISTS BLOC,,LOS ANGELES,CA,15000,,,GENERAL OPERATING SUPPORT,https://projects.propublica.org/nonprofits/full_text/202543219349108909/IRS990PF
The Annenberg Foundation,2024,990-PF-XV,COMMUNITY COALITION FOR SUBSTANCE ABUSE PREVENTION AND TREATMENT,,LOS ANGELES,CA,15000,,,GENERAL OPERATING SUPPORT,https://projects.propublica.org/nonprofits/full_text/202543219349108909/IRS990PF
The Annenberg Foundation,2024,990-PF-XV,CORONA DEL MAR LACROSSE BOOSTERCLUB,,NEWPORT BEACH,CA,15000,,,GENERAL OPERATING SUPPORT,https://projects.propublica.org/nonprofits/full_text/202543219349108909/IRS990PF
The Annenberg Foundation,2024,990-PF-XV,EL SERENO LAND TRUST,,LOS ANGELES,CA,15000,,,GENERAL OPERATING SUPPORT,https://projects.propublica.org/nonprofits/full_text/202543219349108909/IRS990PF
The Annenberg Foundation,2024,990-PF-XV,FRIENDS OF ROBINSON GARDENS INC,,BEVERLY HILLS,CA,15000,,,GENERAL OPERATING SUPPORT,https://projects.propublica.org/nonprofits/full_text/202543219349108909/IRS990PF
The Annenberg Foundation,2024,990-PF-XV,FULFILLMENT FUND,,LOS ANGELES,CA,15000,,,GENERAL OPERATING SUPPORT,https://projects.propublica.org/nonprofits/full_text/202543219349108909/IRS990PF
The Annenberg Foundation,2024,990-PF-XV,GIRLS WHO READ INC,,LONG BEACH,CA,15000,,,CHARITABLE MISSION AND PROGRAMS OF GIRLS WHO READ INC,https://projects.propublica.org/nonprofits/full_text/202543219349108909/IRS990PF
The Annenberg Foundation,2024,990-PF-XV,INTERNATIONAL WOMENS MEDIA FOUNDATION,,WASHINGTON,DC,15000,,,GWEN IFILL MENTORSHIP PROGRAM,https://projects.propublica.org/nonprofits/full_text/202543219349108909/IRS990PF
The Annenberg Foundation,2024,990-PF-XV,L A FREEWAVES,,LOS ANGELES,CA,15000,,,GENERAL OPERATING SUPPORT,https://projects.propublica.org/nonprofits/full_text/202543219349108909/IRS990PF
The Annenberg Foundation,2024,990-PF-XV,LEVINE MUSIC INC,,WASHINGTON,DC,15000,,,GENERAL OPERATING SUPPORT,https://projects.propublica.org/nonprofits/full_text/202543219349108909/IRS990PF
The Annenberg Foundation,2024,990-PF-XV,LOS ANGELES CONSERVANCY,,LOS ANGELES,CA,15000,,,GENERAL OPERATING SUPPORT,https://projects.propublica.org/nonprofits/full_text/202543219349108909/IRS990PF
The Annenberg Foundation,2024,990-PF-XV,LOS ANGELES FIRE DEPARTMENT FOUNDATION,,LOS ANGELES,CA,15000,,,TO PURCHASE MOWING DECKS,https://projects.propublica.org/nonprofits/full_text/202543219349108909/IRS990PF
The Annenberg Foundation,2024,990-PF-XV,LOS ANGELES POVERTY DEPARTMENT,,LOS ANGELES,CA,15000,,,GENERAL OPERATING SUPPORT,https://projects.propublica.org/nonprofits/full_text/202543219349108909/IRS990PF
The Annenberg Foundation,2024,990-PF-XV,LOS ANGELES RAMS FOUNDATION,,AGOURA HILLS,CA,15000,,,GENERAL OPERATING SUPPORT,https://projects.propublica.org/nonprofits/full_text/202543219349108909/IRS990PF
The Annenberg Foundation,2024,990-PF-XV,PACIFIC BATTLESHIP CENTER,,SAN PEDRO,CA,15000,,,GENERAL OPERATING SUPPORT,https://projects.propublica.org/nonprofits/full_text/202543219349108909/IRS990PF
The Annenberg Foundation,2024,990-PF-XV,PENNS VALLEY CONSERVATION ASSOC,,AARONSBURG,PA,15000,,,GENERAL OPERATING SUPPORT,https://projects.propublica.org/nonprofits/full_text/202543219349108909/IRS990PF
The Annenberg Foundation,2024,990-PF-XV,SINGLE MOMS PLANET INC,,SANTA MONICA,CA,15000,,,GENERAL OPERATING SUPPORT,https://projects.propublica.org/nonprofits/full_text/202543219349108909/IRS990PF
The Annenberg Foundation,2024,990-PF-XV,SOUTHERN CALIFORNIA GRANTMAKERS,,LOS ANGELES,CA,15000,,,BLACK EQUITY COLLECTIVES EQUITY AND JUSTICE SYMPOSIUM,https://projects.propublica.org/nonprofits/full_text/202543219349108909/IRS990PF
The Annenberg Foundation,2024,990-PF-XV,SOUTHERN CALIFORNIA PUBLIC RADIO,,PASADENA,CA,15000,,,GENERAL OPERATING SUPPORT,https://projects.propublica.org/nonprofits/full_text/202543219349108909/IRS990PF
The Annenberg Foundation,2024,990-PF-XV,THE UCLA FOUNDATION,,LOS ANGELES,CA,15000,,,THE RIORDAN PROGRAMS AT UCLA ANDERSON SCHOOL OF MANAGEMENT,https://projects.propublica.org/nonprofits/full_text/202543219349108909/IRS990PF
The Annenberg Foundation,2024,990-PF-XV,TIME FOR CHANGE FOUNDATION,,SAN BERNARDINO,CA,15000,,,GENERAL OPERATING SUPPORT,https://projects.propublica.org/nonprofits/full_text/202543219349108909/IRS990PF
The Annenberg Foundation,2024,990-PF-XV,URBAN HOMESTEAD INSTITUTE,,PASADENA,CA,15000,,,GENERAL OPERATING SUPPORT,https://projects.propublica.org/nonprofits/full_text/202543219349108909/IRS990PF
The Annenberg Foundation,2024,990-PF-XV,CHARITIES AID FOUNDATION AMERICA,,ALEXANDRIA,VA,13300,,,THE NATIONAL ARCHIVES TRUST,https://projects.propublica.org/nonprofits/full_text/202543219349108909/IRS990PF
The Annenberg Foundation,2024,990-PF-XV,LOS ANGELES CHARGERS CHARITIES,,COSTA MESA,CA,12000,,,GENERAL OPERATING SUPPORT,https://projects.propublica.org/nonprofits/full_text/202543219349108909/IRS990PF
The Annenberg Foundation,2024,990-PF-XV,LOS ANGELES FIRE DEPARTMENT FOUNDATION,,LOS ANGELES,CA,12000,,,GENERAL OPERATING SUPPORT,https://projects.propublica.org/nonprofits/full_text/202543219349108909/IRS990PF
The Annenberg Foundation,2024,990-PF-XV,AMERICAN FRIENDS OF THE PARIS OPERA AND BALLET,,NEW YORK,NY,10561,,,2024 REVE DENFANTS EVENT,https://projects.propublica.org/nonprofits/full_text/202543219349108909/IRS990PF
The Annenberg Foundation,2024,990-PF-XV,MYRIAD USA INC,,NEW YORK,NY,10500,,,RECOMMENDATION TO SUPPORT THE AM FRI OF THE SIMON KASHA FDN,https://projects.propublica.org/nonprofits/full_text/202543219349108909/IRS990PF
The Annenberg Foundation,2024,990-PF-XV,4MOM FOUNDATION INC,,LINCOLN,CA,10000,,,GENERAL OPERATING SUPPORT,https://projects.propublica.org/nonprofits/full_text/202543219349108909/IRS990PF
The Annenberg Foundation,2024,990-PF-XV,A ROCHA USA INC,,WHEATON,IL,10000,,,A ROCHA PORTUGAL,https://projects.propublica.org/nonprofits/full_text/202543219349108909/IRS990PF
The Annenberg Foundation,2024,990-PF-XV,ALBUQUERQUE MUSEUM FOUNDATION INC,,ALBUQUERQUE,NM,10000,,,GENERAL OPERATING SUPPORT,https://projects.propublica.org/nonprofits/full_text/202543219349108909/IRS990PF
The Annenberg Foundation,2024,990-PF-XV,ALIGNCARE HEALTH INC,,KNOXVILLE,TN,10000,,,ALIGNCARE LA,https://projects.propublica.org/nonprofits/full_text/202543219349108909/IRS990PF
The Annenberg Foundation,2024,990-PF-XV,AMERICAN FRIENDS OF THE MUSEE ORSAY,,NEW YORK,NY,10000,,,GENERAL OPERATING SUPPORT,https://projects.propublica.org/nonprofits/full_text/202543219349108909/IRS990PF
The Annenberg Foundation,2024,990-PF-XV,AMERICAN LIBRARY IN PARIS INC,,PARIS,,10000,,,GENERAL OPERATING SUPPORT,https://projects.propublica.org/nonprofits/full_text/202543219349108909/IRS990PF
The Annenberg Foundation,2024,990-PF-XV,ARTS FOR LA,,LOS ANGELES,CA,10000,,,ANNUAL STATE OF THE ARTS SUMMIT,https://projects.propublica.org/nonprofits/full_text/202543219349108909/IRS990PF
The Annenberg Foundation,2024,990-PF-XV,ASIAN AMERICANS ADVANCING JUSTICE LOS ANGELES,,LOS ANGELES,CA,10000,,,GENERAL OPERATING SUPPORT,https://projects.propublica.org/nonprofits/full_text/202543219349108909/IRS990PF
The Annenberg Foundation,2024,990-PF-XV,BLACKSTAR ORGANIZATION,,LOS ANGELES,CA,10000,,,GENERAL OPERATING SUPPORT,https://projects.propublica.org/nonprofits/full_text/202543219349108909/IRS990PF
The Annenberg Foundation,2024,990-PF-XV,BROADFUTURES INC,,WASHINGTON,DC,10000,,,GENERAL OPERATING SUPPORT,https://projects.propublica.org/nonprofits/full_text/202543219349108909/IRS990PF
The Annenberg Foundation,2024,990-PF-XV,CHAPTER ONE NFP,,ODESSA,FL,10000,,,PROGRAMMING IN SAN FRANCISCO,https://projects.propublica.org/nonprofits/full_text/202543219349108909/IRS990PF
The Annenberg Foundation,2024,990-PF-XV,CHICAS VERDES CORP,,LOS ANGELES,CA,10000,,,CONNECTING STUDENTS TO NATURE THROUGH SCHOOL GARDENS,https://projects.propublica.org/nonprofits/full_text/202543219349108909/IRS990PF
The Annenberg Foundation,2024,990-PF-XV,CHILDRENS BURN FOUNDATION,,SHERMAN OAKS,CA,10000,,,GENERAL OPERATING SUPPORT,https://projects.propublica.org/nonprofits/full_text/202543219349108909/IRS990PF
The Annenberg Foundation,2024,990-PF-XV,COMMUNITY PARTNERS,,LOS ANGELES,CA,10000,,,TEENTIX LA,https://projects.propublica.org/nonprofits/full_text/202543219349108909/IRS990PF
The Annenberg Foundation,2024,990-PF-XV,CONCRETE QUEENZ INC,,VENICE,CA,10000,,,PROJECT SKATEHER4LIFE,https://projects.propublica.org/nonprofits/full_text/202543219349108909/IRS990PF
The Annenberg Foundation,2024,990-PF-XV,CORO SOUTHERN CALIFORNIA INC,,LOS ANGELES,CA,10000,,,GENERAL OPERATING SUPPORT,https://projects.propublica.org/nonprofits/full_text/202543219349108909/IRS990PF
The Annenberg Foundation,2024,990-PF-XV,CREATIVE ACTS,,INGLEWOOD,CA,10000,,,YOUTH OPPORTUNITY PROGRAM (VR REENTRY PROGRAM),https://projects.propublica.org/nonprofits/full_text/202543219349108909/IRS990PF
The Annenberg Foundation,2024,990-PF-XV,DOGS PLAYING FOR LIFE,,SANTA BARBARA,CA,10000,,,GENERAL OPERATING SUPPORT,https://projects.propublica.org/nonprofits/full_text/202543219349108909/IRS990PF
The Annenberg Foundation,2024,990-PF-XV,FATHERING TOGETHER,,EVANSTON,IL,10000,,,FATHERING TOGETHERS LA DADS GROUP,https://projects.propublica.org/nonprofits/full_text/202543219349108909/IRS990PF
The Annenberg Foundation,2024,990-PF-XV,FRIENDLY HAND FOUNDATION,,LOS ANGELES,CA,10000,,,CARRIE WHITE SCHOLARSHIP FUND,https://projects.propublica.org/nonprofits/full_text/202543219349108909/IRS990PF
The Annenberg Foundation,2024,990-PF-XV,FRIENDS AT MAFUNDI,,LOS ANGELES,CA,10000,,,GENERAL OPERATING SUPPORT,https://projects.propublica.org/nonprofits/full_text/202543219349108909/IRS990PF
The Annenberg Foundation,2024,990-PF-XV,GRAND VALLEY AUDUBON SOCIETY,,GRAND JUNCTION,CO,10000,,,GENERAL OPERATING SUPPORT,https://projects.propublica.org/nonprofits/full_text/202543219349108909/IRS990PF
The Annenberg Foundation,2024,990-PF-XV,HOPE IN A SUITCASE,,BEVERLY HILLS,CA,10000,,,GENERAL OPERATING SUPPORT,https://projects.propublica.org/nonprofits/full_text/202543219349108909/IRS990PF
The Annenberg Foundation,2024,990-PF-XV,HOPEKIDS INC,,SCOTTSDALE,AZ,10000,,,GENERAL OPERATING SUPPORT,https://projects.propublica.org/nonprofits/full_text/202543219349108909/IRS990PF
The Annenberg Foundation,2024,990-PF-XV,INDIAN PUEBLO CULTURAL CENTER INC,,ALBUQUERQUE,NM,10000,,,GENERAL OPERATING SUPPORT,https://projects.propublica.org/nonprofits/full_text/202543219349108909/IRS990PF
The Annenberg Foundation,2024,990-PF-XV,INTERFAITH FOOD CENTER,,SANTA FE SPRINGS,CA,10000,,,HEALTHY FOOD FOR NEIGHBORS IN NEED,https://projects.propublica.org/nonprofits/full_text/202543219349108909/IRS990PF
The Annenberg Foundation,2024,990-PF-XV,INTERNATIONAL BIRD RESCUE,,SAN PEDRO,CA,10000,,,UNITED STATES OPERATIONS,https://projects.propublica.org/nonprofits/full_text/202543219349108909/IRS990PF
The Annenberg Foundation,2024,990-PF-XV,JEWISH FUNDERS NETWORK,,NEW YORK,NY,10000,,,JEWISH FUNDERS NETWORK - WEST,https://projects.propublica.org/nonprofits/full_text/202543219349108909/IRS990PF
The Annenberg Foundation,2024,990-PF-XV,LA JOLLA HISTORICAL SOCIETY,,LA JOLLA,CA,10000,,,GENERAL OPERATING SUPPORT,https://projects.propublica.org/nonprofits/full_text/202543219349108909/IRS990PF
The Annenberg Foundation,2024,990-PF-XV,LANCASTER HOMELESS GROUP,,LANCASTER,CA,10000,,,JOBS FOR THE UNHOUSED VIA ANTELOPE VALLEY URBAN FARMING,https://projects.propublica.org/nonprofits/full_text/202543219349108909/IRS990PF
The Annenberg Foundation,2024,990-PF-XV,LAS FAMILIAS DEL PUEBLO,,LOS ANGELES,CA,10000,,,GENERAL OPERATING SUPPORT,https://projects.propublica.org/nonprofits/full_text/202543219349108909/IRS990PF
The Annenberg Foundation,2024,990-PF-XV,LIBERTY HILL FOUNDATION,,LOS ANGELES,CA,10000,,,GENERAL OPERATING SUPPORT,https://projects.propublica.org/nonprofits/full_text/202543219349108909/IRS990PF
The Annenberg Foundation,2024,990-PF-XV,LIVING FREE NON-PROFIT ANIMAL SANCTUARY,,MOUNTAIN CENTER,CA,10000,,,GENERAL OPERATING SUPPORT,https://projects.propublica.org/nonprofits/full_text/202543219349108909/IRS990PF
The Annenberg Foundation,2024,990-PF-XV,LONG BEACH LOCAL,,LONG BEACH,CA,10000,,,FARM TO FOOD BANK PROGRAM,https://projects.propublica.org/nonprofits/full_text/202543219349108909/IRS990PF
The Annenberg Foundation,2024,990-PF-XV,LOS ANGELES COUNTY POLICE CANINE ASSOCIATION,,SANTA MONICA,CA,10000,,,GENERAL OPERATING SUPPORT,https://projects.propublica.org/nonprofits/full_text/202543219349108909/IRS990PF
The Annenberg Foundation,2024,990-PF-XV,MYRIAD USA INC,,NEW YORK,NY,10000,,,ROYAL ACADEMY AMERICA FUNDS KIEFER VAN GOGH EXHIBITION,https://projects.propublica.org/nonprofits/full_text/202543219349108909/IRS990PF
The Annenberg Foundation,2024,990-PF-XV,NATIONAL FOSTER YOUTH INSTITUTE,,LOS ANGELES,CA,10000,,,GENERAL OPERATING SUPPORT,https://projects.propublica.org/nonprofits/full_text/202543219349108909/IRS990PF
The Annenberg Foundation,2024,990-PF-XV,NEW DIRECTIONS FOR PEOPLE WITH DISABILITIES INC,,SANTA BARBARA,CA,10000,,,HOLIDAY HAPPINESS PROGRAM,https://projects.propublica.org/nonprofits/full_text/202543219349108909/IRS990PF
The Annenberg Foundation,2024,990-PF-XV,NEW YORK CITY BALLET INC,,NEW YORK,NY,10000,,,GENERAL OPERATING SUPPORT,https://projects.propublica.org/nonprofits/full_text/202543219349108909/IRS990PF
The Annenberg Foundation,2024,990-PF-XV,NEW YORK-PRESBYTERIAN FUND INC,,NEW YORK,NY,10000,,,GENERAL OPERATING SUPPORT,https://projects.propublica.org/nonprofits/full_text/202543219349108909/IRS990PF
The Annenberg Foundation,2024,990-PF-XV,NORTHEAST VALLEY HEALTH CORPORATION,,SAN FERNANDO,CA,10000,,,GENERAL OPERATING SUPPORT,https://projects.propublica.org/nonprofits/full_text/202543219349108909/IRS990PF
The Annenberg Foundation,2024,990-PF-XV,PASADENA VILLAGE,,PASADENA,CA,10000,,,AUTHENTIC CONNECTIONS,https://projects.propublica.org/nonprofits/full_text/202543219349108909/IRS990PF
The Annenberg Foundation,2024,990-PF-XV,PEAK GRANTMAKING INC,,WASHINGTON,DC,10000,,,PEAK2024 CONFERENCE,https://projects.propublica.org/nonprofits/full_text/202543219349108909/IRS990PF
The Annenberg Foundation,2024,990-PF-XV,PEAK GRANTMAKING INC,,WASHINGTON,DC,10000,,,PEAK2025 CONFERENCE,https://projects.propublica.org/nonprofits/full_text/202543219349108909/IRS990PF
The Annenberg Foundation,2024,990-PF-XV,POINT FOUNDATION,,LOS ANGELES,CA,10000,,,LGBTQ SCHOLARSHIP FUND,https://projects.propublica.org/nonprofits/full_text/202543219349108909/IRS990PF
The Annenberg Foundation,2024,990-PF-XV,PROJECT RESTORE,,LOS ANGELES,CA,10000,,,GENERAL OPERATING SUPPORT,https://projects.propublica.org/nonprofits/full_text/202543219349108909/IRS990PF
The Annenberg Foundation,2024,990-PF-XV,PUBLIC MEDIA GROUP OF SOUTHERN CALIFORNIA,,BURBANK,CA,10000,,,ARTBOUNDS JPL X PST EPISODE,https://projects.propublica.org/nonprofits/full_text/202543219349108909/IRS990PF
The Annenberg Foundation,2024,990-PF-XV,REKINDLE,,BEACHWOOD,OH,10000,,,GENERAL OPERATING SUPPORT,https://projects.propublica.org/nonprofits/full_text/202543219349108909/IRS990PF
The Annenberg Foundation,2024,990-PF-XV,ROTHKO CHAPEL,,HOUSTON,TX,10000,,,GENERAL OPERATING SUPPORT,https://projects.propublica.org/nonprofits/full_text/202543219349108909/IRS990PF
The Annenberg Foundation,2024,990-PF-XV,SANTA BARBARA BOTANIC GARDEN INC,,SANTA BARBARA,CA,10000,,,GENERAL OPERATING SUPPORT,https://projects.propublica.org/nonprofits/full_text/202543219349108909/IRS990PF
The Annenberg Foundation,2024,990-PF-XV,SANTA BARBARA MUSEUM OF NATURAL HISTORY,,SANTA BARBARA,CA,10000,,,GENERAL OPERATING SUPPORT,https://projects.propublica.org/nonprofits/full_text/202543219349108909/IRS990PF
The Annenberg Foundation,2024,990-PF-XV,SANTA BARBARA WILDLIFE CARE NETWORK,,SANTA BARBARA,CA,10000,,,GENERAL OPERATING SUPPORT,https://projects.propublica.org/nonprofits/full_text/202543219349108909/IRS990PF
The Annenberg Foundation,2024,990-PF-XV,SMITHSONIAN INSTITUTE,,WASHINGTON,DC,10000,,,NATIONAL MUSEUM OF THE AMERICAN INDIAN,https://projects.propublica.org/nonprofits/full_text/202543219349108909/IRS990PF
The Annenberg Foundation,2024,990-PF-XV,SOUTHERN CALIFORNIA GRANTMAKERS,,LOS ANGELES,CA,10000,,,COUNTY OF LOS ANGELES CENTER FOR STRATEGIC PARTNERSHIPS,https://projects.propublica.org/nonprofits/full_text/202543219349108909/IRS990PF
The Annenberg Foundation,2024,990-PF-XV,SPROUTS OF PROMISE FOUNDATION,,MURRIETA,CA,10000,,,COOKING TOGETHER PROGRAM,https://projects.propublica.org/nonprofits/full_text/202543219349108909/IRS990PF
The Annenberg Foundation,2024,990-PF-XV,STRAY CAT ALLIANCE,,LOS ANGELES,CA,10000,,,GENERAL OPERATING SUPPORT,https://projects.propublica.org/nonprofits/full_text/202543219349108909/IRS990PF
The Annenberg Foundation,2024,990-PF-XV,STREET SYMPHONY PROJECT INC,,LOS ANGELES,CA,10000,,,GENERAL OPERATING SUPPORT,https://projects.propublica.org/nonprofits/full_text/202543219349108909/IRS990PF
The Annenberg Foundation,2024,990-PF-XV,THE BERNARD AND SHIRLEY KINSEY FOUNDATION FOR ARTS AND EDUCATION,,PACIFIC PALISADES,CA,10000,,,GENERAL OPERATING SUPPORT,https://projects.propublica.org/nonprofits/full_text/202543219349108909/IRS990PF
The Annenberg Foundation,2024,990-PF-XV,THE HARMONY PROJECT,,LOS ANGELES,CA,10000,,,GENERAL OPERATING SUPPORT,https://projects.propublica.org/nonprofits/full_text/202543219349108909/IRS990PF
The Annenberg Foundation,2024,990-PF-XV,THE LOS ANGELES CHAMBER ORCHESTRA SOCIETY INC,,LOS ANGELES,CA,10000,,,GENERAL OPERATING SUPPORT,https://projects.propublica.org/nonprofits/full_text/202543219349108909/IRS990PF
The Annenberg Foundation,2024,990-PF-XV,THE NATIONAL JAZZ MUSEUM IN HARLEM,,NEW YORK,NY,10000,,,GENERAL OPERATING SUPPORT,https://projects.propublica.org/nonprofits/full_text/202543219349108909/IRS990PF
The Annenberg Foundation,2024,990-PF-XV,TIA CHUCHAS CENTRO CULTURAL INC,,SYLMAR,CA,10000,,,TRANSFORMARTE,https://projects.propublica.org/nonprofits/full_text/202543219349108909/IRS990PF
The Annenberg Foundation,2024,990-PF-XV,UNDER 21,,NEW YORK,NY,10000,,,SLEEP OUT: NEW YORK CITY,https://projects.propublica.org/nonprofits/full_text/202543219349108909/IRS990PF
The Annenberg Foundation,2024,990-PF-XV,UNIVERSITY OF SOUTHERN CALIFORNIA,,LOS ANGELES,CA,10000,,,USC DAVIS SCHOOL OF GERONTOLOGY,https://projects.propublica.org/nonprofits/full_text/202543219349108909/IRS990PF
The Annenberg Foundation,2024,990-PF-XV,UNIVERSITY OF SOUTHERN CALIFORNIA,,LOS ANGELES,CA,10000,,,LAMBDA LGBTQ+ ALUMNI ASSOCIATIONS LAMBDA SCHOLARSHIP FUND,https://projects.propublica.org/nonprofits/full_text/202543219349108909/IRS990PF
The Annenberg Foundation,2024,990-PF-XV,VILLAGE FOR VETS,,LOS ANGELES,CA,10000,,,GENERAL OPERATING SUUPORT,https://projects.propublica.org/nonprofits/full_text/202543219349108909/IRS990PF
The Annenberg Foundation,2024,990-PF-XV,WE CARE OUTREACH MINISTRIES,,LOS ANGELES,CA,10000,,,GENERAL OPERATING SUPPORT,https://projects.propublica.org/nonprofits/full_text/202543219349108909/IRS990PF
The Annenberg Foundation,2024,990-PF-XV,GUGGENHEIM BILBAO MUSEUM FOUNDATION,,BILBO,,5577,,,CHARITABLE MISSION OF THE G BILBAO MUSEUM,https://projects.propublica.org/nonprofits/full_text/202543219349108909/IRS990PF
The Annenberg Foundation,2024,990-PF-XV,ABRAHAM PATH INITIATIVE INC,,NEWTOWN,PA,5000,,,GENERAL OPERATING SUPPORT,https://projects.propublica.org/nonprofits/full_text/202543219349108909/IRS990PF
The Annenberg Foundation,2024,990-PF-XV,AMERICAN FRIENDS OF THE NATIONAL PORTRAIT GALLERY FOUNDATION INC,,NEW YORK,NY,5000,,,NPF EDUCATION CONSERVATION AND OPERATIONS OF LONDON MUSEUM,https://projects.propublica.org/nonprofits/full_text/202543219349108909/IRS990PF
The Annenberg Foundation,2024,990-PF-XV,AUTRY MUSEUM OF THE AMERICAN WEST,,LOS ANGELES,CA,5000,,,SUPPORT THE MASTERS OF THE AMERICAN WEST ART EXHIBITION AND SALE,https://projects.propublica.org/nonprofits/full_text/202543219349108909/IRS990PF
The Annenberg Foundation,2024,990-PF-XV,BORN FREE USA UNITED WITH ANIMAL PROTECTION INSTITUTE,,SILVER SPRING,MD,5000,,,BORN FREE USA PRIMATE SANCTUARY,https://projects.propublica.org/nonprofits/full_text/202543219349108909/IRS990PF
The Annenberg Foundation,2024,990-PF-XV,CALIFORNIA ART CLUB INC,,PASADENA,CA,5000,,,GENERAL OPERATING SUPPORT,https://projects.propublica.org/nonprofits/full_text/202543219349108909/IRS990PF
The Annenberg Foundation,2024,990-PF-XV,CAPE ANN MUSEUM INC,,GLOUCESTER,MA,5000,,,GENERAL OPERATING SUPPORT,https://projects.propublica.org/nonprofits/full_text/202543219349108909/IRS990PF
The Annenberg Foundation,2024,990-PF-XV,DIDI HIRSCH PSYCHIATRIC SERVICE,,CULVER CITY,CA,5000,,,GENERAL OPERATING SUPPORT,https://projects.propublica.org/nonprofits/full_text/202543219349108909/IRS990PF
The Annenberg Foundation,2024,990-PF-XV,EVERYBODY DANCE LA,,LOS ANGELES,CA,5000,,,GENERAL OPERATING SUPPORT,https://projects.propublica.org/nonprofits/full_text/202543219349108909/IRS990PF
The Annenberg Foundation,2024,990-PF-XV,FRIENDS OF THE SCHINDLER HOUSE,,WEST HOLLYWOOD,CA,5000,,,GENERAL OPERATING SUPPORT,https://projects.propublica.org/nonprofits/full_text/202543219349108909/IRS990PF
The Annenberg Foundation,2024,990-PF-XV,HEIDI DUCKLER DANCE,,LOS ANGELES,CA,5000,,,GENERAL OPERATING SUPPORT,https://projects.propublica.org/nonprofits/full_text/202543219349108909/IRS990PF
The Annenberg Foundation,2024,990-PF-XV,JAPANESE AMERICAN NATIONAL MUSEUM,,LOS ANGELES,CA,5000,,,NATIONAL CENTER FOR PRESERVATION OF DEMOCRACYS CIVIC SEASON,https://projects.propublica.org/nonprofits/full_text/202543219349108909/IRS990PF
The Annenberg Foundation,2024,990-PF-XV,JEWISH BIG BROTHERS BIG SISTERS ASSOCIATION OF LOS ANGELES,,LOS ANGELES,CA,5000,,,GENERAL OPERATING SUPPORT,https://projects.propublica.org/nonprofits/full_text/202543219349108909/IRS990PF
The Annenberg Foundation,2024,990-PF-XV,JEWISH MUSEUM,,NEW YORK,NY,5000,,,GENERAL OPERATING SUPPORT,https://projects.propublica.org/nonprofits/full_text/202543219349108909/IRS990PF
The Annenberg Foundation,2024,990-PF-XV,LA-MAS INC,,LOS ANGELES,CA,5000,,,GENERAL OPERATING SUPPORT,https://projects.propublica.org/nonprofits/full_text/202543219349108909/IRS990PF
The Annenberg Foundation,2024,990-PF-XV,LOS ANGELES RIVER STATE PARK PARTNERS,,LOS ANGELES,CA,5000,,,GENERAL OPERATING SUPPORT,https://projects.propublica.org/nonprofits/full_text/202543219349108909/IRS990PF
The Annenberg Foundation,2024,990-PF-XV,LOS ANGELES RIVER STATE PARK PARTNERS,,LOS ANGELES,CA,5000,,,GOLDEN HOUR EVENT,https://projects.propublica.org/nonprofits/full_text/202543219349108909/IRS990PF
The Annenberg Foundation,2024,990-PF-XV,NEW EARTH ORGANIZATION,,LOS ANGELES,CA,5000,,,GENERAL OPERATING SUPPORT,https://projects.propublica.org/nonprofits/full_text/202543219349108909/IRS990PF
The Annenberg Foundation,2024,990-PF-XV,POINT LOBOS FOUNDATION,,MONTEREY,CA,5000,,,GENERAL OPERATING SUPPORT,https://projects.propublica.org/nonprofits/full_text/202543219349108909/IRS990PF
The Annenberg Foundation,2024,990-PF-XV,SEVENTH REGIMENT ARMORY CONSERVANCY INC,,NEW YORK,NY,5000,,,GENERAL OPERATING SUPPORT,https://projects.propublica.org/nonprofits/full_text/202543219349108909/IRS990PF
The Annenberg Foundation,2024,990-PF-XV,SWIM WITH MIKE FOUNDATION,,PASADENA,CA,5000,,,GENERAL OPERATING SUPPORT,https://projects.propublica.org/nonprofits/full_text/202543219349108909/IRS990PF
The Annenberg Foundation,2024,990-PF-XV,THE GADEN SHARTSE CULTURAL FOUNDATION,,LONG BEACH,CA,5000,,,GENERAL OPERATING SUPPORT,https://projects.propublica.org/nonprofits/full_text/202543219349108909/IRS990PF
The Annenberg Foundation,2024,990-PF-XV,THE OPERA LEAGUE OF LOS ANGELES,,LOS ANGELES,CA,5000,,,GENERAL OPERATING SUPPORT,https://projects.propublica.org/nonprofits/full_text/202543219349108909/IRS990PF
The Annenberg Foundation,2024,990-PF-XV,UNATTI FOUNDATION,,SANTA MONICA,CA,5000,,,GENERAL OPERATING SUPPORT,https://projects.propublica.org/nonprofits/full_text/202543219349108909/IRS990PF
The Annenberg Foundation,2024,990-PF-XV,WOODS HOLE OCEANOGRAPHIC INSTITUTION,,WOODS HOLE,MA,5000,,,GENERAL OPERATING SUPPORT,https://projects.propublica.org/nonprofits/full_text/202543219349108909/IRS990PF
The Annenberg Foundation,2024,990-PF-XV,IMPACT FORUM FOUNDATION,,ENCINO,CA,2000,,,UNITED STATES OPERATIONS,https://projects.propublica.org/nonprofits/full_text/202543219349108909/IRS990PF
The Annenberg Foundation,2024,990-PF-XV,JEWISH FREE LOAN ASSOCIATION,,LOS ANGELES,CA,2000,,,GENERAL OPERATING SUPPORT,https://projects.propublica.org/nonprofits/full_text/202543219349108909/IRS990PF
The Annenberg Foundation,2024,990-PF-XV,JONSSON CANCER CENTER FOUNDATION UCLA,,LOS ANGELES,CA,2000,,,GENERAL OPERATING SUPPORT,https://projects.propublica.org/nonprofits/full_text/202543219349108909/IRS990PF
The Annenberg Foundation,2024,990-PF-XV,BUCKS COUNTY HISTORICAL SOCIETY MERCER MUSEUM,,DOYLESTOWN,PA,1000,,,GENERAL OPERATING SUPPORT,https://projects.propublica.org/nonprofits/full_text/202543219349108909/IRS990PF
The Annenberg Foundation,2024,990-PF-XV,PALESTINE CHILDRENS RELIEF FUND,,KENT,OH,1000,,,UNITED STATES OPERATIONS,https://projects.propublica.org/nonprofits/full_text/202543219349108909/IRS990PF
The Annenberg Foundation,2024,990-PF-XV,THE PEACE STUDIO INC,,NEW YORK,NY,1000,,,THE ARTIST AS CATALYST PROGRAM,https://projects.propublica.org/nonprofits/full_text/202543219349108909/IRS990PF
The Annenberg Foundation,2024,990-PF-XV,TRIUMPH FOUNDATION,,VELENCIA,CA,1000,,,GENERAL OPERATING SUPPORT,https://projects.propublica.org/nonprofits/full_text/202543219349108909/IRS990PF
The Annenberg Foundation,2024,990-PF-XV,CULVER CITY HIGH SCHOOL BOOSTERS INC,,CULVER CITY,CA,500,,,CCHS BOYS SOCCER PROGRAM,https://projects.propublica.org/nonprofits/full_text/202543219349108909/IRS990PF
The Annenberg Foundation,2024,990-PF-XV,RYAN HOUSE,,PHOENIX,AZ,500,,,GENERAL OPERATING SUPPORT,https://projects.propublica.org/nonprofits/full_text/202543219349108909/IRS990PF
The Annenberg Foundation,2024,990-PF-XV,STEPHEN J WAMPLER FOUNDATION INC,,CORONADO,CA,500,,,GENERAL OPERATING SUPPORT,https://projects.propublica.org/nonprofits/full_text/202543219349108909/IRS990PF
The Annenberg Foundation,2024,990-PF-XV,MEDICAL DEBT RESOLUTION INC,,QUEENS,NY,259,,,GENERAL OPERATING SUPPORT,https://projects.propublica.org/nonprofits/full_text/202543219349108909/IRS990PF
The Annenberg Foundation,2024,990-PF-XV,LOS ANGELES LGBT CENTER,,LOS ANGELES,CA,50,,,GENERAL OPERATING SUPPORT,https://projects.propublica.org/nonprofits/full_text/202543219349108909/IRS990PF
