funder,tax_year,schedule,recipient,recipient_ein,city,state,amount,amount_noncash,noncash_desc,purpose,source
Petco Love,2025,990-SchI,AUSTIN PETS ALIVE,74-2893360,AUSTIN,TX,1501500,120,"VACCINES, PRODUCTS",GENERAL SUPPORT,https://projects.propublica.org/nonprofits/full_text/202523519349301407/IRS990ScheduleI
Petco Love,2025,990-SchI,BETTERTOGETHER FOREVER,20-1329182,GLENDALE,CA,545000,0,N/A,GENERAL SUPPORT,https://projects.propublica.org/nonprofits/full_text/202523519349301407/IRS990ScheduleI
Petco Love,2025,990-SchI,BRANDYWINE VALLEY SPCA,23-1381030,WEST CHESTER,PA,327000,8538,"VACCINES, PRODUCTS",GENERAL SUPPORT,https://projects.propublica.org/nonprofits/full_text/202523519349301407/IRS990ScheduleI
Petco Love,2025,990-SchI,CHARLESTON ANIMAL SOCIETY,57-6021863,NORTH CHARLESTON,SC,275000,6,"VACCINES, PRODUCTS",GENERAL SUPPORT,https://projects.propublica.org/nonprofits/full_text/202523519349301407/IRS990ScheduleI
Petco Love,2025,990-SchI,JACKSONVILLE HUMANE SOCIETY,59-0624410,JACKSONVILLE,FL,180900,56,"VACCINES, PRODUCTS",GENERAL SUPPORT,https://projects.propublica.org/nonprofits/full_text/202523519349301407/IRS990ScheduleI
Petco Love,2025,990-SchI,HUMANE SOCIETY OF NORTH TEXAS,75-1245911,FORT WORTH,TX,159368,13219,"VACCINES, PRODUCTS",GENERAL SUPPORT,https://projects.propublica.org/nonprofits/full_text/202523519349301407/IRS990ScheduleI
Petco Love,2025,990-SchI,LOS ANGELES ANIMAL SERVICES,95-6000735,LOS ANGELES,CA,150000,11427,"VACCINES, PRODUCTS",GENERAL SUPPORT,https://projects.propublica.org/nonprofits/full_text/202523519349301407/IRS990ScheduleI
Petco Love,2025,990-SchI,UNIVERSITY OF WISCONSIN FOUNDATION,39-0743975,MADISON,WI,150000,0,N/A,GENERAL SUPPORT,https://projects.propublica.org/nonprofits/full_text/202523519349301407/IRS990ScheduleI
Petco Love,2025,990-SchI,UNIVERSITY OF FLORIDA FOUNDATION,59-0974739,GAINESVILLE,FL,145000,0,N/A,GENERAL SUPPORT,https://projects.propublica.org/nonprofits/full_text/202523519349301407/IRS990ScheduleI
Petco Love,2025,990-SchI,CITY OF EL PASO ANIMAL SERVICES,74-6000749,EL PASO,TX,142100,9975,"VACCINES, PRODUCTS",GENERAL SUPPORT,https://projects.propublica.org/nonprofits/full_text/202523519349301407/IRS990ScheduleI
Petco Love,2025,990-SchI,CLAIBORNE COUNTY ANIMAL CONTROL BOARD INC,26-3048648,NEW TAZEWELL,TN,128525,3980,"VACCINES, PRODUCTS",GENERAL SUPPORT,https://projects.propublica.org/nonprofits/full_text/202523519349301407/IRS990ScheduleI
Petco Love,2025,990-SchI,ASSOCIATION FOR ANIMAL WELFARE ADVANCEMENT (AAWA),41-1618666,SURPRISE,AZ,125000,0,N/A,GENERAL SUPPORT,https://projects.propublica.org/nonprofits/full_text/202523519349301407/IRS990ScheduleI
Petco Love,2025,990-SchI,THE HUMANE SOCIETY OF THE UNITED STATES (HSUS),53-0225390,WASHINGTON,DC,121500,11282,"VACCINES, PRODUCTS",GENERAL SUPPORT,https://projects.propublica.org/nonprofits/full_text/202523519349301407/IRS990ScheduleI
Petco Love,2025,990-SchI,ALL KIND ANIMAL INITIATIVE,86-3226661,ABILENE,TX,119785,6912,"VACCINES, PRODUCTS",GENERAL SUPPORT,https://projects.propublica.org/nonprofits/full_text/202523519349301407/IRS990ScheduleI
Petco Love,2025,990-SchI,THREE LITTLE PITTIES RESCUE,82-4437410,FRIENDSWOOD,TX,116455,5460,"VACCINES, PRODUCTS",GENERAL SUPPORT,https://projects.propublica.org/nonprofits/full_text/202523519349301407/IRS990ScheduleI
Petco Love,2025,990-SchI,THE MOSBY FOUNDATION,20-1468817,DEERFIELD,VA,115498,0,N/A,GENERAL SUPPORT,https://projects.propublica.org/nonprofits/full_text/202523519349301407/IRS990ScheduleI
Petco Love,2025,990-SchI,ANIMAL RESCUE LEAGUE OF IOWA INC,42-0680427,DES MOINES,IA,108600,3293,"VACCINES, PRODUCTS",GENERAL SUPPORT,https://projects.propublica.org/nonprofits/full_text/202523519349301407/IRS990ScheduleI
Petco Love,2025,990-SchI,CITY OF WESLACO,74-6002544,WESLACO,TX,104500,1141,"VACCINES, PRODUCTS",GENERAL SUPPORT,https://projects.propublica.org/nonprofits/full_text/202523519349301407/IRS990ScheduleI
Petco Love,2025,990-SchI,CITY OF HOUSTON - BARC ANIMAL SHELTER & ADOPTIONS,74-6001164,HOUSTON,TX,103000,0,N/A,GENERAL SUPPORT,https://projects.propublica.org/nonprofits/full_text/202523519349301407/IRS990ScheduleI
Petco Love,2025,990-SchI,TERREBONNE PARISH ANIMAL SHELTER,72-6001390,GRAY,LA,102265,0,N/A,GENERAL SUPPORT,https://projects.propublica.org/nonprofits/full_text/202523519349301407/IRS990ScheduleI
Petco Love,2025,990-SchI,RESCUED PETS MOVEMENT INC,46-3708327,HOUSTON,TX,101000,0,N/A,GENERAL SUPPORT,https://projects.propublica.org/nonprofits/full_text/202523519349301407/IRS990ScheduleI
Petco Love,2025,990-SchI,ANIMAL CARE AND CONTROL TEAM OF PHILADELPHIA (ACCT),45-3985637,PHILADELPHIA,PA,100500,6,"VACCINES, PRODUCTS",GENERAL SUPPORT,https://projects.propublica.org/nonprofits/full_text/202523519349301407/IRS990ScheduleI
Petco Love,2025,990-SchI,CORNELL UNIVERSITY COLLEGE OF VETERINARY MEDICINE,15-0532082,ITHACA,NY,100000,0,N/A,GENERAL SUPPORT,https://projects.propublica.org/nonprofits/full_text/202523519349301407/IRS990ScheduleI
Petco Love,2025,990-SchI,EMANCIPET INC,74-2913624,AUSTIN,TX,100000,0,N/A,GENERAL SUPPORT,https://projects.propublica.org/nonprofits/full_text/202523519349301407/IRS990ScheduleI
Petco Love,2025,990-SchI,SAN DIEGO HUMANE SOCIETY AND SPCA,95-1661688,SAN DIEGO,CA,95500,1097,"VACCINES, PRODUCTS",GENERAL SUPPORT,https://projects.propublica.org/nonprofits/full_text/202523519349301407/IRS990ScheduleI
Petco Love,2025,990-SchI,HAWAIIAN HUMANE SOCIETY,99-0073490,HONOLULU,HI,85000,3577,"VACCINES, PRODUCTS",GENERAL SUPPORT,https://projects.propublica.org/nonprofits/full_text/202523519349301407/IRS990ScheduleI
Petco Love,2025,990-SchI,ANIMAL BALANCE,68-0630714,SAN FRANCISCO,CA,83475,17360,"VACCINES, PRODUCTS",GENERAL SUPPORT,https://projects.propublica.org/nonprofits/full_text/202523519349301407/IRS990ScheduleI
Petco Love,2025,990-SchI,ADOPT AN ANGEL,20-0576752,WILMINGTON,NC,82500,12,"VACCINES, PRODUCTS",GENERAL SUPPORT,https://projects.propublica.org/nonprofits/full_text/202523519349301407/IRS990ScheduleI
Petco Love,2025,990-SchI,KANSAS CITY PET PROJECT,45-3067615,KANSAS CITY,MO,80000,1324,"VACCINES, PRODUCTS",GENERAL SUPPORT,https://projects.propublica.org/nonprofits/full_text/202523519349301407/IRS990ScheduleI
Petco Love,2025,990-SchI,FOOTHILLS ANIMAL SHELTER,84-1311450,GOLDEN,CO,78000,1604,"VACCINES, PRODUCTS",GENERAL SUPPORT,https://projects.propublica.org/nonprofits/full_text/202523519349301407/IRS990ScheduleI
Petco Love,2025,990-SchI,DALLAS ANIMAL SERVICES,75-6000508,DALLAS,TX,76500,0,N/A,GENERAL SUPPORT,https://projects.propublica.org/nonprofits/full_text/202523519349301407/IRS990ScheduleI
Petco Love,2025,990-SchI,BURLINGTON ANIMAL SERVICES,56-6001189,BURLINGTON,NC,75900,2094,"VACCINES, PRODUCTS",GENERAL SUPPORT,https://projects.propublica.org/nonprofits/full_text/202523519349301407/IRS990ScheduleI
Petco Love,2025,990-SchI,FRIENDSHIP ANIMAL PROTECTIVE LEAGUE,34-6529498,ELYRIA,OH,73000,46,"VACCINES, PRODUCTS",GENERAL SUPPORT,https://projects.propublica.org/nonprofits/full_text/202523519349301407/IRS990ScheduleI
Petco Love,2025,990-SchI,ASPCA,13-1623829,NEW YORK,NY,72800,22067,"VACCINES, PRODUCTS",GENERAL SUPPORT,https://projects.propublica.org/nonprofits/full_text/202523519349301407/IRS990ScheduleI
Petco Love,2025,990-SchI,BEST FRIENDS ANIMAL SOCIETY,23-7147797,KANAB,UT,72750,0,N/A,GENERAL SUPPORT,https://projects.propublica.org/nonprofits/full_text/202523519349301407/IRS990ScheduleI
Petco Love,2025,990-SchI,ROCKY MOUNTAIN PUPPY RESCUE,27-2214963,BERTHOUD,CO,71950,4900,"VACCINES, PRODUCTS",GENERAL SUPPORT,https://projects.propublica.org/nonprofits/full_text/202523519349301407/IRS990ScheduleI
Petco Love,2025,990-SchI,SPAY-NEUTER ASSISTANCE PROGRAM (SNAP),76-0608925,HOUSTON,TX,71733,57481,"VACCINES, PRODUCTS",GENERAL SUPPORT,https://projects.propublica.org/nonprofits/full_text/202523519349301407/IRS990ScheduleI
Petco Love,2025,990-SchI,WISCONSIN HUMANE SOCIETY,39-0810533,MILWAUKEE,WI,71500,495,"VACCINES, PRODUCTS",GENERAL SUPPORT,https://projects.propublica.org/nonprofits/full_text/202523519349301407/IRS990ScheduleI
Petco Love,2025,990-SchI,ANIMAL CARE CENTERS OF NYC,13-3788986,NEW YORK,NY,71500,0,N/A,GENERAL SUPPORT,https://projects.propublica.org/nonprofits/full_text/202523519349301407/IRS990ScheduleI
Petco Love,2025,990-SchI,CITY OF SACRAMENTO FRONT STREET SHELTER,94-6000410,SACRAMENTO,CA,71300,22842,"VACCINES, PRODUCTS",GENERAL SUPPORT,https://projects.propublica.org/nonprofits/full_text/202523519349301407/IRS990ScheduleI
Petco Love,2025,990-SchI,THE CAT HOUSE ON THE KINGS,27-0015288,PARLIER,CA,70800,23908,"VACCINES, PRODUCTS",GENERAL SUPPORT,https://projects.propublica.org/nonprofits/full_text/202523519349301407/IRS990ScheduleI
Petco Love,2025,990-SchI,LYNCHBURG HUMANE SOCIETY,54-0570901,LYNCHBURG,VA,70400,11876,"VACCINES, PRODUCTS",GENERAL SUPPORT,https://projects.propublica.org/nonprofits/full_text/202523519349301407/IRS990ScheduleI
Petco Love,2025,990-SchI,PIONEER HUMANE SOCIETY (AKA PENDLETON ANIMAL WELFARE SHELTER),93-0845104,PENDLETON,OR,70000,0,N/A,GENERAL SUPPORT,https://projects.propublica.org/nonprofits/full_text/202523519349301407/IRS990ScheduleI
Petco Love,2025,990-SchI,SOUTH UTAH VALLEY ANIMAL SHELTER,72-1604129,SPANISH FORK,UT,68000,165,"VACCINES, PRODUCTS",GENERAL SUPPORT,https://projects.propublica.org/nonprofits/full_text/202523519349301407/IRS990ScheduleI
Petco Love,2025,990-SchI,PINAL COUNTY ANIMAL CARE AND CONTROL,86-6000556,CASA GRANDE,AZ,66548,8258,"VACCINES, PRODUCTS",GENERAL SUPPORT,https://projects.propublica.org/nonprofits/full_text/202523519349301407/IRS990ScheduleI
Petco Love,2025,990-SchI,HUMANE SOCIETY OF TAMPA BAY,59-0799907,TAMPA,FL,65300,9177,"VACCINES, PRODUCTS",GENERAL SUPPORT,https://projects.propublica.org/nonprofits/full_text/202523519349301407/IRS990ScheduleI
Petco Love,2025,990-SchI,HOMEWARD BOUND PET ADOPTION CENTER,20-0549531,BLACKWOOD,NJ,61500,0,N/A,GENERAL SUPPORT,https://projects.propublica.org/nonprofits/full_text/202523519349301407/IRS990ScheduleI
Petco Love,2025,990-SchI,OPERATION KINDNESS,75-1553350,CARROLLTON,TX,61200,5387,"VACCINES, PRODUCTS",GENERAL SUPPORT,https://projects.propublica.org/nonprofits/full_text/202523519349301407/IRS990ScheduleI
Petco Love,2025,990-SchI,SOUTHERN PINES ANIMAL SHELTER,64-0514796,HATTIESBURG,MS,61000,33566,"VACCINES, PRODUCTS",GENERAL SUPPORT,https://projects.propublica.org/nonprofits/full_text/202523519349301407/IRS990ScheduleI
Petco Love,2025,990-SchI,COMPANION ANIMAL RESCUE OF ASCENSION DBA CARA'S HOUSE,90-0877497,SORRENTO,LA,60800,2268,"VACCINES, PRODUCTS",GENERAL SUPPORT,https://projects.propublica.org/nonprofits/full_text/202523519349301407/IRS990ScheduleI
Petco Love,2025,990-SchI,SPAY4LA,45-2996980,LOS ANGELES,CA,60000,0,N/A,GENERAL SUPPORT,https://projects.propublica.org/nonprofits/full_text/202523519349301407/IRS990ScheduleI
Petco Love,2025,990-SchI,SPCA OF BRAZORIA COUNTY,23-7404451,LAKE JACKSON,TX,58700,5774,"VACCINES, PRODUCTS",GENERAL SUPPORT,https://projects.propublica.org/nonprofits/full_text/202523519349301407/IRS990ScheduleI
Petco Love,2025,990-SchI,CHARLOTTE MECKLENBURG ANIMAL CARE AND CONTROL,52-1333483,CHARLOTTE,NC,58625,2852,"VACCINES, PRODUCTS",GENERAL SUPPORT,https://projects.propublica.org/nonprofits/full_text/202523519349301407/IRS990ScheduleI
Petco Love,2025,990-SchI,WASHINGTON COUNTY SPCA,73-6107239,BARTLESVILLE,OK,58000,172,"VACCINES, PRODUCTS",GENERAL SUPPORT,https://projects.propublica.org/nonprofits/full_text/202523519349301407/IRS990ScheduleI
Petco Love,2025,990-SchI,NOAHS ARK ANIMAL HAVEN AND RESCUE,85-2004854,LAKEHEAD,CA,57585,11543,"VACCINES, PRODUCTS",GENERAL SUPPORT,https://projects.propublica.org/nonprofits/full_text/202523519349301407/IRS990ScheduleI
Petco Love,2025,990-SchI,FORTUNATE POOCHES & LAB RESCUE,20-0351812,PALATINE,IL,56600,0,N/A,GENERAL SUPPORT,https://projects.propublica.org/nonprofits/full_text/202523519349301407/IRS990ScheduleI
Petco Love,2025,990-SchI,HUMANE SOCIETY TACOMA & PIERCE COUNTY,91-0577128,TACOMA,WA,56381,4272,"VACCINES, PRODUCTS",GENERAL SUPPORT,https://projects.propublica.org/nonprofits/full_text/202523519349301407/IRS990ScheduleI
Petco Love,2025,990-SchI,ANIMAL SERVICE CENTER OF THE MESILLA VALLEY,26-4297265,LAS CRUCES,NM,55175,6867,"VACCINES, PRODUCTS",GENERAL SUPPORT,https://projects.propublica.org/nonprofits/full_text/202523519349301407/IRS990ScheduleI
Petco Love,2025,990-SchI,TEXAS COALITION FOR ANIMAL PROTECTION (TCAP),75-2915935,FT WORTH,TX,55175,2472,"VACCINES, PRODUCTS",GENERAL SUPPORT,https://projects.propublica.org/nonprofits/full_text/202523519349301407/IRS990ScheduleI
Petco Love,2025,990-SchI,HUMANE NETWORK,27-0487147,RENO,NV,54050,5882,"VACCINES, PRODUCTS",GENERAL SUPPORT,https://projects.propublica.org/nonprofits/full_text/202523519349301407/IRS990ScheduleI
Petco Love,2025,990-SchI,HUMANE SOCIETY OF HOBART INC,35-0989082,HOBART,IN,53687,28,"VACCINES, PRODUCTS",GENERAL SUPPORT,https://projects.propublica.org/nonprofits/full_text/202523519349301407/IRS990ScheduleI
Petco Love,2025,990-SchI,LAWRENCE HUMANE SOCIETY,48-0641821,LAWRENCE,KS,53310,5478,"VACCINES, PRODUCTS",GENERAL SUPPORT,https://projects.propublica.org/nonprofits/full_text/202523519349301407/IRS990ScheduleI
Petco Love,2025,990-SchI,CLAY COUNTY ANIMAL CARE & CONTROL,59-6000553,GREEN COVE SPRINGS,FL,53000,1723,"VACCINES, PRODUCTS",GENERAL SUPPORT,https://projects.propublica.org/nonprofits/full_text/202523519349301407/IRS990ScheduleI
Petco Love,2025,990-SchI,CITY OF FLORENCE,63-6001261,FLORENCE,AL,53000,14,"VACCINES, PRODUCTS",GENERAL SUPPORT,https://projects.propublica.org/nonprofits/full_text/202523519349301407/IRS990ScheduleI
Petco Love,2025,990-SchI,ALL 4 PAWS,45-3676896,PAWLEYS ISLAND,SC,52500,1379,"VACCINES, PRODUCTS",GENERAL SUPPORT,https://projects.propublica.org/nonprofits/full_text/202523519349301407/IRS990ScheduleI
Petco Love,2025,990-SchI,SPAY NEUTER NETWORK,20-0276988,KAUFMAN,TX,52053,74344,"VACCINES, PRODUCTS",GENERAL SUPPORT,https://projects.propublica.org/nonprofits/full_text/202523519349301407/IRS990ScheduleI
Petco Love,2025,990-SchI,HUMANE SOCIETY OF SOUTHERN WISCONSIN,39-0973879,JANESVILLE,WI,51979,5933,"VACCINES, PRODUCTS",GENERAL SUPPORT,https://projects.propublica.org/nonprofits/full_text/202523519349301407/IRS990ScheduleI
Petco Love,2025,990-SchI,FIX WEST TEXAS,84-4108520,MIDLAND,TX,51900,42230,"VACCINES, PRODUCTS",GENERAL SUPPORT,https://projects.propublica.org/nonprofits/full_text/202523519349301407/IRS990ScheduleI
Petco Love,2025,990-SchI,CAMERON COUNTY PUBLIC HEALTH,74-6000420,SAN BENITO,TX,51530,7112,"VACCINES, PRODUCTS",GENERAL SUPPORT,https://projects.propublica.org/nonprofits/full_text/202523519349301407/IRS990ScheduleI
Petco Love,2025,990-SchI,GREENVILLE COUNTY ANIMAL CARE,57-6000356,GREENVILLE,SC,51400,5519,"VACCINES, PRODUCTS",GENERAL SUPPORT,https://projects.propublica.org/nonprofits/full_text/202523519349301407/IRS990ScheduleI
Petco Love,2025,990-SchI,BROTHER WOLF ANIMAL RESCUE,20-8787719,ASHEVILLE,NC,50900,0,N/A,GENERAL SUPPORT,https://projects.propublica.org/nonprofits/full_text/202523519349301407/IRS990ScheduleI
Petco Love,2025,990-SchI,BARREN RIVER ANIMAL WELFARE ASSOCIATION,61-1212479,GLASGOW,KY,50000,0,N/A,GENERAL SUPPORT,https://projects.propublica.org/nonprofits/full_text/202523519349301407/IRS990ScheduleI
Petco Love,2025,990-SchI,COLLETON COUNTY ANIMAL SERVICES,57-6000339,WALTERBORO,SC,50000,0,N/A,GENERAL SUPPORT,https://projects.propublica.org/nonprofits/full_text/202523519349301407/IRS990ScheduleI
Petco Love,2025,990-SchI,FORT WAYNE ANIMAL CARE & CONTROL,35-6001029,FORT WAYNE,IN,50000,0,N/A,GENERAL SUPPORT,https://projects.propublica.org/nonprofits/full_text/202523519349301407/IRS990ScheduleI
Petco Love,2025,990-SchI,IDAHO HUMANE SOCIETY,82-0212536,BOISE,ID,50000,0,N/A,GENERAL SUPPORT,https://projects.propublica.org/nonprofits/full_text/202523519349301407/IRS990ScheduleI
Petco Love,2025,990-SchI,LOS ANGELES COUNTY ANIMAL CARE FOUNDATION,95-3909782,LONG BEACH,CA,50000,0,N/A,GENERAL SUPPORT,https://projects.propublica.org/nonprofits/full_text/202523519349301407/IRS990ScheduleI
Petco Love,2025,990-SchI,MISSION K9 RESCUE,46-4302698,MAGNOLIA,TX,50000,0,N/A,GENERAL SUPPORT,https://projects.propublica.org/nonprofits/full_text/202523519349301407/IRS990ScheduleI
Petco Love,2025,990-SchI,NATIONAL DISASTER SEARCH DOG FOUNDATION (SDF),77-0412509,SANTA PAULA,CA,50000,0,N/A,GENERAL SUPPORT,https://projects.propublica.org/nonprofits/full_text/202523519349301407/IRS990ScheduleI
Petco Love,2025,990-SchI,PASCO COUNTY BOARD OF COUNTY COMMISSIONERS (PASCO COUNTY ANIMAL SERVICES),59-6000793,DADE CITY,FL,50000,0,N/A,GENERAL SUPPORT,https://projects.propublica.org/nonprofits/full_text/202523519349301407/IRS990ScheduleI
Petco Love,2025,990-SchI,SAVING GRACE PET ADOPTION CENTER,93-1318052,ROSEBURG,OR,50000,0,N/A,GENERAL SUPPORT,https://projects.propublica.org/nonprofits/full_text/202523519349301407/IRS990ScheduleI
Petco Love,2025,990-SchI,SECTOR K9 FOUNDATION,85-0762973,WAXAHACHIE,TX,50000,0,N/A,GENERAL SUPPORT,https://projects.propublica.org/nonprofits/full_text/202523519349301407/IRS990ScheduleI
Petco Love,2025,990-SchI,HUMANE SOCIETY OF SOUTH MISSISSIPPI,64-6034439,GULFPORT,MS,48186,3349,"VACCINES, PRODUCTS",GENERAL SUPPORT,https://projects.propublica.org/nonprofits/full_text/202523519349301407/IRS990ScheduleI
Petco Love,2025,990-SchI,OPERATION CATNIP OF GAINESVILLE INC,59-3522372,GAINESVILLE,FL,48000,33701,"VACCINES, PRODUCTS",GENERAL SUPPORT,https://projects.propublica.org/nonprofits/full_text/202523519349301407/IRS990ScheduleI
Petco Love,2025,990-SchI,FIXNATION,83-0452460,LOS ANGELES,CA,48000,18725,"VACCINES, PRODUCTS",GENERAL SUPPORT,https://projects.propublica.org/nonprofits/full_text/202523519349301407/IRS990ScheduleI
Petco Love,2025,990-SchI,ANDERSON HUMANE,36-6164626,SOUTH ELGIN,IL,47500,326,"VACCINES, PRODUCTS",GENERAL SUPPORT,https://projects.propublica.org/nonprofits/full_text/202523519349301407/IRS990ScheduleI
Petco Love,2025,990-SchI,SEVIER COUNTY ANIMAL SHELTER,83-0857151,SEVIERVILLE,TN,47000,3435,"VACCINES, PRODUCTS",GENERAL SUPPORT,https://projects.propublica.org/nonprofits/full_text/202523519349301407/IRS990ScheduleI
Petco Love,2025,990-SchI,MARICOPA COUNTY ANIMAL CARE AND CONTROL,86-6000472,PHOENIX,AZ,46850,114,"VACCINES, PRODUCTS",GENERAL SUPPORT,https://projects.propublica.org/nonprofits/full_text/202523519349301407/IRS990ScheduleI
Petco Love,2025,990-SchI,RESCUE RANCH,42-1598987,MCRAE HELENA,GA,46000,21941,"VACCINES, PRODUCTS",GENERAL SUPPORT,https://projects.propublica.org/nonprofits/full_text/202523519349301407/IRS990ScheduleI
Petco Love,2025,990-SchI,WINGS OF RESCUE,45-3343408,SAN DIEGO,CA,46000,0,N/A,GENERAL SUPPORT,https://projects.propublica.org/nonprofits/full_text/202523519349301407/IRS990ScheduleI
Petco Love,2025,990-SchI,IT'S MEOW OR NEVER INC,26-1298437,TALLAHASSEE,FL,45500,42638,"VACCINES, PRODUCTS",GENERAL SUPPORT,https://projects.propublica.org/nonprofits/full_text/202523519349301407/IRS990ScheduleI
Petco Love,2025,990-SchI,KOKOMO HUMANE SOCIETY,35-0989705,KOKOMO,IN,45400,6078,"VACCINES, PRODUCTS",GENERAL SUPPORT,https://projects.propublica.org/nonprofits/full_text/202523519349301407/IRS990ScheduleI
Petco Love,2025,990-SchI,SIMI VALLEY NONPROFIT SPAY & NEUTER CLINIC,77-0568506,SIMI VALLEY,CA,44950,12607,"VACCINES, PRODUCTS",GENERAL SUPPORT,https://projects.propublica.org/nonprofits/full_text/202523519349301407/IRS990ScheduleI
Petco Love,2025,990-SchI,NEW BEGINNINGS FOR MERCED COUNTY ANIMALS,36-4704902,WINTON,CA,44225,2005,"VACCINES, PRODUCTS",GENERAL SUPPORT,https://projects.propublica.org/nonprofits/full_text/202523519349301407/IRS990ScheduleI
Petco Love,2025,990-SchI,OCONEE HUMANE SOCIETY,46-0485454,SENECA,SC,43586,10850,"VACCINES, PRODUCTS",GENERAL SUPPORT,https://projects.propublica.org/nonprofits/full_text/202523519349301407/IRS990ScheduleI
Petco Love,2025,990-SchI,KENTUCKY HUMANE SOCIETY,61-0463938,LOUISVILLE,KY,43500,9508,"VACCINES, PRODUCTS",GENERAL SUPPORT,https://projects.propublica.org/nonprofits/full_text/202523519349301407/IRS990ScheduleI
Petco Love,2025,990-SchI,CAT ADOPTION TEAM,20-0773189,SHERWOOD,OR,43500,78,"VACCINES, PRODUCTS",GENERAL SUPPORT,https://projects.propublica.org/nonprofits/full_text/202523519349301407/IRS990ScheduleI
Petco Love,2025,990-SchI,BIG BEND TNR INC,87-3221122,TALLAHASSEE,FL,43413,30283,"VACCINES, PRODUCTS",GENERAL SUPPORT,https://projects.propublica.org/nonprofits/full_text/202523519349301407/IRS990ScheduleI
Petco Love,2025,990-SchI,ANICIRA VETERINARY CENTER,20-8358468,HARRISONBURG,VA,43305,37914,"VACCINES, PRODUCTS",GENERAL SUPPORT,https://projects.propublica.org/nonprofits/full_text/202523519349301407/IRS990ScheduleI
Petco Love,2025,990-SchI,CAROL HOUSE QUICK FIX CLINIC,90-0595857,ST LOUIS,MO,43000,35091,"VACCINES, PRODUCTS",GENERAL SUPPORT,https://projects.propublica.org/nonprofits/full_text/202523519349301407/IRS990ScheduleI
Petco Love,2025,990-SchI,TEN LIVES CLUB,16-1611221,BLASDELL,NY,43000,20,"VACCINES, PRODUCTS",GENERAL SUPPORT,https://projects.propublica.org/nonprofits/full_text/202523519349301407/IRS990ScheduleI
Petco Love,2025,990-SchI,HALL COUNTY ANIMAL SHELTER,58-6000836,GAINESVILLE,GA,41500,36,"VACCINES, PRODUCTS",GENERAL SUPPORT,https://projects.propublica.org/nonprofits/full_text/202523519349301407/IRS990ScheduleI
Petco Love,2025,990-SchI,ASTORIA ANIMAL SOCIETY,82-1945952,ASTORIA,NY,40500,55841,"VACCINES, PRODUCTS",GENERAL SUPPORT,https://projects.propublica.org/nonprofits/full_text/202523519349301407/IRS990ScheduleI
Petco Love,2025,990-SchI,ROSWELL ANIMAL SERVICES,85-6000165,ROSWELL,NM,40000,1499,"VACCINES, PRODUCTS",GENERAL SUPPORT,https://projects.propublica.org/nonprofits/full_text/202523519349301407/IRS990ScheduleI
Petco Love,2025,990-SchI,SAN ANTONION PETS ALIVE,45-4141531,SAN ANTONIO,TX,40000,1013,"VACCINES, PRODUCTS",GENERAL SUPPORT,https://projects.propublica.org/nonprofits/full_text/202523519349301407/IRS990ScheduleI
Petco Love,2025,990-SchI,CUMBERLAND COUNTY ANIMAL SERVICES,56-6000291,FAYETTEVILLE,NC,40000,0,N/A,GENERAL SUPPORT,https://projects.propublica.org/nonprofits/full_text/202523519349301407/IRS990ScheduleI
Petco Love,2025,990-SchI,OKTIBBEHA COUNTY HUMANE SOCIETY,64-0618170,STARKVILLE,MS,40000,0,N/A,GENERAL SUPPORT,https://projects.propublica.org/nonprofits/full_text/202523519349301407/IRS990ScheduleI
Petco Love,2025,990-SchI,VALLEY RIVER HUMANE SOCIETY,58-1320604,MARBLE,NC,40000,0,N/A,GENERAL SUPPORT,https://projects.propublica.org/nonprofits/full_text/202523519349301407/IRS990ScheduleI
Petco Love,2025,990-SchI,WORKING DOGS FOR VETS,47-2426504,LAWRENCEBURG,TN,40000,0,N/A,GENERAL SUPPORT,https://projects.propublica.org/nonprofits/full_text/202523519349301407/IRS990ScheduleI
Petco Love,2025,990-SchI,ESPANOLA HUMANE,85-0406234,ESPANOLA,NM,39125,13360,"VACCINES, PRODUCTS",GENERAL SUPPORT,https://projects.propublica.org/nonprofits/full_text/202523519349301407/IRS990ScheduleI
Petco Love,2025,990-SchI,PAAC - PEOPLE ASSISTING ANIMAL CONTROL,38-3817365,CORPUS CHRISTI,TX,39000,28590,"VACCINES, PRODUCTS",GENERAL SUPPORT,https://projects.propublica.org/nonprofits/full_text/202523519349301407/IRS990ScheduleI
Petco Love,2025,990-SchI,SPAY NEUTER IMPERATIVE PROJECT CALIFORNIA,46-1587546,PEBBLE BEACH,CA,39000,17153,"VACCINES, PRODUCTS",GENERAL SUPPORT,https://projects.propublica.org/nonprofits/full_text/202523519349301407/IRS990ScheduleI
Petco Love,2025,990-SchI,HUMANE SOCIETY OF UTAH,87-0256350,MURRAY,UT,38200,10770,"VACCINES, PRODUCTS",GENERAL SUPPORT,https://projects.propublica.org/nonprofits/full_text/202523519349301407/IRS990ScheduleI
Petco Love,2025,990-SchI,HARBOR HUMANE SOCIETY,38-1623660,WEST OLIVE,MI,38000,49,"VACCINES, PRODUCTS",GENERAL SUPPORT,https://projects.propublica.org/nonprofits/full_text/202523519349301407/IRS990ScheduleI
Petco Love,2025,990-SchI,BOWLING GREEN WARREN COUNTY HUMANE SOCIETY,61-0653278,BOWLING GREEN,KY,36875,44118,"VACCINES, PRODUCTS",GENERAL SUPPORT,https://projects.propublica.org/nonprofits/full_text/202523519349301407/IRS990ScheduleI
Petco Love,2025,990-SchI,CITY OF BAYTOWN ANIMAL SERVICES AND ADOPTION SHELTER,74-6000246,BAYTOWN,TX,36500,0,N/A,GENERAL SUPPORT,https://projects.propublica.org/nonprofits/full_text/202523519349301407/IRS990ScheduleI
Petco Love,2025,990-SchI,MAUI HUMANE SOCIETY,99-6000953,PUUNENE,HI,36250,3700,"VACCINES, PRODUCTS",GENERAL SUPPORT,https://projects.propublica.org/nonprofits/full_text/202523519349301407/IRS990ScheduleI
Petco Love,2025,990-SchI,ALLEY CAT ADVOCATES INC,61-1343210,LOUISVILLE,KY,36000,15105,"VACCINES, PRODUCTS",GENERAL SUPPORT,https://projects.propublica.org/nonprofits/full_text/202523519349301407/IRS990ScheduleI
Petco Love,2025,990-SchI,MCKAMEY ANIMAL CENTER,01-0824858,CHATTANOOGA,TN,35800,8824,"VACCINES, PRODUCTS",GENERAL SUPPORT,https://projects.propublica.org/nonprofits/full_text/202523519349301407/IRS990ScheduleI
Petco Love,2025,990-SchI,MSPCA - ANGELL,04-2103597,BOSTON,MA,35500,24439,"VACCINES, PRODUCTS",GENERAL SUPPORT,https://projects.propublica.org/nonprofits/full_text/202523519349301407/IRS990ScheduleI
Petco Love,2025,990-SchI,PASADENA HUMANE SOCIETY & SPCA,95-1643344,PASADENA,CA,35000,100,"VACCINES, PRODUCTS",GENERAL SUPPORT,https://projects.propublica.org/nonprofits/full_text/202523519349301407/IRS990ScheduleI
Petco Love,2025,990-SchI,HUMAN ANIMAL BOND RESEARCH INITIATIVE (HABRI) FOUNDATION,27-4159453,WASHINGTON,DC,35000,0,N/A,GENERAL SUPPORT,https://projects.propublica.org/nonprofits/full_text/202523519349301407/IRS990ScheduleI
Petco Love,2025,990-SchI,MY FURRY VALENTINE,47-1892268,CINCINNATI,OH,35000,0,N/A,GENERAL SUPPORT,https://projects.propublica.org/nonprofits/full_text/202523519349301407/IRS990ScheduleI
Petco Love,2025,990-SchI,SAN BERNARDINO COUNTY ANIMAL CARE,95-6002748,SAN BERNARDINO,CA,35000,0,N/A,GENERAL SUPPORT,https://projects.propublica.org/nonprofits/full_text/202523519349301407/IRS990ScheduleI
Petco Love,2025,990-SchI,SOUTH SUBURBAN HUMANE SOCIETY,23-7165004,MATTESON,IL,35000,0,N/A,GENERAL SUPPORT,https://projects.propublica.org/nonprofits/full_text/202523519349301407/IRS990ScheduleI
Petco Love,2025,990-SchI,MIAMI-DADE COUNTY ANIMAL SERVICES,59-6000573,DORAL,FL,33000,24829,"VACCINES, PRODUCTS",GENERAL SUPPORT,https://projects.propublica.org/nonprofits/full_text/202523519349301407/IRS990ScheduleI
Petco Love,2025,990-SchI,COLONY CATS,04-3749543,COLUMBUS,OH,33000,13,"VACCINES, PRODUCTS",GENERAL SUPPORT,https://projects.propublica.org/nonprofits/full_text/202523519349301407/IRS990ScheduleI
Petco Love,2025,990-SchI,ANIMAL FRIENDS ALLIANCE,20-4969731,FORT COLLINS,CO,32725,4606,"VACCINES, PRODUCTS",GENERAL SUPPORT,https://projects.propublica.org/nonprofits/full_text/202523519349301407/IRS990ScheduleI
Petco Love,2025,990-SchI,SPAY N SAVE,30-0693930,LONGWOOD,FL,31900,23206,"VACCINES, PRODUCTS",GENERAL SUPPORT,https://projects.propublica.org/nonprofits/full_text/202523519349301407/IRS990ScheduleI
Petco Love,2025,990-SchI,GREATER ANDROSCOGGIN HUMANE SOCIETY,01-6011843,LEWISTON,ME,30992,3874,"VACCINES, PRODUCTS",GENERAL SUPPORT,https://projects.propublica.org/nonprofits/full_text/202523519349301407/IRS990ScheduleI
Petco Love,2025,990-SchI,HEAVEN CAN WAIT ANIMAL HAVEN,26-1869768,MUSKEGON,MI,30900,297,"VACCINES, PRODUCTS",GENERAL SUPPORT,https://projects.propublica.org/nonprofits/full_text/202523519349301407/IRS990ScheduleI
Petco Love,2025,990-SchI,MEOOWZRESQ,26-3035880,ORANGE,CA,30000,1857,"VACCINES, PRODUCTS",GENERAL SUPPORT,https://projects.propublica.org/nonprofits/full_text/202523519349301407/IRS990ScheduleI
Petco Love,2025,990-SchI,DALLAS CAT LADY,45-2647771,DALLAS,TX,30000,532,"VACCINES, PRODUCTS",GENERAL SUPPORT,https://projects.propublica.org/nonprofits/full_text/202523519349301407/IRS990ScheduleI
Petco Love,2025,990-SchI,INKY BLUE SEA COMPANION ANIMAL RESCUE INC,27-4725295,NEW YORK,NY,30000,0,N/A,GENERAL SUPPORT,https://projects.propublica.org/nonprofits/full_text/202523519349301407/IRS990ScheduleI
Petco Love,2025,990-SchI,PROJECT DELTA INC,81-2180653,DAYTON,MN,30000,0,N/A,GENERAL SUPPORT,https://projects.propublica.org/nonprofits/full_text/202523519349301407/IRS990ScheduleI
Petco Love,2025,990-SchI,RUNAWAYS ANIMAL RESCUE,84-4580695,PORT RICHEY,FL,30000,0,N/A,GENERAL SUPPORT,https://projects.propublica.org/nonprofits/full_text/202523519349301407/IRS990ScheduleI
Petco Love,2025,990-SchI,TIPTON COUNTY PAWS AND CLAWS,46-1526853,ATOKA,TN,30000,0,N/A,GENERAL SUPPORT,https://projects.propublica.org/nonprofits/full_text/202523519349301407/IRS990ScheduleI
Petco Love,2025,990-SchI,UNICOI COUNTY ANIMAL SHELTER,20-8986267,ERWIN,TN,30000,0,N/A,GENERAL SUPPORT,https://projects.propublica.org/nonprofits/full_text/202523519349301407/IRS990ScheduleI
Petco Love,2025,990-SchI,PLANNED PETHOOD OF GEORGIA INC,90-0516757,DULUTH,GA,29863,5081,"VACCINES, PRODUCTS",GENERAL SUPPORT,https://projects.propublica.org/nonprofits/full_text/202523519349301407/IRS990ScheduleI
Petco Love,2025,990-SchI,EVERETT ANIMAL SHELTER CITY OF EVERETT,91-6001248,EVERETT,WA,29300,3248,"VACCINES, PRODUCTS",GENERAL SUPPORT,https://projects.propublica.org/nonprofits/full_text/202523519349301407/IRS990ScheduleI
Petco Love,2025,990-SchI,KAT VET SPAY NEUTER & RESCUE,87-2304923,PONCHATOULA,LA,29025,20634,"VACCINES, PRODUCTS",GENERAL SUPPORT,https://projects.propublica.org/nonprofits/full_text/202523519349301407/IRS990ScheduleI
Petco Love,2025,990-SchI,FORT BEND COUNTY ANIMAL SERVICES,74-6001969,ROSENBERG,TX,28900,2560,"VACCINES, PRODUCTS",GENERAL SUPPORT,https://projects.propublica.org/nonprofits/full_text/202523519349301407/IRS990ScheduleI
Petco Love,2025,990-SchI,THIRD COAST PETS ALIVE,88-3125110,MONTGOMERY,TX,28500,402,"VACCINES, PRODUCTS",GENERAL SUPPORT,https://projects.propublica.org/nonprofits/full_text/202523519349301407/IRS990ScheduleI
Petco Love,2025,990-SchI,HUB CITY HUMANE SOCIETY,27-5160904,HATTIESBURG,MS,28500,0,N/A,GENERAL SUPPORT,https://projects.propublica.org/nonprofits/full_text/202523519349301407/IRS990ScheduleI
Petco Love,2025,990-SchI,WILD CAT FOUNDATION (AKA SPAYNATION),02-0647617,LAFAYETTE,LA,28125,28845,"VACCINES, PRODUCTS",GENERAL SUPPORT,https://projects.propublica.org/nonprofits/full_text/202523519349301407/IRS990ScheduleI
Petco Love,2025,990-SchI,TAILS HUMANE SOCIETY,36-4334785,DEKALB,IL,28000,5,"VACCINES, PRODUCTS",GENERAL SUPPORT,https://projects.propublica.org/nonprofits/full_text/202523519349301407/IRS990ScheduleI
Petco Love,2025,990-SchI,FURRY FRIENDS HUMANE INC,59-2111273,JUPITER,FL,28000,0,N/A,GENERAL SUPPORT,https://projects.propublica.org/nonprofits/full_text/202523519349301407/IRS990ScheduleI
Petco Love,2025,990-SchI,AVIAN SANCTUARY AND PROTECTION,27-2857728,WEST VALLEY,UT,27500,0,N/A,GENERAL SUPPORT,https://projects.propublica.org/nonprofits/full_text/202523519349301407/IRS990ScheduleI
Petco Love,2025,990-SchI,PROVERBS 1210 ANIMAL RESCUE & ADOPTION INC,06-1792932,BURNS,TN,27500,0,N/A,GENERAL SUPPORT,https://projects.propublica.org/nonprofits/full_text/202523519349301407/IRS990ScheduleI
Petco Love,2025,990-SchI,HOUSTON HUMANE SOCIETY,74-1340341,HOUSTON,TX,27400,4200,"VACCINES, PRODUCTS",GENERAL SUPPORT,https://projects.propublica.org/nonprofits/full_text/202523519349301407/IRS990ScheduleI
Petco Love,2025,990-SchI,ASHEVILLE HUMANE SOCIETY,56-1444098,ASHEVILLE,NC,26800,0,N/A,GENERAL SUPPORT,https://projects.propublica.org/nonprofits/full_text/202523519349301407/IRS990ScheduleI
Petco Love,2025,990-SchI,LEAGUE FOR ANIMAL WELFARE,31-0818511,BATAVIA,OH,26650,10835,"VACCINES, PRODUCTS",GENERAL SUPPORT,https://projects.propublica.org/nonprofits/full_text/202523519349301407/IRS990ScheduleI
Petco Love,2025,990-SchI,COMMUNITY ANIMAL WELFARE SOCIETY,87-0515959,SANDY,UT,26500,112,"VACCINES, PRODUCTS",GENERAL SUPPORT,https://projects.propublica.org/nonprofits/full_text/202523519349301407/IRS990ScheduleI
Petco Love,2025,990-SchI,JEFFERSONVILLE ANIMAL SHELTER,35-6001067,JEFFERSONVILLE,IN,26500,59,"VACCINES, PRODUCTS",GENERAL SUPPORT,https://projects.propublica.org/nonprofits/full_text/202523519349301407/IRS990ScheduleI
Petco Love,2025,990-SchI,ANIMAL RESCUE LEAGUE OF BERKS COUNTY INC,23-1417505,BIRDSBORO,PA,26125,164,"VACCINES, PRODUCTS",GENERAL SUPPORT,https://projects.propublica.org/nonprofits/full_text/202523519349301407/IRS990ScheduleI
Petco Love,2025,990-SchI,CINCINNATI ANIMAL CARE HUMANE SOCIETY,85-2177478,CINCINNATI,OH,26050,1717,"VACCINES, PRODUCTS",GENERAL SUPPORT,https://projects.propublica.org/nonprofits/full_text/202523519349301407/IRS990ScheduleI
Petco Love,2025,990-SchI,PARTNERS FOR PETS RESCUE AND REHAB ANIMAL SHELTER,36-4521704,TROY,IL,26000,6665,"VACCINES, PRODUCTS",GENERAL SUPPORT,https://projects.propublica.org/nonprofits/full_text/202523519349301407/IRS990ScheduleI
Petco Love,2025,990-SchI,HUMANE SOCIETY OF VALDOSTALOWNDES COUNTY,58-1874746,VALDOSTA,GA,26000,6349,"VACCINES, PRODUCTS",GENERAL SUPPORT,https://projects.propublica.org/nonprofits/full_text/202523519349301407/IRS990ScheduleI
Petco Love,2025,990-SchI,VOORHEES ANIMAL ORPHANAGE,22-2914004,VOORHEES,NJ,26000,0,N/A,GENERAL SUPPORT,https://projects.propublica.org/nonprofits/full_text/202523519349301407/IRS990ScheduleI
Petco Love,2025,990-SchI,STRAY PAWS ANIMAL HAVEN,83-1526587,REDONDO BEACH,CA,25625,34778,"VACCINES, PRODUCTS",GENERAL SUPPORT,https://projects.propublica.org/nonprofits/full_text/202523519349301407/IRS990ScheduleI
Petco Love,2025,990-SchI,HUMANE SOCIETY OF INDIANAPOLIS (AKA INDY HUMANE),35-0876385,INDIANAPOLIS,IN,25500,6845,"VACCINES, PRODUCTS",GENERAL SUPPORT,https://projects.propublica.org/nonprofits/full_text/202523519349301407/IRS990ScheduleI
Petco Love,2025,990-SchI,SHELTER TO SOLDIER INC,46-0906020,SAN DIEGO,CA,25500,0,N/A,GENERAL SUPPORT,https://projects.propublica.org/nonprofits/full_text/202523519349301407/IRS990ScheduleI
Petco Love,2025,990-SchI,SOUL DOG RESCUE,45-4137227,ENGLEWOOD,CO,25350,9008,"VACCINES, PRODUCTS",GENERAL SUPPORT,https://projects.propublica.org/nonprofits/full_text/202523519349301407/IRS990ScheduleI
Petco Love,2025,990-SchI,TUPELO LEE HUMANE SOCIETY,64-0646841,TUPELO,MS,25100,4132,"VACCINES, PRODUCTS",GENERAL SUPPORT,https://projects.propublica.org/nonprofits/full_text/202523519349301407/IRS990ScheduleI
Petco Love,2025,990-SchI,HUMANE SOCIETY OF HARLINGEN DBA RIO GRANDE VALLEY HUMANE SOCIETY,74-2516749,MISSION,TX,25000,2509,"VACCINES, PRODUCTS",GENERAL SUPPORT,https://projects.propublica.org/nonprofits/full_text/202523519349301407/IRS990ScheduleI
Petco Love,2025,990-SchI,FIRST COAST NO MORE HOMELESS PETS,01-0709158,JACKSONVILLE,FL,25000,1040,"VACCINES, PRODUCTS",GENERAL SUPPORT,https://projects.propublica.org/nonprofits/full_text/202523519349301407/IRS990ScheduleI
Petco Love,2025,990-SchI,SPCA FLORIDA,59-1939655,LAKELAND,FL,25000,235,"VACCINES, PRODUCTS",GENERAL SUPPORT,https://projects.propublica.org/nonprofits/full_text/202523519349301407/IRS990ScheduleI
Petco Love,2025,990-SchI,NORTHWEST ORGANIZATION FOR ANIMAL HELP AKA THE NOAH CENTER,91-1362069,STANWOOD,WA,25000,128,"VACCINES, PRODUCTS",GENERAL SUPPORT,https://projects.propublica.org/nonprofits/full_text/202523519349301407/IRS990ScheduleI
Petco Love,2025,990-SchI,AGGIELAND HUMANE SOCIETY FORMERLY BAS,74-2150288,BRYAN,TX,25000,0,N/A,GENERAL SUPPORT,https://projects.propublica.org/nonprofits/full_text/202523519349301407/IRS990ScheduleI
Petco Love,2025,990-SchI,ANIMAL DEFENSE LEAGUE OF ARIZONA,74-2493030,PHOENIX,AZ,25000,0,N/A,GENERAL SUPPORT,https://projects.propublica.org/nonprofits/full_text/202523519349301407/IRS990ScheduleI
Petco Love,2025,990-SchI,ANIMAL PROTECTIVE LEAGUE OF SPRINGFIELD AND SANGAMON COUNTY,23-7095476,SPRINGFIELD,IL,25000,0,N/A,GENERAL SUPPORT,https://projects.propublica.org/nonprofits/full_text/202523519349301407/IRS990ScheduleI
Petco Love,2025,990-SchI,ARLINGTON ANIMAL SERVICES,75-6000450,ARLINGTON,TX,25000,0,N/A,GENERAL SUPPORT,https://projects.propublica.org/nonprofits/full_text/202523519349301407/IRS990ScheduleI
Petco Love,2025,990-SchI,BISSELL PET FOUNDATION,38-3853264,GRAND RAPIDS,MI,25000,0,N/A,GENERAL SUPPORT,https://projects.propublica.org/nonprofits/full_text/202523519349301407/IRS990ScheduleI
Petco Love,2025,990-SchI,CITY OF EARLY,75-6004272,EARLY,TX,25000,0,N/A,GENERAL SUPPORT,https://projects.propublica.org/nonprofits/full_text/202523519349301407/IRS990ScheduleI
Petco Love,2025,990-SchI,CITY OF HARKER HEIGHTS PET ADOPTION CENTER,74-1402838,HARKER HEIGHTS,TX,25000,0,N/A,GENERAL SUPPORT,https://projects.propublica.org/nonprofits/full_text/202523519349301407/IRS990ScheduleI
Petco Love,2025,990-SchI,COMMUNITY ANIMAL MEDICINE PROJECT DBA SPAY NEUTER PROJECT LOS ANGELES,20-8542566,LOS ANGELES,CA,25000,0,N/A,GENERAL SUPPORT,https://projects.propublica.org/nonprofits/full_text/202523519349301407/IRS990ScheduleI
Petco Love,2025,990-SchI,FAIRFIELD COUNTY COUNCIL,57-6000347,WINNSBORO,SC,25000,0,N/A,GENERAL SUPPORT,https://projects.propublica.org/nonprofits/full_text/202523519349301407/IRS990ScheduleI
Petco Love,2025,990-SchI,FREEDOM STREET RESCUE,46-3269075,HOUSTON,TX,25000,0,N/A,GENERAL SUPPORT,https://projects.propublica.org/nonprofits/full_text/202523519349301407/IRS990ScheduleI
Petco Love,2025,990-SchI,HUNTINGTON CABELL WAYNE ANIMAL CONTROL SHELTER,55-0658795,HUNTINGTON,WV,25000,0,N/A,GENERAL SUPPORT,https://projects.propublica.org/nonprofits/full_text/202523519349301407/IRS990ScheduleI
Petco Love,2025,990-SchI,IREDELL COUNTY ANIMAL SERVICES,56-6000309,STATESVILLE,NC,25000,0,N/A,GENERAL SUPPORT,https://projects.propublica.org/nonprofits/full_text/202523519349301407/IRS990ScheduleI
Petco Love,2025,990-SchI,MORENO VALLEY ANIMAL SHELTER,33-0076484,MORENO VALLEY,CA,25000,0,N/A,GENERAL SUPPORT,https://projects.propublica.org/nonprofits/full_text/202523519349301407/IRS990ScheduleI
Petco Love,2025,990-SchI,NATIONAL ANIMAL CARE & CONTROL ASSOCIATION (NACA),74-2158707,MURRIETA,CA,25000,0,N/A,GENERAL SUPPORT,https://projects.propublica.org/nonprofits/full_text/202523519349301407/IRS990ScheduleI
Petco Love,2025,990-SchI,ORANGE COUNTY ANIMAL SERVICES (NC),56-6000327,CHAPEL HILL,NC,25000,0,N/A,GENERAL SUPPORT,https://projects.propublica.org/nonprofits/full_text/202523519349301407/IRS990ScheduleI
Petco Love,2025,990-SchI,PET ALLIANCE OF GREATER ORLANDO,59-0637883,ORLANDO,FL,25000,0,N/A,GENERAL SUPPORT,https://projects.propublica.org/nonprofits/full_text/202523519349301407/IRS990ScheduleI
Petco Love,2025,990-SchI,SAN ANTONIO HUMANE SOCIETY,74-6024105,SAN ANTONIO,TX,25000,0,N/A,GENERAL SUPPORT,https://projects.propublica.org/nonprofits/full_text/202523519349301407/IRS990ScheduleI
Petco Love,2025,990-SchI,SIOUX FALLS HUMANE SOCIETY,46-0239786,SIOUX FALLS,SD,25000,0,N/A,GENERAL SUPPORT,https://projects.propublica.org/nonprofits/full_text/202523519349301407/IRS990ScheduleI
Petco Love,2025,990-SchI,SKECHERS FOUNDATION,27-3158320,MANHATTAN BEACH,CA,25000,0,N/A,GENERAL SUPPORT,https://projects.propublica.org/nonprofits/full_text/202523519349301407/IRS990ScheduleI
Petco Love,2025,990-SchI,SPAY OKLAHOMA,73-1554828,TULSA,OK,25000,0,N/A,GENERAL SUPPORT,https://projects.propublica.org/nonprofits/full_text/202523519349301407/IRS990ScheduleI
Petco Love,2025,990-SchI,SWEET PAWS RESCUE INC,27-4638058,GROVELAND,MA,25000,0,N/A,GENERAL SUPPORT,https://projects.propublica.org/nonprofits/full_text/202523519349301407/IRS990ScheduleI
Petco Love,2025,990-SchI,TADSAW INC,45-4556055,SAN ANTONIO,TX,25000,0,N/A,GENERAL SUPPORT,https://projects.propublica.org/nonprofits/full_text/202523519349301407/IRS990ScheduleI
Petco Love,2025,990-SchI,THROW AWAY DOGS PROJECT,46-4902227,HUNTINGDON VALLEY,PA,25000,0,N/A,GENERAL SUPPORT,https://projects.propublica.org/nonprofits/full_text/202523519349301407/IRS990ScheduleI
Petco Love,2025,990-SchI,WAGS PET ADOPTIONWESTMINSTER ADOPTION GRP SERVICE,45-2740601,WESTMINSTER,CA,25000,0,N/A,GENERAL SUPPORT,https://projects.propublica.org/nonprofits/full_text/202523519349301407/IRS990ScheduleI
Petco Love,2025,990-SchI,WORKING DOGS FOR CONSERVATION,20-2708654,BOZEMAN,MT,25000,0,N/A,GENERAL SUPPORT,https://projects.propublica.org/nonprofits/full_text/202523519349301407/IRS990ScheduleI
Petco Love,2025,990-SchI,YANCEY COUNTY HUMANE SOCIETY,58-1615767,BURNSVILLE,NC,25000,0,N/A,GENERAL SUPPORT,https://projects.propublica.org/nonprofits/full_text/202523519349301407/IRS990ScheduleI
Petco Love,2025,990-SchI,KERN COUNTY ANIMAL SERVICES,95-6000925,BAKERSFIELD,CA,24250,21767,"VACCINES, PRODUCTS",GENERAL SUPPORT,https://projects.propublica.org/nonprofits/full_text/202523519349301407/IRS990ScheduleI
Petco Love,2025,990-SchI,HILL COUNTRY ANIMAL LEAGUE,74-2401243,BOERNE,TX,24214,12423,"VACCINES, PRODUCTS",GENERAL SUPPORT,https://projects.propublica.org/nonprofits/full_text/202523519349301407/IRS990ScheduleI
Petco Love,2025,990-SchI,YOUR NEW BEST FRIEND PET RESCUE,47-4743914,ACWORTH,GA,24000,10621,"VACCINES, PRODUCTS",GENERAL SUPPORT,https://projects.propublica.org/nonprofits/full_text/202523519349301407/IRS990ScheduleI
Petco Love,2025,990-SchI,THE FIX FOUNDATION,81-0660851,FRANKLIN,KY,24000,1843,"VACCINES, PRODUCTS",GENERAL SUPPORT,https://projects.propublica.org/nonprofits/full_text/202523519349301407/IRS990ScheduleI
Petco Love,2025,990-SchI,KITSAP HUMANE SOCIETY,91-0728353,SILVERDALE,WA,23965,4161,"VACCINES, PRODUCTS",GENERAL SUPPORT,https://projects.propublica.org/nonprofits/full_text/202523519349301407/IRS990ScheduleI
Petco Love,2025,990-SchI,HEAVEN CAN WAIT ANIMAL SOCIETY,88-0450947,LAS VEGAS,NV,23600,2962,"VACCINES, PRODUCTS",GENERAL SUPPORT,https://projects.propublica.org/nonprofits/full_text/202523519349301407/IRS990ScheduleI
Petco Love,2025,990-SchI,FIX OUR FERALS DBA ANIMAL FIX CLINIC,94-3297241,PINOLE,CA,23400,12588,"VACCINES, PRODUCTS",GENERAL SUPPORT,https://projects.propublica.org/nonprofits/full_text/202523519349301407/IRS990ScheduleI
Petco Love,2025,990-SchI,MATCHDOG RESCUE,82-2627297,MARLTON,NJ,23400,1091,"VACCINES, PRODUCTS",GENERAL SUPPORT,https://projects.propublica.org/nonprofits/full_text/202523519349301407/IRS990ScheduleI
Petco Love,2025,990-SchI,HUMANE OHIO,34-1897582,TOLEDO,OH,23125,5525,"VACCINES, PRODUCTS",GENERAL SUPPORT,https://projects.propublica.org/nonprofits/full_text/202523519349301407/IRS990ScheduleI
Petco Love,2025,990-SchI,SALEM FRIENDS OF FELINES,68-0577560,KEIZER,OR,23000,11570,"VACCINES, PRODUCTS",GENERAL SUPPORT,https://projects.propublica.org/nonprofits/full_text/202523519349301407/IRS990ScheduleI
Petco Love,2025,990-SchI,J&R AQUATIC ANIMAL RESCUE,85-0555791,MENASHA,WI,23000,0,N/A,GENERAL SUPPORT,https://projects.propublica.org/nonprofits/full_text/202523519349301407/IRS990ScheduleI
Petco Love,2025,990-SchI,ST FRANCIS SOCIETY,59-3469332,TAMPA,FL,23000,0,N/A,GENERAL SUPPORT,https://projects.propublica.org/nonprofits/full_text/202523519349301407/IRS990ScheduleI
Petco Love,2025,990-SchI,EDGAR AND IVY'S CAT SANCTUARY INC,84-3347374,CORPUS CHRISTI,TX,22925,3157,"VACCINES, PRODUCTS",GENERAL SUPPORT,https://projects.propublica.org/nonprofits/full_text/202523519349301407/IRS990ScheduleI
Petco Love,2025,990-SchI,MIAMI COUNTY ANIMAL SHELTER,31-6000055,TROY,OH,22815,3104,"VACCINES, PRODUCTS",GENERAL SUPPORT,https://projects.propublica.org/nonprofits/full_text/202523519349301407/IRS990ScheduleI
Petco Love,2025,990-SchI,PRAIRIE PAWS ANIMAL SHELTER,48-0529856,OTTAWA,KS,22725,6948,"VACCINES, PRODUCTS",GENERAL SUPPORT,https://projects.propublica.org/nonprofits/full_text/202523519349301407/IRS990ScheduleI
Petco Love,2025,990-SchI,THE NOBODY'S CATS FOUNDATION,45-4719031,CAMP HILL,PA,22500,15675,"VACCINES, PRODUCTS",GENERAL SUPPORT,https://projects.propublica.org/nonprofits/full_text/202523519349301407/IRS990ScheduleI
Petco Love,2025,990-SchI,BROOKLYN BRIDGE ANIMAL WELFARE COALITION,26-1482964,BROOKLYN,NY,22500,15576,"VACCINES, PRODUCTS",GENERAL SUPPORT,https://projects.propublica.org/nonprofits/full_text/202523519349301407/IRS990ScheduleI
Petco Love,2025,990-SchI,MARION ANIMAL RESOURCE CONNECTION MARC,45-3711812,JASPER,TN,22500,76,"VACCINES, PRODUCTS",GENERAL SUPPORT,https://projects.propublica.org/nonprofits/full_text/202523519349301407/IRS990ScheduleI
Petco Love,2025,990-SchI,COMPASSIONATE ANIMAL RESCUE EFFORTS OF DUTCHESS COUNTY (AKA CARE OF DC),81-4559159,WAPPINGERS FALLS,NY,22500,45,"VACCINES, PRODUCTS",GENERAL SUPPORT,https://projects.propublica.org/nonprofits/full_text/202523519349301407/IRS990ScheduleI
Petco Love,2025,990-SchI,BUNNY WORLD FOUNDATION INC,26-3792479,LOS ANGELES,CA,22500,0,N/A,GENERAL SUPPORT,https://projects.propublica.org/nonprofits/full_text/202523519349301407/IRS990ScheduleI
Petco Love,2025,990-SchI,MUDDY PAWS RESCUE,47-5496436,NEW YORK,NY,22500,0,N/A,GENERAL SUPPORT,https://projects.propublica.org/nonprofits/full_text/202523519349301407/IRS990ScheduleI
Petco Love,2025,990-SchI,THE HUMANE SOCIETY OF NORTH MYRTLE BEACH,57-1116175,NORTH MYRTLE BEACH,SC,22400,82,"VACCINES, PRODUCTS",GENERAL SUPPORT,https://projects.propublica.org/nonprofits/full_text/202523519349301407/IRS990ScheduleI
Petco Love,2025,990-SchI,HOUSTON PETSET,20-0800623,HOUSTON,TX,21722,17744,"VACCINES, PRODUCTS",GENERAL SUPPORT,https://projects.propublica.org/nonprofits/full_text/202523519349301407/IRS990ScheduleI
Petco Love,2025,990-SchI,HUMANE SOCIETY OF HARRISBURG AREA INC,23-1365361,HARRISBURG,PA,21700,0,N/A,GENERAL SUPPORT,https://projects.propublica.org/nonprofits/full_text/202523519349301407/IRS990ScheduleI
Petco Love,2025,990-SchI,PROVIDENCE ANIMAL CENTER,23-1440112,MEDIA,PA,21700,0,N/A,GENERAL SUPPORT,https://projects.propublica.org/nonprofits/full_text/202523519349301407/IRS990ScheduleI
Petco Love,2025,990-SchI,HUMANE SOCIETY SILICON VALLEY,94-1196215,MILPITAS,CA,21300,8395,"VACCINES, PRODUCTS",GENERAL SUPPORT,https://projects.propublica.org/nonprofits/full_text/202523519349301407/IRS990ScheduleI
Petco Love,2025,990-SchI,CITY OF LONGVIEW TEXAS,75-6000588,LONGVIEW,TX,21200,2929,"VACCINES, PRODUCTS",GENERAL SUPPORT,https://projects.propublica.org/nonprofits/full_text/202523519349301407/IRS990ScheduleI
Petco Love,2025,990-SchI,PROMOTION OF ANIMAL WELFARE SOCIETY (PAWS),68-0193922,OROVILLE,CA,21000,26546,"VACCINES, PRODUCTS",GENERAL SUPPORT,https://projects.propublica.org/nonprofits/full_text/202523519349301407/IRS990ScheduleI
Petco Love,2025,990-SchI,SFC VIRGINIA,84-2340045,SPOTSYLVANIA,VA,20500,145,"VACCINES, PRODUCTS",GENERAL SUPPORT,https://projects.propublica.org/nonprofits/full_text/202523519349301407/IRS990ScheduleI
Petco Love,2025,990-SchI,YORK COUNTY SPCA,23-1399588,YORK,PA,20500,26,"VACCINES, PRODUCTS",GENERAL SUPPORT,https://projects.propublica.org/nonprofits/full_text/202523519349301407/IRS990ScheduleI
Petco Love,2025,990-SchI,THE FAYETTE COUNTY HUMANE SOCIETY,31-1009520,WASHINGTON COURT HOUSE,OH,20475,7348,"VACCINES, PRODUCTS",GENERAL SUPPORT,https://projects.propublica.org/nonprofits/full_text/202523519349301407/IRS990ScheduleI
Petco Love,2025,990-SchI,HUMANE SOCIETY OF ROCHESTER AND MONROE COUNTY PCA INC (AKA LOLLYPOP FARM),16-0743047,FAIRPORT,NY,20100,17342,"VACCINES, PRODUCTS",GENERAL SUPPORT,https://projects.propublica.org/nonprofits/full_text/202523519349301407/IRS990ScheduleI
Petco Love,2025,990-SchI,WOODS HUMANE SOCIETY,95-2058587,SAN LUIS OBISPO,CA,20039,10444,"VACCINES, PRODUCTS",GENERAL SUPPORT,https://projects.propublica.org/nonprofits/full_text/202523519349301407/IRS990ScheduleI
Petco Love,2025,990-SchI,A PROMISED LAND ANIMAL RESCUE,81-1658404,HUDSON,FL,20000,702,"VACCINES, PRODUCTS",GENERAL SUPPORT,https://projects.propublica.org/nonprofits/full_text/202523519349301407/IRS990ScheduleI
Petco Love,2025,990-SchI,SAN ANTONIO FERAL CAT COALITION CCAP,76-0766948,SAN ANTONIO,TX,20000,393,"VACCINES, PRODUCTS",GENERAL SUPPORT,https://projects.propublica.org/nonprofits/full_text/202523519349301407/IRS990ScheduleI
Petco Love,2025,990-SchI,ROBIN'S NEST OF INDY,27-2441316,INDIANAPOLIS,IN,20000,372,"VACCINES, PRODUCTS",GENERAL SUPPORT,https://projects.propublica.org/nonprofits/full_text/202523519349301407/IRS990ScheduleI
Petco Love,2025,990-SchI,DARBSTER FOUNDATION,27-0879529,WEST PALM BEACH,FL,20000,110,"VACCINES, PRODUCTS",GENERAL SUPPORT,https://projects.propublica.org/nonprofits/full_text/202523519349301407/IRS990ScheduleI
Petco Love,2025,990-SchI,ANIMAL PROTECTIVE ASSOCIATION OF MISSOURI (AKA APA ADOPTION CENTER),43-0699783,ST LOUIS,MO,20000,0,N/A,GENERAL SUPPORT,https://projects.propublica.org/nonprofits/full_text/202523519349301407/IRS990ScheduleI
Petco Love,2025,990-SchI,CITIZENS FOR ANIMAL PROTECTION,23-7296260,HOUSTON,TX,20000,0,N/A,GENERAL SUPPORT,https://projects.propublica.org/nonprofits/full_text/202523519349301407/IRS990ScheduleI
Petco Love,2025,990-SchI,COMMUNITY SPAY NEUTER INITIATIVE PARTNERSHIP (C-SNIP),38-3463298,KENTWOOD,MI,20000,0,N/A,GENERAL SUPPORT,https://projects.propublica.org/nonprofits/full_text/202523519349301407/IRS990ScheduleI
Petco Love,2025,990-SchI,FLORENCE AREA HUMANE SOCIETY,57-0573276,FLORENCE,SC,20000,0,N/A,GENERAL SUPPORT,https://projects.propublica.org/nonprofits/full_text/202523519349301407/IRS990ScheduleI
Petco Love,2025,990-SchI,NEBRASKA HUMANE SOCIETY,47-0378997,OMAHA,NE,20000,0,N/A,GENERAL SUPPORT,https://projects.propublica.org/nonprofits/full_text/202523519349301407/IRS990ScheduleI
Petco Love,2025,990-SchI,SHENANDOAH VALLEY ANIMAL SERVICES CENTER (DBA OF COUNTY OF AUGUSTA,54-6001673,LYNDHUST,VA,20000,0,N/A,GENERAL SUPPORT,https://projects.propublica.org/nonprofits/full_text/202523519349301407/IRS990ScheduleI
Petco Love,2025,990-SchI,SMOKY MOUNTAIN ANIMAL CARE FOUNDATION (BLOUNT COUNTY ANIMAL CENTER),20-8296396,ALCOA,TN,20000,0,N/A,GENERAL SUPPORT,https://projects.propublica.org/nonprofits/full_text/202523519349301407/IRS990ScheduleI
Petco Love,2025,990-SchI,STANDISH HUMANE SOCIETY,23-7085127,DUXBURY,MA,20000,0,N/A,GENERAL SUPPORT,https://projects.propublica.org/nonprofits/full_text/202523519349301407/IRS990ScheduleI
Petco Love,2025,990-SchI,TULARE COUNTY ANIMAL SERVICES,94-6000545,VISALIA,CA,20000,0,N/A,GENERAL SUPPORT,https://projects.propublica.org/nonprofits/full_text/202523519349301407/IRS990ScheduleI
Petco Love,2025,990-SchI,MIAMI VETERINARY FOUNDATION,59-1911775,MIAMI,FL,19850,16240,"VACCINES, PRODUCTS",GENERAL SUPPORT,https://projects.propublica.org/nonprofits/full_text/202523519349301407/IRS990ScheduleI
Petco Love,2025,990-SchI,SAVE RESCUE COALITION,45-4982602,SANTA FE,TX,19501,17321,"VACCINES, PRODUCTS",GENERAL SUPPORT,https://projects.propublica.org/nonprofits/full_text/202523519349301407/IRS990ScheduleI
Petco Love,2025,990-SchI,SIOUXLAND HUMANE SOCIETY,42-6000336,SIOUX CITY,IA,19500,0,N/A,GENERAL SUPPORT,https://projects.propublica.org/nonprofits/full_text/202523519349301407/IRS990ScheduleI
Petco Love,2025,990-SchI,SPAY ILLINOIS DBA PAWS FOR A CAUSE VET CARE,45-2094195,NAPERVILLE,IL,19375,9673,"VACCINES, PRODUCTS",GENERAL SUPPORT,https://projects.propublica.org/nonprofits/full_text/202523519349301407/IRS990ScheduleI
Petco Love,2025,990-SchI,REZDAWG RESCUE,46-1412023,LAFAYETTE,CO,19371,19686,"VACCINES, PRODUCTS",GENERAL SUPPORT,https://projects.propublica.org/nonprofits/full_text/202523519349301407/IRS990ScheduleI
Petco Love,2025,990-SchI,NUZZLES & CO,87-0482464,PEOA,UT,19100,12576,"VACCINES, PRODUCTS",GENERAL SUPPORT,https://projects.propublica.org/nonprofits/full_text/202523519349301407/IRS990ScheduleI
Petco Love,2025,990-SchI,METRO EAST HUMANE SOCIETY,37-1196065,EDWARDSVILLE,IL,18950,6746,"VACCINES, PRODUCTS",GENERAL SUPPORT,https://projects.propublica.org/nonprofits/full_text/202523519349301407/IRS990ScheduleI
Petco Love,2025,990-SchI,LUCKY DOG ANIMAL RESCUE,30-0559037,ARLINGTON,VA,18900,2084,"VACCINES, PRODUCTS",GENERAL SUPPORT,https://projects.propublica.org/nonprofits/full_text/202523519349301407/IRS990ScheduleI
Petco Love,2025,990-SchI,HUMANE SOCIETY OF EL PASO,74-1156430,EL PASO,TX,18875,2926,"VACCINES, PRODUCTS",GENERAL SUPPORT,https://projects.propublica.org/nonprofits/full_text/202523519349301407/IRS990ScheduleI
Petco Love,2025,990-SchI,PAWS HUMANE INC,58-2513501,COLUMBUS,GA,18600,24537,"VACCINES, PRODUCTS",GENERAL SUPPORT,https://projects.propublica.org/nonprofits/full_text/202523519349301407/IRS990ScheduleI
Petco Love,2025,990-SchI,UNDERDOG ANIMAL RESCUE AND REHAB,82-3156476,MOAB,UT,18500,15396,"VACCINES, PRODUCTS",GENERAL SUPPORT,https://projects.propublica.org/nonprofits/full_text/202523519349301407/IRS990ScheduleI
Petco Love,2025,990-SchI,SPECIAL PALS INCORPORATED,74-2050052,HOUSTON,TX,18500,222,"VACCINES, PRODUCTS",GENERAL SUPPORT,https://projects.propublica.org/nonprofits/full_text/202523519349301407/IRS990ScheduleI
Petco Love,2025,990-SchI,HUMANE SOCIETY OF THE OUACHITAS,71-0502540,MENA,AR,18500,0,N/A,GENERAL SUPPORT,https://projects.propublica.org/nonprofits/full_text/202523519349301407/IRS990ScheduleI
Petco Love,2025,990-SchI,FOREST COUNTY HUMANE SOCIETY,39-1812068,CRANDON,WI,18000,13504,"VACCINES, PRODUCTS",GENERAL SUPPORT,https://projects.propublica.org/nonprofits/full_text/202523519349301407/IRS990ScheduleI
Petco Love,2025,990-SchI,BROOKHAVEN ANIMAL RESCUE LEAGUE,64-0659454,BROOKHAVEN,MS,18000,0,N/A,GENERAL SUPPORT,https://projects.propublica.org/nonprofits/full_text/202523519349301407/IRS990ScheduleI
Petco Love,2025,990-SchI,KIND KEEPER ANIMAL RESCUE,46-3055917,NORTH MYRTLE BEACH,SC,18000,0,N/A,GENERAL SUPPORT,https://projects.propublica.org/nonprofits/full_text/202523519349301407/IRS990ScheduleI
Petco Love,2025,990-SchI,PHILADELPHIA ANIMAL WELFARE SOCIETY,26-3862631,PHILADELPHIA,PA,18000,0,N/A,GENERAL SUPPORT,https://projects.propublica.org/nonprofits/full_text/202523519349301407/IRS990ScheduleI
Petco Love,2025,990-SchI,CITY OF TAHLEQUAH-CITY HALL,73-6005455,TAHLEQUAH,OK,17955,14430,"VACCINES, PRODUCTS",GENERAL SUPPORT,https://projects.propublica.org/nonprofits/full_text/202523519349301407/IRS990ScheduleI
Petco Love,2025,990-SchI,INLAND VALLEY HUMANE SOCIETY & SPCA,95-1660842,POMONA,CA,17875,2075,"VACCINES, PRODUCTS",GENERAL SUPPORT,https://projects.propublica.org/nonprofits/full_text/202523519349301407/IRS990ScheduleI
Petco Love,2025,990-SchI,WINDY RIDGE RESCUE,81-4253924,SUMTER,SC,17500,61,"VACCINES, PRODUCTS",GENERAL SUPPORT,https://projects.propublica.org/nonprofits/full_text/202523519349301407/IRS990ScheduleI
Petco Love,2025,990-SchI,BELLEVILLE AREA HUMANE SOCIETY,37-0814881,BELLEVILLE,IL,17500,0,N/A,GENERAL SUPPORT,https://projects.propublica.org/nonprofits/full_text/202523519349301407/IRS990ScheduleI
Petco Love,2025,990-SchI,FRIENDS OF FELINES RESCUE,85-3225196,RIO LINDA,CA,17500,0,N/A,GENERAL SUPPORT,https://projects.propublica.org/nonprofits/full_text/202523519349301407/IRS990ScheduleI
Petco Love,2025,990-SchI,LOUISIANA SPCA,72-0471368,NEW ORLEANS,LA,17200,3640,"VACCINES, PRODUCTS",GENERAL SUPPORT,https://projects.propublica.org/nonprofits/full_text/202523519349301407/IRS990ScheduleI
Petco Love,2025,990-SchI,UNITED ANIMAL FRIENDS,20-0360727,PRESCOTT,AZ,17000,1155,"VACCINES, PRODUCTS",GENERAL SUPPORT,https://projects.propublica.org/nonprofits/full_text/202523519349301407/IRS990ScheduleI
Petco Love,2025,990-SchI,FRANKLIN COUNTY HUMANE SOCIETYPLANNED PETHOOD CLINIC & ADOPTION CENTER,52-1256009,ROCKY MOUNT,VA,17000,0,N/A,GENERAL SUPPORT,https://projects.propublica.org/nonprofits/full_text/202523519349301407/IRS990ScheduleI
Petco Love,2025,990-SchI,HELPING HANDS FOR ANIMALS,23-2726885,LAMPETER,PA,16800,13979,"VACCINES, PRODUCTS",GENERAL SUPPORT,https://projects.propublica.org/nonprofits/full_text/202523519349301407/IRS990ScheduleI
Petco Love,2025,990-SchI,HUMANE SOCIETY FOR ANIMALS INC,71-0462466,ROGERS,AR,16800,3770,"VACCINES, PRODUCTS",GENERAL SUPPORT,https://projects.propublica.org/nonprofits/full_text/202523519349301407/IRS990ScheduleI
Petco Love,2025,990-SchI,ANIMAL BIRTH CONTROL CLINIC,23-7110730,WACO,TX,16626,11052,"VACCINES, PRODUCTS",GENERAL SUPPORT,https://projects.propublica.org/nonprofits/full_text/202523519349301407/IRS990ScheduleI
Petco Love,2025,990-SchI,GULF COAST HUMANE SOCIETY (TX),74-1266245,CORPUS CHRISTI,TX,16625,6627,"VACCINES, PRODUCTS",GENERAL SUPPORT,https://projects.propublica.org/nonprofits/full_text/202523519349301407/IRS990ScheduleI
Petco Love,2025,990-SchI,ANIMAL REFUGE LEAGUE OF GREATER PORTLAND,01-0212541,WESTBROOK,ME,16500,34,"VACCINES, PRODUCTS",GENERAL SUPPORT,https://projects.propublica.org/nonprofits/full_text/202523519349301407/IRS990ScheduleI
Petco Love,2025,990-SchI,CARE HUMANE SOCIETY,63-0713052,AUBURN,AL,16500,0,N/A,GENERAL SUPPORT,https://projects.propublica.org/nonprofits/full_text/202523519349301407/IRS990ScheduleI
Petco Love,2025,990-SchI,FORSYTH HUMANE SOCIETY,23-7055886,WINSTON SALEM,NC,16500,0,N/A,GENERAL SUPPORT,https://projects.propublica.org/nonprofits/full_text/202523519349301407/IRS990ScheduleI
Petco Love,2025,990-SchI,HARDIN COUNTY ANIMAL SERVICES,62-6000650,SAVANNAH,TN,16500,0,N/A,GENERAL SUPPORT,https://projects.propublica.org/nonprofits/full_text/202523519349301407/IRS990ScheduleI
Petco Love,2025,990-SchI,MUNCIE ANIMAL SHELTER,35-6001127,MUNCIE,IN,16500,0,N/A,GENERAL SUPPORT,https://projects.propublica.org/nonprofits/full_text/202523519349301407/IRS990ScheduleI
Petco Love,2025,990-SchI,HUMANE SOCIETY OF THE PIKES PEAK REGION,84-0410111,COLORADO SPRINGS,CO,16125,23412,"VACCINES, PRODUCTS",GENERAL SUPPORT,https://projects.propublica.org/nonprofits/full_text/202523519349301407/IRS990ScheduleI
Petco Love,2025,990-SchI,PET ADOPTION ALTERNATIVE OF WARREN,26-0854420,WEST BLOOMFIELD,MI,16000,73,"VACCINES, PRODUCTS",GENERAL SUPPORT,https://projects.propublica.org/nonprofits/full_text/202523519349301407/IRS990ScheduleI
Petco Love,2025,990-SchI,ANIMAL RESCUE OF THE ROCKIES,20-1055815,AURORA,CO,15900,5955,"VACCINES, PRODUCTS",GENERAL SUPPORT,https://projects.propublica.org/nonprofits/full_text/202523519349301407/IRS990ScheduleI
Petco Love,2025,990-SchI,ST TAMMANY PARISH ANIMAL SERVICES,72-6001304,LACOMBE,LA,15900,0,N/A,GENERAL SUPPORT,https://projects.propublica.org/nonprofits/full_text/202523519349301407/IRS990ScheduleI
Petco Love,2025,990-SchI,HILL COUNTRY HUMANE SOCIETY,74-2377542,BUCHANAN DAM,TX,15529,10747,"VACCINES, PRODUCTS",GENERAL SUPPORT,https://projects.propublica.org/nonprofits/full_text/202523519349301407/IRS990ScheduleI
Petco Love,2025,990-SchI,ST SOPHIA'S FORGOTTEN FELINES,36-4696076,ADDISON,IL,15500,337,"VACCINES, PRODUCTS",GENERAL SUPPORT,https://projects.propublica.org/nonprofits/full_text/202523519349301407/IRS990ScheduleI
Petco Love,2025,990-SchI,WICHITA ANIMAL ACTION LEAGUE,46-5635359,WICHITA,KS,15485,12255,"VACCINES, PRODUCTS",GENERAL SUPPORT,https://projects.propublica.org/nonprofits/full_text/202523519349301407/IRS990ScheduleI
Petco Love,2025,990-SchI,SPCALA,95-1738153,LOS ANGELES,CA,15480,0,N/A,GENERAL SUPPORT,https://projects.propublica.org/nonprofits/full_text/202523519349301407/IRS990ScheduleI
Petco Love,2025,990-SchI,SPAY-NEUTER ACTION PROJECT,33-0517862,ENCINITAS,CA,15450,16214,"VACCINES, PRODUCTS",GENERAL SUPPORT,https://projects.propublica.org/nonprofits/full_text/202523519349301407/IRS990ScheduleI
Petco Love,2025,990-SchI,2 HANDS SAVING 4 PAWS HUMANE SOCIETY INC,85-3500363,THOMSON,GA,15000,13111,"VACCINES, PRODUCTS",GENERAL SUPPORT,https://projects.propublica.org/nonprofits/full_text/202523519349301407/IRS990ScheduleI
Petco Love,2025,990-SchI,ROOM 8 MEMORIAL CAT FOUNDATION,23-7344513,RIVERSIDE,CA,15000,1675,"VACCINES, PRODUCTS",GENERAL SUPPORT,https://projects.propublica.org/nonprofits/full_text/202523519349301407/IRS990ScheduleI
Petco Love,2025,990-SchI,PAW WORKS INC,46-4484336,CAMARILLO,CA,15000,1007,"VACCINES, PRODUCTS",GENERAL SUPPORT,https://projects.propublica.org/nonprofits/full_text/202523519349301407/IRS990ScheduleI
Petco Love,2025,990-SchI,WHISKERS TAILS AND FERALS,68-0437611,NAPA,CA,15000,647,"VACCINES, PRODUCTS",GENERAL SUPPORT,https://projects.propublica.org/nonprofits/full_text/202523519349301407/IRS990ScheduleI
Petco Love,2025,990-SchI,MICHIGAN HUMANE SOCIETY,38-1358206,BINGHAM FARMS,MI,15000,280,"VACCINES, PRODUCTS",GENERAL SUPPORT,https://projects.propublica.org/nonprofits/full_text/202523519349301407/IRS990ScheduleI
Petco Love,2025,990-SchI,HUMANE SOCIETY OF NORTHERN UTAH,26-2250673,OGDEN,UT,15000,106,"VACCINES, PRODUCTS",GENERAL SUPPORT,https://projects.propublica.org/nonprofits/full_text/202523519349301407/IRS990ScheduleI
Petco Love,2025,990-SchI,STEPHENS COUNTY HUMANE SOCIETY,73-1202082,DUNCAN,OK,15000,44,"VACCINES, PRODUCTS",GENERAL SUPPORT,https://projects.propublica.org/nonprofits/full_text/202523519349301407/IRS990ScheduleI
Petco Love,2025,990-SchI,CALIFID PARROT & EXOTICS RESCUE SANCTUARY,45-2433107,MODESTO,CA,15000,0,N/A,GENERAL SUPPORT,https://projects.propublica.org/nonprofits/full_text/202523519349301407/IRS990ScheduleI
Petco Love,2025,990-SchI,FAYETTE HUMANE SOCIETY,58-1592706,FAYETTEVILLE,GA,15000,0,N/A,GENERAL SUPPORT,https://projects.propublica.org/nonprofits/full_text/202523519349301407/IRS990ScheduleI
Petco Love,2025,990-SchI,FRESNO HOPE ANIMAL FOUNDATION,77-0508414,FRESNO,CA,15000,0,N/A,GENERAL SUPPORT,https://projects.propublica.org/nonprofits/full_text/202523519349301407/IRS990ScheduleI
Petco Love,2025,990-SchI,FRIENDS FOR LIFE HUMANE SOCIETY,20-5819337,LAS VEGAS,NV,15000,0,N/A,GENERAL SUPPORT,https://projects.propublica.org/nonprofits/full_text/202523519349301407/IRS990ScheduleI
Petco Love,2025,990-SchI,GREENHILL HUMANE SOCIETY,93-0467412,EUGENE,OR,15000,0,N/A,GENERAL SUPPORT,https://projects.propublica.org/nonprofits/full_text/202523519349301407/IRS990ScheduleI
Petco Love,2025,990-SchI,HARDIN ANIMAL RELOCATION AND TRANSITION TEAM,46-4025413,SAVANNAH,TN,15000,0,N/A,GENERAL SUPPORT,https://projects.propublica.org/nonprofits/full_text/202523519349301407/IRS990ScheduleI
Petco Love,2025,990-SchI,HASRA (HEART OF ALABAMA SAVE RESCUE ADOPT),45-3828520,FLORENCE,AL,15000,0,N/A,GENERAL SUPPORT,https://projects.propublica.org/nonprofits/full_text/202523519349301407/IRS990ScheduleI
Petco Love,2025,990-SchI,HEALING4HEROES,90-0659736,PEACHTREE CITY,GA,15000,0,N/A,GENERAL SUPPORT,https://projects.propublica.org/nonprofits/full_text/202523519349301407/IRS990ScheduleI
Petco Love,2025,990-SchI,HUMANE SOCIETY OF THE SOUTH PLATTE VALLEY,27-0911048,LITTLETON,CO,15000,0,N/A,GENERAL SUPPORT,https://projects.propublica.org/nonprofits/full_text/202523519349301407/IRS990ScheduleI
Petco Love,2025,990-SchI,K9 PARTNERS FOR PATRIOTS INC,47-1871810,BROOKSVILLE,FL,15000,0,N/A,GENERAL SUPPORT,https://projects.propublica.org/nonprofits/full_text/202523519349301407/IRS990ScheduleI
Petco Love,2025,990-SchI,LAST HOPE INC,11-2618189,WANTAGH,NY,15000,0,N/A,GENERAL SUPPORT,https://projects.propublica.org/nonprofits/full_text/202523519349301407/IRS990ScheduleI
Petco Love,2025,990-SchI,MEOWTOWN ANIMAL RESCUE INC,84-2536609,LAKE OZARK,MO,15000,0,N/A,GENERAL SUPPORT,https://projects.propublica.org/nonprofits/full_text/202523519349301407/IRS990ScheduleI
Petco Love,2025,990-SchI,MITCHELL COUNTY ANIMAL RESCUE INC,56-1432402,SPRUCE PINE,NC,15000,0,N/A,GENERAL SUPPORT,https://projects.propublica.org/nonprofits/full_text/202523519349301407/IRS990ScheduleI
Petco Love,2025,990-SchI,MONTGOMERY COUNTY ANIMAL SHELTER,74-6000558,CONROE,TX,15000,0,N/A,GENERAL SUPPORT,https://projects.propublica.org/nonprofits/full_text/202523519349301407/IRS990ScheduleI
Petco Love,2025,990-SchI,NORTH VALLEY ANIMAL DISASTER GROUP,06-1672191,CHICO,CA,15000,0,N/A,GENERAL SUPPORT,https://projects.propublica.org/nonprofits/full_text/202523519349301407/IRS990ScheduleI
Petco Love,2025,990-SchI,ONE BY ONE ANIMAL ADVOCATES,35-2541637,HUNTINGTON,WV,15000,0,N/A,GENERAL SUPPORT,https://projects.propublica.org/nonprofits/full_text/202523519349301407/IRS990ScheduleI
Petco Love,2025,990-SchI,PAWS ON MY HEART INC,83-1927175,MUNCIE,IN,15000,0,N/A,GENERAL SUPPORT,https://projects.propublica.org/nonprofits/full_text/202523519349301407/IRS990ScheduleI
Petco Love,2025,990-SchI,PEOPLE FOR ANIMALS INC,22-2331492,HILLSIDE,NJ,15000,0,N/A,GENERAL SUPPORT,https://projects.propublica.org/nonprofits/full_text/202523519349301407/IRS990ScheduleI
Petco Love,2025,990-SchI,ROBINSON'S RESCUE,42-1717278,SHREVEPORT,LA,15000,0,N/A,GENERAL SUPPORT,https://projects.propublica.org/nonprofits/full_text/202523519349301407/IRS990ScheduleI
Petco Love,2025,990-SchI,SANTA ROSA COUNTY ANIMAL SERVICES,59-6000842,MILTON,FL,15000,0,N/A,GENERAL SUPPORT,https://projects.propublica.org/nonprofits/full_text/202523519349301407/IRS990ScheduleI
Petco Love,2025,990-SchI,THE UNIVERSITY OF TENNESSEE,62-6001636,KNOXVILLE,TN,15000,0,N/A,GENERAL SUPPORT,https://projects.propublica.org/nonprofits/full_text/202523519349301407/IRS990ScheduleI
Petco Love,2025,990-SchI,ANIMAL LEAGUE OF GASTON COUNTY,03-0417697,GASTONIA,NC,14950,5851,"VACCINES, PRODUCTS",GENERAL SUPPORT,https://projects.propublica.org/nonprofits/full_text/202523519349301407/IRS990ScheduleI
Petco Love,2025,990-SchI,LIFELINE ANIMAL PROJECT,01-0599278,ATLANTA,GA,14800,11548,"VACCINES, PRODUCTS",GENERAL SUPPORT,https://projects.propublica.org/nonprofits/full_text/202523519349301407/IRS990ScheduleI
Petco Love,2025,990-SchI,HUMANE SOCIETY OF SONOMA COUNTY,94-6001315,SANTA ROSA,CA,14750,8137,"VACCINES, PRODUCTS",GENERAL SUPPORT,https://projects.propublica.org/nonprofits/full_text/202523519349301407/IRS990ScheduleI
Petco Love,2025,990-SchI,NAPA HUMANE,23-7315010,NAPA,CA,14700,18304,"VACCINES, PRODUCTS",GENERAL SUPPORT,https://projects.propublica.org/nonprofits/full_text/202523519349301407/IRS990ScheduleI
Petco Love,2025,990-SchI,PAWS FOR LIFE NC,01-0621772,YOUNGSVILLE,NC,14625,2229,"VACCINES, PRODUCTS",GENERAL SUPPORT,https://projects.propublica.org/nonprofits/full_text/202523519349301407/IRS990ScheduleI
Petco Love,2025,990-SchI,PETFIX NORTHEAST OHIO,20-2205609,EUCLID,OH,14500,4980,"VACCINES, PRODUCTS",GENERAL SUPPORT,https://projects.propublica.org/nonprofits/full_text/202523519349301407/IRS990ScheduleI
Petco Love,2025,990-SchI,ASTRO FOUNDATION,46-0873232,OAKDALE,CA,14500,111,"VACCINES, PRODUCTS",GENERAL SUPPORT,https://projects.propublica.org/nonprofits/full_text/202523519349301407/IRS990ScheduleI
Petco Love,2025,990-SchI,SPAY NEUTER INITIATIVE PROGRAM,84-4734799,SANFORD,NC,14430,8445,"VACCINES, PRODUCTS",GENERAL SUPPORT,https://projects.propublica.org/nonprofits/full_text/202523519349301407/IRS990ScheduleI
Petco Love,2025,990-SchI,GATEWAY PET GUARDIANS,26-0096240,EAST ST LOUIS,MO,14405,7281,"VACCINES, PRODUCTS",GENERAL SUPPORT,https://projects.propublica.org/nonprofits/full_text/202523519349301407/IRS990ScheduleI
Petco Love,2025,990-SchI,FRIENDS OF THE MOBILE ANIMAL SHELTER,20-1336133,MOBILE,AL,14241,10460,"VACCINES, PRODUCTS",GENERAL SUPPORT,https://projects.propublica.org/nonprofits/full_text/202523519349301407/IRS990ScheduleI
Petco Love,2025,990-SchI,CITY OF SAN ANTONIO ANIMAL CARE SERVICES,74-6002070,SAN ANTONIO,TX,14241,9456,"VACCINES, PRODUCTS",GENERAL SUPPORT,https://projects.propublica.org/nonprofits/full_text/202523519349301407/IRS990ScheduleI
Petco Love,2025,990-SchI,ANIMAL DEFENSE LEAGUE OF TEXAS,74-6002033,SAN ANTONIO,TX,14200,10259,"VACCINES, PRODUCTS",GENERAL SUPPORT,https://projects.propublica.org/nonprofits/full_text/202523519349301407/IRS990ScheduleI
Petco Love,2025,990-SchI,MARGARET B MITCHELL SPAY NEUTER CLINIC (WAS BRISTOL HUMANE SOCIETY),54-0927975,BRISTOL,VA,14065,7020,"VACCINES, PRODUCTS",GENERAL SUPPORT,https://projects.propublica.org/nonprofits/full_text/202523519349301407/IRS990ScheduleI
Petco Love,2025,990-SchI,4 PRECIOUS PAWS LOW COST SPAY & NEUTER CLINIC,47-2552399,LAFAYETTE,IN,14000,9538,"VACCINES, PRODUCTS",GENERAL SUPPORT,https://projects.propublica.org/nonprofits/full_text/202523519349301407/IRS990ScheduleI
Petco Love,2025,990-SchI,KAT'S ALLEY CATS,83-1604771,HOUSTON,TX,14000,5700,"VACCINES, PRODUCTS",GENERAL SUPPORT,https://projects.propublica.org/nonprofits/full_text/202523519349301407/IRS990ScheduleI
Petco Love,2025,990-SchI,HALO HELPING ANIMALS LIVE ON INC,86-0832160,PHOENIX,AZ,14000,210,"VACCINES, PRODUCTS",GENERAL SUPPORT,https://projects.propublica.org/nonprofits/full_text/202523519349301407/IRS990ScheduleI
Petco Love,2025,990-SchI,DIAMONDS IN THE RUFF CSRA DBA KITTY KONNECTION,27-4614533,MARTINEZ,GA,14000,0,N/A,GENERAL SUPPORT,https://projects.propublica.org/nonprofits/full_text/202523519349301407/IRS990ScheduleI
Petco Love,2025,990-SchI,LATINO ALLIANCE FOR ANIMAL CARE FOUNDATION,45-4722654,PANORAMA CITY,CA,13950,10615,"VACCINES, PRODUCTS",GENERAL SUPPORT,https://projects.propublica.org/nonprofits/full_text/202523519349301407/IRS990ScheduleI
Petco Love,2025,990-SchI,PURR-A-LOT CAT SHELTER CORP,45-3828871,BIXBY,OK,13900,2156,"VACCINES, PRODUCTS",GENERAL SUPPORT,https://projects.propublica.org/nonprofits/full_text/202523519349301407/IRS990ScheduleI
Petco Love,2025,990-SchI,WHISKERS TNR OF WARREN COUNTY,81-3152040,MARTENSDALE,IA,13900,915,"VACCINES, PRODUCTS",GENERAL SUPPORT,https://projects.propublica.org/nonprofits/full_text/202523519349301407/IRS990ScheduleI
Petco Love,2025,990-SchI,PETER ZIPPI MEMORIAL FUND INC,47-4691814,HERMOSA BEACH,CA,13700,0,N/A,GENERAL SUPPORT,https://projects.propublica.org/nonprofits/full_text/202523519349301407/IRS990ScheduleI
Petco Love,2025,990-SchI,HOT SPRINGS VILLAGE ANIMAL WELFARE LEAGUE,58-1805215,HOT SPRINGS VILLAGE,AR,13640,2013,"VACCINES, PRODUCTS",GENERAL SUPPORT,https://projects.propublica.org/nonprofits/full_text/202523519349301407/IRS990ScheduleI
Petco Love,2025,990-SchI,PALS OF PAWS SOCIETY,85-0719565,HERNANDO,MS,13565,14307,"VACCINES, PRODUCTS",GENERAL SUPPORT,https://projects.propublica.org/nonprofits/full_text/202523519349301407/IRS990ScheduleI
Petco Love,2025,990-SchI,ANIMAL RESCUE VETERINARY SERVICES,27-2619343,LONDONDERRY,NH,13500,9263,"VACCINES, PRODUCTS",GENERAL SUPPORT,https://projects.propublica.org/nonprofits/full_text/202523519349301407/IRS990ScheduleI
Petco Love,2025,990-SchI,ALL ABOUT ANIMALS RESCUE INC,27-5410456,PHOENIX,AZ,13500,49,"VACCINES, PRODUCTS",GENERAL SUPPORT,https://projects.propublica.org/nonprofits/full_text/202523519349301407/IRS990ScheduleI
Petco Love,2025,990-SchI,KENTUCKY KITTY CATS,83-1947530,CROMWELL,KY,13425,8587,"VACCINES, PRODUCTS",GENERAL SUPPORT,https://projects.propublica.org/nonprofits/full_text/202523519349301407/IRS990ScheduleI
Petco Love,2025,990-SchI,AUSTIN HUMANE SOCIETY,74-6013665,AUSTIN,TX,13200,5801,"VACCINES, PRODUCTS",GENERAL SUPPORT,https://projects.propublica.org/nonprofits/full_text/202523519349301407/IRS990ScheduleI
Petco Love,2025,990-SchI,WEBARK ESTATES INC,02-0644795,MOUNDSVILLE,WV,13000,14216,"VACCINES, PRODUCTS",GENERAL SUPPORT,https://projects.propublica.org/nonprofits/full_text/202523519349301407/IRS990ScheduleI
Petco Love,2025,990-SchI,LIBERTY COUNTY ANIMAL SERVICES,58-6002461,HINESVILLE,GA,13000,10519,"VACCINES, PRODUCTS",GENERAL SUPPORT,https://projects.propublica.org/nonprofits/full_text/202523519349301407/IRS990ScheduleI
Petco Love,2025,990-SchI,HUMANE SOCIETY OF THE OHIO VALLEY,31-4393873,MARIETTA,OH,13000,5251,"VACCINES, PRODUCTS",GENERAL SUPPORT,https://projects.propublica.org/nonprofits/full_text/202523519349301407/IRS990ScheduleI
Petco Love,2025,990-SchI,SICSA PET ADOPTION CENTER,23-7367199,DAYTON,OH,13000,2571,"VACCINES, PRODUCTS",GENERAL SUPPORT,https://projects.propublica.org/nonprofits/full_text/202523519349301407/IRS990ScheduleI
Petco Love,2025,990-SchI,ST CHARLES PARISH ANIMAL CONTROL,72-6001208,LULING,LA,13000,378,"VACCINES, PRODUCTS",GENERAL SUPPORT,https://projects.propublica.org/nonprofits/full_text/202523519349301407/IRS990ScheduleI
Petco Love,2025,990-SchI,CAT UTOPIA,13-4283533,PENDLETON,OR,13000,206,"VACCINES, PRODUCTS",GENERAL SUPPORT,https://projects.propublica.org/nonprofits/full_text/202523519349301407/IRS990ScheduleI
Petco Love,2025,990-SchI,OPERATION PETS ALIVE,27-4226307,THE WOODLANDS,TX,13000,178,"VACCINES, PRODUCTS",GENERAL SUPPORT,https://projects.propublica.org/nonprofits/full_text/202523519349301407/IRS990ScheduleI
Petco Love,2025,990-SchI,SNARF SPAY NEUTER ADOPT RESCUE FOSTER,93-1969568,BOISE,ID,13000,113,"VACCINES, PRODUCTS",GENERAL SUPPORT,https://projects.propublica.org/nonprofits/full_text/202523519349301407/IRS990ScheduleI
Petco Love,2025,990-SchI,CATS AROUND TOWN SOCIETY INC,20-5610111,OCEAN VIEW,DE,13000,36,"VACCINES, PRODUCTS",GENERAL SUPPORT,https://projects.propublica.org/nonprofits/full_text/202523519349301407/IRS990ScheduleI
Petco Love,2025,990-SchI,BALTIMORE ANIMAL RESCUE AND CARE SHELTER INC (BARCS),86-1130456,BALTIMORE,MD,13000,21,"VACCINES, PRODUCTS",GENERAL SUPPORT,https://projects.propublica.org/nonprofits/full_text/202523519349301407/IRS990ScheduleI
Petco Love,2025,990-SchI,SHELTERING HANDS INC,20-8941924,OCALA,FL,12800,6099,"VACCINES, PRODUCTS",GENERAL SUPPORT,https://projects.propublica.org/nonprofits/full_text/202523519349301407/IRS990ScheduleI
Petco Love,2025,990-SchI,HILL COUNTRY SPCA,74-2856098,FREDERICKSBURG,TX,12724,3016,"VACCINES, PRODUCTS",GENERAL SUPPORT,https://projects.propublica.org/nonprofits/full_text/202523519349301407/IRS990ScheduleI
Petco Love,2025,990-SchI,FRIENDS OF THE ANIMAL SHELTER DBA SMOKY MOUNTAIN HUMANE SOCIETY,58-2025936,NEWPORT,TN,12700,4307,"VACCINES, PRODUCTS",GENERAL SUPPORT,https://projects.propublica.org/nonprofits/full_text/202523519349301407/IRS990ScheduleI
Petco Love,2025,990-SchI,HIGH PLAINS HUMANE SOCIETY INC,85-0891310,CLOVIS,NM,12552,9147,"VACCINES, PRODUCTS",GENERAL SUPPORT,https://projects.propublica.org/nonprofits/full_text/202523519349301407/IRS990ScheduleI
Petco Love,2025,990-SchI,PET COMMUNITY CENTER,45-1524886,NASHVILLE,TN,12500,6700,"VACCINES, PRODUCTS",GENERAL SUPPORT,https://projects.propublica.org/nonprofits/full_text/202523519349301407/IRS990ScheduleI
Petco Love,2025,990-SchI,ATSWAT FOUNDATION,92-0380883,LOS ANGELES,CA,12500,2427,"VACCINES, PRODUCTS",GENERAL SUPPORT,https://projects.propublica.org/nonprofits/full_text/202523519349301407/IRS990ScheduleI
Petco Love,2025,990-SchI,CAT HAVEN RESCUE INC,46-3742570,TAMPA,FL,12500,572,"VACCINES, PRODUCTS",GENERAL SUPPORT,https://projects.propublica.org/nonprofits/full_text/202523519349301407/IRS990ScheduleI
Petco Love,2025,990-SchI,A SECOND CHANCE PUPPIES AND KITTENS RESCUE,26-1296492,ROYAL PALM BEACH,FL,12500,86,"VACCINES, PRODUCTS",GENERAL SUPPORT,https://projects.propublica.org/nonprofits/full_text/202523519349301407/IRS990ScheduleI
Petco Love,2025,990-SchI,ANGEL OF HOPE ANIMAL RESCUE,81-0572205,ANOKA,MN,12500,79,"VACCINES, PRODUCTS",GENERAL SUPPORT,https://projects.propublica.org/nonprofits/full_text/202523519349301407/IRS990ScheduleI
Petco Love,2025,990-SchI,4 PAWS 4 LIFE RESCUE,45-4932922,SEDALIA,CO,12500,70,"VACCINES, PRODUCTS",GENERAL SUPPORT,https://projects.propublica.org/nonprofits/full_text/202523519349301407/IRS990ScheduleI
Petco Love,2025,990-SchI,WHISKERS OF LOVE CAT RESCUE & SANCTUARY,81-2286888,PHILADELPHIA,PA,12500,28,"VACCINES, PRODUCTS",GENERAL SUPPORT,https://projects.propublica.org/nonprofits/full_text/202523519349301407/IRS990ScheduleI
Petco Love,2025,990-SchI,ADOPT ME BLUEGRASS PET RESCUE,30-0845133,LAGRANGE,KY,12500,24,"VACCINES, PRODUCTS",GENERAL SUPPORT,https://projects.propublica.org/nonprofits/full_text/202523519349301407/IRS990ScheduleI
Petco Love,2025,990-SchI,CUDDLE ME CAT RESCUE INC,88-2890268,GREENWOOD,IN,12500,11,"VACCINES, PRODUCTS",GENERAL SUPPORT,https://projects.propublica.org/nonprofits/full_text/202523519349301407/IRS990ScheduleI
Petco Love,2025,990-SchI,A NEW BEGINNING ANIMAL RESCUE INC,65-1310313,LAYTON,UT,12500,0,N/A,GENERAL SUPPORT,https://projects.propublica.org/nonprofits/full_text/202523519349301407/IRS990ScheduleI
Petco Love,2025,990-SchI,AMERICAN VETERINARY MEDICAL ASSOCIATION (AVMA),36-0731170,SCHAUMBURG,IL,12500,0,N/A,GENERAL SUPPORT,https://projects.propublica.org/nonprofits/full_text/202523519349301407/IRS990ScheduleI
Petco Love,2025,990-SchI,ANGEL RIDGE ANIMAL RESCUE,25-1853565,MEADOWLANDS,PA,12500,0,N/A,GENERAL SUPPORT,https://projects.propublica.org/nonprofits/full_text/202523519349301407/IRS990ScheduleI
Petco Love,2025,990-SchI,COMMUNITY CAT ADVOCATES AND RESCUE,87-2280348,VACAVILLE,CA,12500,0,N/A,GENERAL SUPPORT,https://projects.propublica.org/nonprofits/full_text/202523519349301407/IRS990ScheduleI
Petco Love,2025,990-SchI,FLUFF BUDDIES,20-0431335,NORTH HIGHLANDS,CA,12500,0,N/A,GENERAL SUPPORT,https://projects.propublica.org/nonprofits/full_text/202523519349301407/IRS990ScheduleI
Petco Love,2025,990-SchI,HOMEWARD BOUND CAT ADOPTIONS,26-0569097,LAS VEGAS,NV,12500,0,N/A,GENERAL SUPPORT,https://projects.propublica.org/nonprofits/full_text/202523519349301407/IRS990ScheduleI
Petco Love,2025,990-SchI,LINDA'S MAGNIFICENT MUTTS RESCUE,20-2516008,HILLSIDE,IL,12500,0,N/A,GENERAL SUPPORT,https://projects.propublica.org/nonprofits/full_text/202523519349301407/IRS990ScheduleI
Petco Love,2025,990-SchI,NASHVILLE HUMANE ASSOCIATION,62-0672999,NASHVILLE,TN,12500,0,N/A,GENERAL SUPPORT,https://projects.propublica.org/nonprofits/full_text/202523519349301407/IRS990ScheduleI
Petco Love,2025,990-SchI,ONEIDA COUNTY HUMANE SOCIETY,39-1312508,RHINELANDER,WI,12500,0,N/A,GENERAL SUPPORT,https://projects.propublica.org/nonprofits/full_text/202523519349301407/IRS990ScheduleI
Petco Love,2025,990-SchI,RESCUE ME,32-0727052,LANTANA,TX,12500,0,N/A,GENERAL SUPPORT,https://projects.propublica.org/nonprofits/full_text/202523519349301407/IRS990ScheduleI
Petco Love,2025,990-SchI,HUMANE SOCIETY OF CLARKSVILLE MONTGOMERY COUNTY,58-1465345,CLARKSVILLE,TN,12300,13378,"VACCINES, PRODUCTS",GENERAL SUPPORT,https://projects.propublica.org/nonprofits/full_text/202523519349301407/IRS990ScheduleI
Petco Love,2025,990-SchI,WHISKERS,82-4825714,SALT LAKE CITY,UT,12275,172,"VACCINES, PRODUCTS",GENERAL SUPPORT,https://projects.propublica.org/nonprofits/full_text/202523519349301407/IRS990ScheduleI
Petco Love,2025,990-SchI,HUMANE SOCIETY OF MASON COUNTY,91-1378403,BELFAIR,WA,12225,5879,"VACCINES, PRODUCTS",GENERAL SUPPORT,https://projects.propublica.org/nonprofits/full_text/202523519349301407/IRS990ScheduleI
Petco Love,2025,990-SchI,ANIMAL SPAY & NEUTER,68-0301201,AUBURN,CA,12200,5502,"VACCINES, PRODUCTS",GENERAL SUPPORT,https://projects.propublica.org/nonprofits/full_text/202523519349301407/IRS990ScheduleI
Petco Love,2025,990-SchI,SAN FRANCISCO SPCA,94-0836580,SAN FRANCISCO,CA,12000,22261,"VACCINES, PRODUCTS",GENERAL SUPPORT,https://projects.propublica.org/nonprofits/full_text/202523519349301407/IRS990ScheduleI
Petco Love,2025,990-SchI,SACRAMENTO COUNTY ANIMAL CARE SERVICES,94-6000529,SACRAMENTO,CA,12000,11889,"VACCINES, PRODUCTS",GENERAL SUPPORT,https://projects.propublica.org/nonprofits/full_text/202523519349301407/IRS990ScheduleI
Petco Love,2025,990-SchI,LOS ANGELES COUNTY ANIMAL CARE AND CONTROL,95-9000927,LONG BEACH,CA,12000,10798,"VACCINES, PRODUCTS",GENERAL SUPPORT,https://projects.propublica.org/nonprofits/full_text/202523519349301407/IRS990ScheduleI
Petco Love,2025,990-SchI,BRISCOE ANIMAL RESOURCE CENTER OF UVALDE INC,42-1668484,UVALDE,TX,12000,5489,"VACCINES, PRODUCTS",GENERAL SUPPORT,https://projects.propublica.org/nonprofits/full_text/202523519349301407/IRS990ScheduleI
Petco Love,2025,990-SchI,PAWS SHELTER & HUMANE SOCIETY,74-2421563,DRIPPING SPRINGS,TX,12000,34,"VACCINES, PRODUCTS",GENERAL SUPPORT,https://projects.propublica.org/nonprofits/full_text/202523519349301407/IRS990ScheduleI
Petco Love,2025,990-SchI,FIVE ACRES ANIMAL SHELTER,01-0756138,ST CHARLES,MO,12000,0,N/A,GENERAL SUPPORT,https://projects.propublica.org/nonprofits/full_text/202523519349301407/IRS990ScheduleI
Petco Love,2025,990-SchI,LEHIGH COUNTY HUMANE SOCIETY,23-1365372,ALLENTOWN,PA,12000,0,N/A,GENERAL SUPPORT,https://projects.propublica.org/nonprofits/full_text/202523519349301407/IRS990ScheduleI
Petco Love,2025,990-SchI,KANAWHA-CHARLESTON HUMANE ASSOCIATION,55-0435381,CHARLESTON,WV,11800,6277,"VACCINES, PRODUCTS",GENERAL SUPPORT,https://projects.propublica.org/nonprofits/full_text/202523519349301407/IRS990ScheduleI
Petco Love,2025,990-SchI,SCOTT COUNTY HUMANE SOCIETY,31-1090052,GEORGETOWN,KY,11800,3075,"VACCINES, PRODUCTS",GENERAL SUPPORT,https://projects.propublica.org/nonprofits/full_text/202523519349301407/IRS990ScheduleI
Petco Love,2025,990-SchI,BOONE AREA HUMANE SOCIETY,42-1103543,BOONE,IA,11500,1509,"VACCINES, PRODUCTS",GENERAL SUPPORT,https://projects.propublica.org/nonprofits/full_text/202523519349301407/IRS990ScheduleI
Petco Love,2025,990-SchI,SECOND CHANCE,43-1852167,COLUMBIA,MO,11500,1327,"VACCINES, PRODUCTS",GENERAL SUPPORT,https://projects.propublica.org/nonprofits/full_text/202523519349301407/IRS990ScheduleI
Petco Love,2025,990-SchI,SPCA OF MARTINSVILLE AND HENRY COUNTY,23-7381113,MARTINSVILLE,VA,11500,1014,"VACCINES, PRODUCTS",GENERAL SUPPORT,https://projects.propublica.org/nonprofits/full_text/202523519349301407/IRS990ScheduleI
Petco Love,2025,990-SchI,THE CAT'S VOICE WV INC,84-3833754,INWOOD,WV,11500,424,"VACCINES, PRODUCTS",GENERAL SUPPORT,https://projects.propublica.org/nonprofits/full_text/202523519349301407/IRS990ScheduleI
Petco Love,2025,990-SchI,JOURNEY HOME ANIMAL CARE CENTER,84-1500637,RIFLE,CO,11500,210,"VACCINES, PRODUCTS",GENERAL SUPPORT,https://projects.propublica.org/nonprofits/full_text/202523519349301407/IRS990ScheduleI
Petco Love,2025,990-SchI,PIMA ANIMAL CARE CENTER,86-6000543,TUCSON,AZ,11100,22982,"VACCINES, PRODUCTS",GENERAL SUPPORT,https://projects.propublica.org/nonprofits/full_text/202523519349301407/IRS990ScheduleI
Petco Love,2025,990-SchI,PET RESOURCE CENTER OF KANSAS CITY,82-0563117,KANSAS CITY,MO,11000,13456,"VACCINES, PRODUCTS",GENERAL SUPPORT,https://projects.propublica.org/nonprofits/full_text/202523519349301407/IRS990ScheduleI
Petco Love,2025,990-SchI,COLUMBIA GORGE CAT RESCUE,86-1164211,HOOD RIVER,OR,11000,1180,"VACCINES, PRODUCTS",GENERAL SUPPORT,https://projects.propublica.org/nonprofits/full_text/202523519349301407/IRS990ScheduleI
Petco Love,2025,990-SchI,LMN FELINE RESCUE,26-4180772,HUFFMAN,TX,11000,307,"VACCINES, PRODUCTS",GENERAL SUPPORT,https://projects.propublica.org/nonprofits/full_text/202523519349301407/IRS990ScheduleI
Petco Love,2025,990-SchI,ACADIANA ANIMAL AID,23-7414331,CARENCRO,LA,11000,226,"VACCINES, PRODUCTS",GENERAL SUPPORT,https://projects.propublica.org/nonprofits/full_text/202523519349301407/IRS990ScheduleI
Petco Love,2025,990-SchI,DALLAS PETS ALIVE,46-2768869,DALLAS,TX,11000,0,N/A,GENERAL SUPPORT,https://projects.propublica.org/nonprofits/full_text/202523519349301407/IRS990ScheduleI
Petco Love,2025,990-SchI,FULL CIRCLE CATS,47-2164490,OAKLAND,CA,11000,0,N/A,GENERAL SUPPORT,https://projects.propublica.org/nonprofits/full_text/202523519349301407/IRS990ScheduleI
Petco Love,2025,990-SchI,MAGNOLIAS HOPE KITTEN RESCUE,86-3355561,INMAN,SC,10900,11052,"VACCINES, PRODUCTS",GENERAL SUPPORT,https://projects.propublica.org/nonprofits/full_text/202523519349301407/IRS990ScheduleI
Petco Love,2025,990-SchI,HELEN WOODWARD ANIMAL CENTER,23-7228287,RANCHO SANTA FE,CA,10900,4596,"VACCINES, PRODUCTS",GENERAL SUPPORT,https://projects.propublica.org/nonprofits/full_text/202523519349301407/IRS990ScheduleI
Petco Love,2025,990-SchI,SPCA OF WINCHESTER FREDERICK AND CLARKE COUNTIES,54-6053158,WINCHESTER,VA,10900,1104,"VACCINES, PRODUCTS",GENERAL SUPPORT,https://projects.propublica.org/nonprofits/full_text/202523519349301407/IRS990ScheduleI
Petco Love,2025,990-SchI,VETS IN VANS INC,37-2029710,OAKLAND,CA,10900,1035,"VACCINES, PRODUCTS",GENERAL SUPPORT,https://projects.propublica.org/nonprofits/full_text/202523519349301407/IRS990ScheduleI
Petco Love,2025,990-SchI,TEXAS VETERINARY MEDICAL FOUNDATION,74-1983485,AUSTIN,TX,10900,995,"VACCINES, PRODUCTS",GENERAL SUPPORT,https://projects.propublica.org/nonprofits/full_text/202523519349301407/IRS990ScheduleI
Petco Love,2025,990-SchI,LAFOURCHE PARISH ANIMAL SHELTER,72-6000634,THIBODAUX,LA,10900,0,N/A,GENERAL SUPPORT,https://projects.propublica.org/nonprofits/full_text/202523519349301407/IRS990ScheduleI
Petco Love,2025,990-SchI,THE LUCY PET FOUNDATION,26-4448238,WESTLAKE VILLAGE,CA,10725,1432,"VACCINES, PRODUCTS",GENERAL SUPPORT,https://projects.propublica.org/nonprofits/full_text/202523519349301407/IRS990ScheduleI
Petco Love,2025,990-SchI,SNAKE RIVER ANIMAL SHELTER,20-5175430,IDAHO FALLS,ID,10500,1004,"VACCINES, PRODUCTS",GENERAL SUPPORT,https://projects.propublica.org/nonprofits/full_text/202523519349301407/IRS990ScheduleI
Petco Love,2025,990-SchI,KITTY BUNGALOW CHARM SCHOOL FOR WAYWARD CATS,27-1297223,LOS ANGELES,CA,10500,927,"VACCINES, PRODUCTS",GENERAL SUPPORT,https://projects.propublica.org/nonprofits/full_text/202523519349301407/IRS990ScheduleI
Petco Love,2025,990-SchI,PAWSIBILITIES INC,26-4460620,PORT ORANGE,FL,10500,183,"VACCINES, PRODUCTS",GENERAL SUPPORT,https://projects.propublica.org/nonprofits/full_text/202523519349301407/IRS990ScheduleI
Petco Love,2025,990-SchI,KITTEN RESCUE,95-4670174,LOS ANGELES,CA,10500,125,"VACCINES, PRODUCTS",GENERAL SUPPORT,https://projects.propublica.org/nonprofits/full_text/202523519349301407/IRS990ScheduleI
Petco Love,2025,990-SchI,ARIZONA SMALL DOG RESCUE,26-3993160,PHOENIX,AZ,10500,0,N/A,GENERAL SUPPORT,https://projects.propublica.org/nonprofits/full_text/202523519349301407/IRS990ScheduleI
Petco Love,2025,990-SchI,HUMANE FORT WAYNE INC,35-6042135,FORT WAYNE,IN,10500,0,N/A,GENERAL SUPPORT,https://projects.propublica.org/nonprofits/full_text/202523519349301407/IRS990ScheduleI
Petco Love,2025,990-SchI,AMBASSADORS FOR GODS CREATURES INC,81-1031491,PENDLETON,IN,10439,15361,"VACCINES, PRODUCTS",GENERAL SUPPORT,https://projects.propublica.org/nonprofits/full_text/202523519349301407/IRS990ScheduleI
Petco Love,2025,990-SchI,PITT COUNTY ANIMAL SHELTER,56-6000332,GREENVILLE,NC,10405,40,"VACCINES, PRODUCTS",GENERAL SUPPORT,https://projects.propublica.org/nonprofits/full_text/202523519349301407/IRS990ScheduleI
Petco Love,2025,990-SchI,ANIMAL CARE SANCTUARY,22-1837635,EAST SMITHFIELD,PA,10400,4457,"VACCINES, PRODUCTS",GENERAL SUPPORT,https://projects.propublica.org/nonprofits/full_text/202523519349301407/IRS990ScheduleI
Petco Love,2025,990-SchI,MACON SPAY NEUTER ASSISTANCE,46-5356452,LAFAYETTE,TN,10350,5008,"VACCINES, PRODUCTS",GENERAL SUPPORT,https://projects.propublica.org/nonprofits/full_text/202523519349301407/IRS990ScheduleI
Petco Love,2025,990-SchI,PUPPYKITTYNYCITY,83-1059040,MIDDLE VILLAGE,NY,10330,244,"VACCINES, PRODUCTS",GENERAL SUPPORT,https://projects.propublica.org/nonprofits/full_text/202523519349301407/IRS990ScheduleI
Petco Love,2025,990-SchI,CAPE ANN ANIMAL AID ASSOC,04-2374914,GLOUCESTER,MA,10200,0,N/A,GENERAL SUPPORT,https://projects.propublica.org/nonprofits/full_text/202523519349301407/IRS990ScheduleI
Petco Love,2025,990-SchI,OKLAHOMA HUMANE SOCIETY,20-8446621,OKLAHOMA CITY,OK,10000,4772,"VACCINES, PRODUCTS",GENERAL SUPPORT,https://projects.propublica.org/nonprofits/full_text/202523519349301407/IRS990ScheduleI
Petco Love,2025,990-SchI,BEST FRIENDS FOR LIFE INC,47-2504535,LAREDO,TX,10000,3361,"VACCINES, PRODUCTS",GENERAL SUPPORT,https://projects.propublica.org/nonprofits/full_text/202523519349301407/IRS990ScheduleI
Petco Love,2025,990-SchI,ANIMAL SHELTER OF SULLIVAN COUNTY INC,83-1482704,BLOUNTVILLE,TN,10000,3078,"VACCINES, PRODUCTS",GENERAL SUPPORT,https://projects.propublica.org/nonprofits/full_text/202523519349301407/IRS990ScheduleI
Petco Love,2025,990-SchI,BITTER ROOT HUMANE ASSOCIATION,81-0351709,HAMILTON,MT,10000,2504,"VACCINES, PRODUCTS",GENERAL SUPPORT,https://projects.propublica.org/nonprofits/full_text/202523519349301407/IRS990ScheduleI
Petco Love,2025,990-SchI,HUMANE SOCIETY OF WESTERN MONTANA,81-0290933,MISSOULA,MT,10000,2304,"VACCINES, PRODUCTS",GENERAL SUPPORT,https://projects.propublica.org/nonprofits/full_text/202523519349301407/IRS990ScheduleI
Petco Love,2025,990-SchI,LONGMONT HUMANE SOCIETY INC,84-0645455,LONGMONT,CO,10000,1975,"VACCINES, PRODUCTS",GENERAL SUPPORT,https://projects.propublica.org/nonprofits/full_text/202523519349301407/IRS990ScheduleI
Petco Love,2025,990-SchI,HUMANE SOCIETY OF BAY COUNTY (MICHIGAN),38-2556864,BAY CITY,MI,10000,1386,"VACCINES, PRODUCTS",GENERAL SUPPORT,https://projects.propublica.org/nonprofits/full_text/202523519349301407/IRS990ScheduleI
Petco Love,2025,990-SchI,KITTY KIND (NY),31-1717255,NEW YORK,NY,10000,1063,"VACCINES, PRODUCTS",GENERAL SUPPORT,https://projects.propublica.org/nonprofits/full_text/202523519349301407/IRS990ScheduleI
Petco Love,2025,990-SchI,PORT CITY CAT RESCUE,47-4950777,BOSSIER CITY,LA,10000,103,"VACCINES, PRODUCTS",GENERAL SUPPORT,https://projects.propublica.org/nonprofits/full_text/202523519349301407/IRS990ScheduleI
Petco Love,2025,990-SchI,PEGGY ADAMS ANIMAL RESCUE LEAGUE,59-0637811,WEST PALM BEACH,FL,10000,47,"VACCINES, PRODUCTS",GENERAL SUPPORT,https://projects.propublica.org/nonprofits/full_text/202523519349301407/IRS990ScheduleI
Petco Love,2025,990-SchI,RUTHERFORD COUNTY PAWS,62-6000818,MURFREESBORO,TN,10000,24,"VACCINES, PRODUCTS",GENERAL SUPPORT,https://projects.propublica.org/nonprofits/full_text/202523519349301407/IRS990ScheduleI
Petco Love,2025,990-SchI,CATTAILS SOCIETY,82-1311559,MANHATTAN,KS,10000,23,"VACCINES, PRODUCTS",GENERAL SUPPORT,https://projects.propublica.org/nonprofits/full_text/202523519349301407/IRS990ScheduleI
Petco Love,2025,990-SchI,VOLUNTEERS FOR ANIMALS,22-2783890,BATAVIA,NY,10000,11,"VACCINES, PRODUCTS",GENERAL SUPPORT,https://projects.propublica.org/nonprofits/full_text/202523519349301407/IRS990ScheduleI
Petco Love,2025,990-SchI,ALAQUA ANIMAL REFUGE,02-0806313,FREEPORT,FL,10000,0,N/A,GENERAL SUPPORT,https://projects.propublica.org/nonprofits/full_text/202523519349301407/IRS990ScheduleI
Petco Love,2025,990-SchI,ALLEYCATS & ARISTOCATS INC,87-4587301,BRUNSWICK,OH,10000,0,N/A,GENERAL SUPPORT,https://projects.propublica.org/nonprofits/full_text/202523519349301407/IRS990ScheduleI
Petco Love,2025,990-SchI,ALMOST HOME DOG RESCUE OF OHIO,20-0431201,DUBLIN,OH,10000,0,N/A,GENERAL SUPPORT,https://projects.propublica.org/nonprofits/full_text/202523519349301407/IRS990ScheduleI
Petco Love,2025,990-SchI,ALTERED TAILS BARNHART CLINIC,02-0710228,PHOENIX,AZ,10000,0,N/A,GENERAL SUPPORT,https://projects.propublica.org/nonprofits/full_text/202523519349301407/IRS990ScheduleI
Petco Love,2025,990-SchI,ANIMAL CRISIS COMMUNITY OPERATIONAL READINESS NETWORK (ACCORN) AKA SHELTERL,93-4246139,CHICO,CA,10000,0,N/A,GENERAL SUPPORT,https://projects.propublica.org/nonprofits/full_text/202523519349301407/IRS990ScheduleI
Petco Love,2025,990-SchI,ANIMAL HUMANE SOCIETY,41-0693842,MINNEAPOLIS,MN,10000,0,N/A,GENERAL SUPPORT,https://projects.propublica.org/nonprofits/full_text/202523519349301407/IRS990ScheduleI
Petco Love,2025,990-SchI,ANIMAL PLACE,68-0200668,GRASS VALLEY,CA,10000,0,N/A,GENERAL SUPPORT,https://projects.propublica.org/nonprofits/full_text/202523519349301407/IRS990ScheduleI
Petco Love,2025,990-SchI,BETTER TOGETHER DOG RESCUE,86-2220239,BELCHERTOWN,MA,10000,0,N/A,GENERAL SUPPORT,https://projects.propublica.org/nonprofits/full_text/202523519349301407/IRS990ScheduleI
Petco Love,2025,990-SchI,CARE 4PAWS,27-0207473,BUELLTON,CA,10000,0,N/A,GENERAL SUPPORT,https://projects.propublica.org/nonprofits/full_text/202523519349301407/IRS990ScheduleI
Petco Love,2025,990-SchI,CACHE HUMANE SOCIETY,51-0187825,LOGAN,UT,10000,0,N/A,GENERAL SUPPORT,https://projects.propublica.org/nonprofits/full_text/202523519349301407/IRS990ScheduleI
Petco Love,2025,990-SchI,CAT HAVEN,72-1454718,BATON ROUGE,LA,10000,0,N/A,GENERAL SUPPORT,https://projects.propublica.org/nonprofits/full_text/202523519349301407/IRS990ScheduleI
Petco Love,2025,990-SchI,CHANGING TOMORROW ANIMAL RESCUE INC,87-3805141,BOCA RATON,FL,10000,0,N/A,GENERAL SUPPORT,https://projects.propublica.org/nonprofits/full_text/202523519349301407/IRS990ScheduleI
Petco Love,2025,990-SchI,CITY OF NEWPORT ANIMAL CONTROL,62-6000385,NEWPORT,TN,10000,0,N/A,GENERAL SUPPORT,https://projects.propublica.org/nonprofits/full_text/202523519349301407/IRS990ScheduleI
Petco Love,2025,990-SchI,COMPANIONS FOR HEROES,27-0648741,BRUNSWICK,GA,10000,0,N/A,GENERAL SUPPORT,https://projects.propublica.org/nonprofits/full_text/202523519349301407/IRS990ScheduleI
Petco Love,2025,990-SchI,DAKIN HUMANE SOCIETY,20-5318898,SPRINGFIELD,MA,10000,0,N/A,GENERAL SUPPORT,https://projects.propublica.org/nonprofits/full_text/202523519349301407/IRS990ScheduleI
Petco Love,2025,990-SchI,FORGOTTEN CATS INC,20-0691180,GREENVILLE,DE,10000,0,N/A,GENERAL SUPPORT,https://projects.propublica.org/nonprofits/full_text/202523519349301407/IRS990ScheduleI
Petco Love,2025,990-SchI,GREENVILLE HUMANE SOCIETY,57-6000563,GREENVILLE,SC,10000,0,N/A,GENERAL SUPPORT,https://projects.propublica.org/nonprofits/full_text/202523519349301407/IRS990ScheduleI
Petco Love,2025,990-SchI,HAYWOOD COUNTY ANIMAL SERVICES,56-6001524,WAYNESVILLE,NC,10000,0,N/A,GENERAL SUPPORT,https://projects.propublica.org/nonprofits/full_text/202523519349301407/IRS990ScheduleI
Petco Love,2025,990-SchI,HONOR SANCTUARY DBA NATE'S HONOR ANIMAL RESCUE,26-0878064,BRADENTON,FL,10000,0,N/A,GENERAL SUPPORT,https://projects.propublica.org/nonprofits/full_text/202523519349301407/IRS990ScheduleI
Petco Love,2025,990-SchI,HUMANE SOCIETY OF BOULDER VALLEY,84-0152768,BOULDER,CO,10000,0,N/A,GENERAL SUPPORT,https://projects.propublica.org/nonprofits/full_text/202523519349301407/IRS990ScheduleI
Petco Love,2025,990-SchI,HUMANE SOCIETY OF NORTH CENTRAL ARKANSAS,71-0523058,MOUNTAIN HOME,AR,10000,0,N/A,GENERAL SUPPORT,https://projects.propublica.org/nonprofits/full_text/202523519349301407/IRS990ScheduleI
Petco Love,2025,990-SchI,HUMANE SOCIETY OF PINELLAS,59-0781650,CLEARWATER,FL,10000,0,N/A,GENERAL SUPPORT,https://projects.propublica.org/nonprofits/full_text/202523519349301407/IRS990ScheduleI
Petco Love,2025,990-SchI,HUMANE SOCIETY OF WASHINGTON COUNTY,52-0542025,HAGERSTOWN,MD,10000,0,N/A,GENERAL SUPPORT,https://projects.propublica.org/nonprofits/full_text/202523519349301407/IRS990ScheduleI
Petco Love,2025,990-SchI,KITTY KAT HAVEN & RESCUE,81-5382780,HOOVER,AL,10000,0,N/A,GENERAL SUPPORT,https://projects.propublica.org/nonprofits/full_text/202523519349301407/IRS990ScheduleI
Petco Love,2025,990-SchI,LOW COST ANIMAL MEDICAL CENTER,47-2883629,NEW ORLEANS,LA,10000,0,N/A,GENERAL SUPPORT,https://projects.propublica.org/nonprofits/full_text/202523519349301407/IRS990ScheduleI
Petco Love,2025,990-SchI,MARY S ROBERTS PET ADOPTION CENTER,95-1458062,RIVERSIDE,CA,10000,0,N/A,GENERAL SUPPORT,https://projects.propublica.org/nonprofits/full_text/202523519349301407/IRS990ScheduleI
Petco Love,2025,990-SchI,MEDINA COUNTY SOCIETY FOR THE PREVENTION OF CRUELTY TO ANIMALS,34-1507786,SEVILLE,OH,10000,0,N/A,GENERAL SUPPORT,https://projects.propublica.org/nonprofits/full_text/202523519349301407/IRS990ScheduleI
Petco Love,2025,990-SchI,MERCY FUND ANIMAL RESCUE INC,64-0963790,MARION,NC,10000,0,N/A,GENERAL SUPPORT,https://projects.propublica.org/nonprofits/full_text/202523519349301407/IRS990ScheduleI
Petco Love,2025,990-SchI,MOUNTAIN VIEW HUMANE,27-0617942,CHRISTIANSBURG,VA,10000,0,N/A,GENERAL SUPPORT,https://projects.propublica.org/nonprofits/full_text/202523519349301407/IRS990ScheduleI
Petco Love,2025,990-SchI,OPERATION DELTA DOG,46-1236244,HOLLIS,NH,10000,0,N/A,GENERAL SUPPORT,https://projects.propublica.org/nonprofits/full_text/202523519349301407/IRS990ScheduleI
Petco Love,2025,990-SchI,PARMA ANIMAL SHELTER,02-0693967,PARMA,OH,10000,0,N/A,GENERAL SUPPORT,https://projects.propublica.org/nonprofits/full_text/202523519349301407/IRS990ScheduleI
Petco Love,2025,990-SchI,PARTNERS FOR PATRIOTS,27-0556420,ANTHON,IA,10000,0,N/A,GENERAL SUPPORT,https://projects.propublica.org/nonprofits/full_text/202523519349301407/IRS990ScheduleI
Petco Love,2025,990-SchI,PAWS ATLANTA INC,58-6074088,DECATUR,GA,10000,0,N/A,GENERAL SUPPORT,https://projects.propublica.org/nonprofits/full_text/202523519349301407/IRS990ScheduleI
Petco Love,2025,990-SchI,PAWS OF GRAYS HARBOR,23-7174196,ABERDEEN,WA,10000,0,N/A,GENERAL SUPPORT,https://projects.propublica.org/nonprofits/full_text/202523519349301407/IRS990ScheduleI
Petco Love,2025,990-SchI,PAWSITIVE TAILS DOG RESCUE,47-4831823,OLATHE,KS,10000,0,N/A,GENERAL SUPPORT,https://projects.propublica.org/nonprofits/full_text/202523519349301407/IRS990ScheduleI
Petco Love,2025,990-SchI,PENNSYLVANIA SPCA,23-1352269,PHILADELPHIA,PA,10000,0,N/A,GENERAL SUPPORT,https://projects.propublica.org/nonprofits/full_text/202523519349301407/IRS990ScheduleI
Petco Love,2025,990-SchI,PEOPLE PROMOTING ANIMAL WELFARE,62-1471626,GREENBACK,TN,10000,0,N/A,GENERAL SUPPORT,https://projects.propublica.org/nonprofits/full_text/202523519349301407/IRS990ScheduleI
Petco Love,2025,990-SchI,PETS FOR PATRIOTS,27-1082210,LONG BEACH,NY,10000,0,N/A,GENERAL SUPPORT,https://projects.propublica.org/nonprofits/full_text/202523519349301407/IRS990ScheduleI
Petco Love,2025,990-SchI,POLK COUNTY HUMANE SOCIETY,43-1590822,BOLIVAR,MO,10000,0,N/A,GENERAL SUPPORT,https://projects.propublica.org/nonprofits/full_text/202523519349301407/IRS990ScheduleI
Petco Love,2025,990-SchI,PROJECT K9 HERO,81-1770909,DETROIT,MI,10000,0,N/A,GENERAL SUPPORT,https://projects.propublica.org/nonprofits/full_text/202523519349301407/IRS990ScheduleI
Petco Love,2025,990-SchI,SAVAGE CAT RESCUE INC,88-0964838,BILLINGS,MT,10000,0,N/A,GENERAL SUPPORT,https://projects.propublica.org/nonprofits/full_text/202523519349301407/IRS990ScheduleI
Petco Love,2025,990-SchI,STEALING HEARTS RESCUE,47-4328229,GLENDALE,AZ,10000,0,N/A,GENERAL SUPPORT,https://projects.propublica.org/nonprofits/full_text/202523519349301407/IRS990ScheduleI
Petco Love,2025,990-SchI,SUMNER SPAY NEUTER ALLIANCE,26-4175450,GALLATIN,TN,10000,0,N/A,GENERAL SUPPORT,https://projects.propublica.org/nonprofits/full_text/202523519349301407/IRS990ScheduleI
Petco Love,2025,990-SchI,TEXAS ANIMAL CONTROL ASSOCIATION (TACA),75-1535593,DEER PARK,TX,10000,0,N/A,GENERAL SUPPORT,https://projects.propublica.org/nonprofits/full_text/202523519349301407/IRS990ScheduleI
Petco Love,2025,990-SchI,TEXAS HEARING AND SERVICE DOGS DBA SERVICE DOGS INC,76-0260567,DRIPPING SPRINGS,TX,10000,0,N/A,GENERAL SUPPORT,https://projects.propublica.org/nonprofits/full_text/202523519349301407/IRS990ScheduleI
Petco Love,2025,990-SchI,TEXAS HUMANE HEROES,74-2069592,LEANDER,TX,10000,0,N/A,GENERAL SUPPORT,https://projects.propublica.org/nonprofits/full_text/202523519349301407/IRS990ScheduleI
Petco Love,2025,990-SchI,THE ANIMAL RIGHTS ALLIANCE INC,13-3269965,WARWICK,NY,10000,0,N/A,GENERAL SUPPORT,https://projects.propublica.org/nonprofits/full_text/202523519349301407/IRS990ScheduleI
Petco Love,2025,990-SchI,THE HUMANE SOCIETY OF DELAWARE COUNTY,31-0956829,DELAWARE,OH,10000,0,N/A,GENERAL SUPPORT,https://projects.propublica.org/nonprofits/full_text/202523519349301407/IRS990ScheduleI
Petco Love,2025,990-SchI,TTFAR INC,92-2785041,ESCONDIDO,CA,10000,0,N/A,GENERAL SUPPORT,https://projects.propublica.org/nonprofits/full_text/202523519349301407/IRS990ScheduleI
Petco Love,2025,990-SchI,VOLUNTEERS FOR MUSKEGON COUNTY ANIMAL CONTROL DBA POUND BUDDIES RESCUE,38-3590598,MUSKEGON,MI,10000,0,N/A,GENERAL SUPPORT,https://projects.propublica.org/nonprofits/full_text/202523519349301407/IRS990ScheduleI
Petco Love,2025,990-SchI,WALLIS ANNENBERG LEGACY FOUNDATION,45-2964080,PLAYA VISTA,CA,10000,0,N/A,GENERAL SUPPORT,https://projects.propublica.org/nonprofits/full_text/202523519349301407/IRS990ScheduleI
Petco Love,2025,990-SchI,WASHINGTON COUNTY JOHNSON CITY ANIMAL SHELTER,58-1661479,JOHNSON CITY,TN,10000,0,N/A,GENERAL SUPPORT,https://projects.propublica.org/nonprofits/full_text/202523519349301407/IRS990ScheduleI
Petco Love,2025,990-SchI,WATAUGA HUMANE SOCIETY,23-7128331,BOONE,NC,10000,0,N/A,GENERAL SUPPORT,https://projects.propublica.org/nonprofits/full_text/202523519349301407/IRS990ScheduleI
Petco Love,2025,990-SchI,EL DORADO HUMANE SOCIETY,94-3023522,DIAMOND SPRINGS,CA,9950,6654,"VACCINES, PRODUCTS",GENERAL SUPPORT,https://projects.propublica.org/nonprofits/full_text/202523519349301407/IRS990ScheduleI
Petco Love,2025,990-SchI,HOMELESS AND ORPHANED PETS ENDEAVOR,76-0618317,HOUSTON,TX,9900,154,"VACCINES, PRODUCTS",GENERAL SUPPORT,https://projects.propublica.org/nonprofits/full_text/202523519349301407/IRS990ScheduleI
Petco Love,2025,990-SchI,YOUNG-WILLIAMS ANIMAL CENTER,45-5326778,KNOXVILLE,TN,9800,6747,"VACCINES, PRODUCTS",GENERAL SUPPORT,https://projects.propublica.org/nonprofits/full_text/202523519349301407/IRS990ScheduleI
Petco Love,2025,990-SchI,CRITTER CONNECTION,92-0847724,CHAPMANVILLE,WV,9681,11006,"VACCINES, PRODUCTS",GENERAL SUPPORT,https://projects.propublica.org/nonprofits/full_text/202523519349301407/IRS990ScheduleI
Petco Love,2025,990-SchI,HUMANE SOCIETY OF OLDHAM COUNTY,61-1166840,LA GRANGE,KY,9625,5705,"VACCINES, PRODUCTS",GENERAL SUPPORT,https://projects.propublica.org/nonprofits/full_text/202523519349301407/IRS990ScheduleI
Petco Love,2025,990-SchI,FRONT RANGE FREEDOM RESCUE,83-3364318,BOULDER,CO,9600,3011,"VACCINES, PRODUCTS",GENERAL SUPPORT,https://projects.propublica.org/nonprofits/full_text/202523519349301407/IRS990ScheduleI
Petco Love,2025,990-SchI,SHELTER FROM THE STORM,20-3627106,MADISON,WI,9500,7289,"VACCINES, PRODUCTS",GENERAL SUPPORT,https://projects.propublica.org/nonprofits/full_text/202523519349301407/IRS990ScheduleI
Petco Love,2025,990-SchI,A NEW LIFE CHARITABLE FOUNDATION,83-1513996,NEWPORT BEACH,CA,9500,1837,"VACCINES, PRODUCTS",GENERAL SUPPORT,https://projects.propublica.org/nonprofits/full_text/202523519349301407/IRS990ScheduleI
Petco Love,2025,990-SchI,IT TAKES A VILLAGE ANIMAL RESCUE & RESOURCES,86-2154869,MUSCATINE,IA,9500,975,"VACCINES, PRODUCTS",GENERAL SUPPORT,https://projects.propublica.org/nonprofits/full_text/202523519349301407/IRS990ScheduleI
Petco Love,2025,990-SchI,TRAGIC TO MAGIC,81-1899131,NEW YORK,NY,9500,303,"VACCINES, PRODUCTS",GENERAL SUPPORT,https://projects.propublica.org/nonprofits/full_text/202523519349301407/IRS990ScheduleI
Petco Love,2025,990-SchI,STATE HUMANE ASSOCIATION OF CALIFORNIA (AKA CALANIMALS),94-1541797,PENN VALLEY,CA,9500,0,N/A,GENERAL SUPPORT,https://projects.propublica.org/nonprofits/full_text/202523519349301407/IRS990ScheduleI
Petco Love,2025,990-SchI,ELLISON DRIVE ANIMAL HOSPITAL INC,90-0124829,SAN ANTONIO,TX,9360,0,N/A,GENERAL SUPPORT,https://projects.propublica.org/nonprofits/full_text/202523519349301407/IRS990ScheduleI
Petco Love,2025,990-SchI,PATUXENT ANIMAL WELFARE SOCIETY INC,52-2001456,ANNAPOLIS,MD,9350,2407,"VACCINES, PRODUCTS",GENERAL SUPPORT,https://projects.propublica.org/nonprofits/full_text/202523519349301407/IRS990ScheduleI
Petco Love,2025,990-SchI,COMMUNITY SPAY NEUTER CLINIC,82-4901173,SACRAMENTO,CA,9300,9597,"VACCINES, PRODUCTS",GENERAL SUPPORT,https://projects.propublica.org/nonprofits/full_text/202523519349301407/IRS990ScheduleI
Petco Love,2025,990-SchI,HOUSTON PETS ALIVE,46-5455638,HOUSTON,TX,9160,24,"VACCINES, PRODUCTS",GENERAL SUPPORT,https://projects.propublica.org/nonprofits/full_text/202523519349301407/IRS990ScheduleI
Petco Love,2025,990-SchI,PAWS CAT SHELTER,81-4975597,PUTNAM,CT,9145,0,N/A,GENERAL SUPPORT,https://projects.propublica.org/nonprofits/full_text/202523519349301407/IRS990ScheduleI
Petco Love,2025,990-SchI,FRIENDS OF GRENADA ANIMAL SHELTER,86-1555279,GRENADA,MS,9000,15670,"VACCINES, PRODUCTS",GENERAL SUPPORT,https://projects.propublica.org/nonprofits/full_text/202523519349301407/IRS990ScheduleI
Petco Love,2025,990-SchI,FRIENDS OF UPLAND ANIMAL SHELTER,46-2546783,UPLAND,CA,9000,13057,"VACCINES, PRODUCTS",GENERAL SUPPORT,https://projects.propublica.org/nonprofits/full_text/202523519349301407/IRS990ScheduleI
Petco Love,2025,990-SchI,ALL ABOUT ANIMALS RESCUE AKA SPAY MICHIGAN,20-3006686,WARREN,MI,9000,9063,"VACCINES, PRODUCTS",GENERAL SUPPORT,https://projects.propublica.org/nonprofits/full_text/202523519349301407/IRS990ScheduleI
Petco Love,2025,990-SchI,TWIN CITIES PET RESCUE,27-0162063,MAPLEWOOD,MN,9000,2384,"VACCINES, PRODUCTS",GENERAL SUPPORT,https://projects.propublica.org/nonprofits/full_text/202523519349301407/IRS990ScheduleI
Petco Love,2025,990-SchI,FERAL CAT PROGRAM OF GEORGIA,27-0694932,ALPHARETTA,GA,9000,2058,"VACCINES, PRODUCTS",GENERAL SUPPORT,https://projects.propublica.org/nonprofits/full_text/202523519349301407/IRS990ScheduleI
Petco Love,2025,990-SchI,FIELDHAVEN FELINE CENTER,30-0240425,LINCOLN,CA,9000,1618,"VACCINES, PRODUCTS",GENERAL SUPPORT,https://projects.propublica.org/nonprofits/full_text/202523519349301407/IRS990ScheduleI
Petco Love,2025,990-SchI,FELINES & FRIENDS NEW MEXICO,27-4453623,SANTA FE,NM,9000,1479,"VACCINES, PRODUCTS",GENERAL SUPPORT,https://projects.propublica.org/nonprofits/full_text/202523519349301407/IRS990ScheduleI
Petco Love,2025,990-SchI,KANE'S K9S & ANIMAL RESCUE,86-3604887,SAN DIEGO,CA,9000,1302,"VACCINES, PRODUCTS",GENERAL SUPPORT,https://projects.propublica.org/nonprofits/full_text/202523519349301407/IRS990ScheduleI
Petco Love,2025,990-SchI,OAKTREE FOUNDATION INC DBA BENEVOLENT ANIMAL RESCUE COMMITTEE (BARC),93-1201887,CHERRY VALLEY,CA,9000,294,"VACCINES, PRODUCTS",GENERAL SUPPORT,https://projects.propublica.org/nonprofits/full_text/202523519349301407/IRS990ScheduleI
Petco Love,2025,990-SchI,GUARDIANS OF FLORIDA ANIMAL RESCUE INC,87-0921342,FORT MYERS,FL,9000,0,N/A,GENERAL SUPPORT,https://projects.propublica.org/nonprofits/full_text/202523519349301407/IRS990ScheduleI
Petco Love,2025,990-SchI,JENNIS RESCUE RANCH,86-1227366,ALVIN,TX,8850,11357,"VACCINES, PRODUCTS",GENERAL SUPPORT,https://projects.propublica.org/nonprofits/full_text/202523519349301407/IRS990ScheduleI
Petco Love,2025,990-SchI,LABELLE FOUNDATION INC,83-0882287,LOS ANGELES,CA,8850,11018,"VACCINES, PRODUCTS",GENERAL SUPPORT,https://projects.propublica.org/nonprofits/full_text/202523519349301407/IRS990ScheduleI
Petco Love,2025,990-SchI,HUMANE SOCIETY OF JEFFERSON COUNTY,39-1022638,JEFFERSON,WI,8800,1981,"VACCINES, PRODUCTS",GENERAL SUPPORT,https://projects.propublica.org/nonprofits/full_text/202523519349301407/IRS990ScheduleI
Petco Love,2025,990-SchI,HELPING HANDS HUMANE SOCIETY INC,48-0597124,TOPEKA,KS,8760,3939,"VACCINES, PRODUCTS",GENERAL SUPPORT,https://projects.propublica.org/nonprofits/full_text/202523519349301407/IRS990ScheduleI
Petco Love,2025,990-SchI,ROCKWALL PETS,45-2499166,ROYSE CITY,TX,8500,225,"VACCINES, PRODUCTS",GENERAL SUPPORT,https://projects.propublica.org/nonprofits/full_text/202523519349301407/IRS990ScheduleI
Petco Love,2025,990-SchI,LOVING CARE CAT RESCUE,81-2470802,LEWISTOWN,PA,8500,22,"VACCINES, PRODUCTS",GENERAL SUPPORT,https://projects.propublica.org/nonprofits/full_text/202523519349301407/IRS990ScheduleI
Petco Love,2025,990-SchI,COMMUNITY CAT COALITION OF CLARK COUNTY,27-1273887,LAS VEGAS,NV,8500,0,N/A,GENERAL SUPPORT,https://projects.propublica.org/nonprofits/full_text/202523519349301407/IRS990ScheduleI
Petco Love,2025,990-SchI,HAPPY CATS HAVEN,45-1633134,MANITOU SPRINGS,CO,8500,0,N/A,GENERAL SUPPORT,https://projects.propublica.org/nonprofits/full_text/202523519349301407/IRS990ScheduleI
Petco Love,2025,990-SchI,HUMANE ANIMAL TREATMENT SOCIETY,38-3485419,MT PLEASANT,MI,8500,0,N/A,GENERAL SUPPORT,https://projects.propublica.org/nonprofits/full_text/202523519349301407/IRS990ScheduleI
Petco Love,2025,990-SchI,HUMANE SOCIETY OF CHARLES COUNTY INC,52-1212430,WALDORF,MD,8500,0,N/A,GENERAL SUPPORT,https://projects.propublica.org/nonprofits/full_text/202523519349301407/IRS990ScheduleI
Petco Love,2025,990-SchI,SASPCA SAN ANTONIO SAVE PROTECT & CARE FOR ANIMALS,26-0589145,PIPE CREEK,TX,8500,0,N/A,GENERAL SUPPORT,https://projects.propublica.org/nonprofits/full_text/202523519349301407/IRS990ScheduleI
Petco Love,2025,990-SchI,CRITTERS WITHOUT LITTERS,27-1606167,BAKERSFIELD,CA,8400,20979,"VACCINES, PRODUCTS",GENERAL SUPPORT,https://projects.propublica.org/nonprofits/full_text/202523519349301407/IRS990ScheduleI
Petco Love,2025,990-SchI,HOPE FOR ALL PETS INC,81-1318140,SOMERSET,KY,8400,7834,"VACCINES, PRODUCTS",GENERAL SUPPORT,https://projects.propublica.org/nonprofits/full_text/202523519349301407/IRS990ScheduleI
Petco Love,2025,990-SchI,BEATRICE HUMANE SOCIETY INC,47-0820810,BEATRICE,NE,8400,2019,"VACCINES, PRODUCTS",GENERAL SUPPORT,https://projects.propublica.org/nonprofits/full_text/202523519349301407/IRS990ScheduleI
Petco Love,2025,990-SchI,SOLDIERS BEST FRIEND,27-4665797,PEORIA,AZ,8400,989,"VACCINES, PRODUCTS",GENERAL SUPPORT,https://projects.propublica.org/nonprofits/full_text/202523519349301407/IRS990ScheduleI
Petco Love,2025,990-SchI,SILVERSTRAY SOCIAL,84-5067840,LAPORTE,IN,8200,6573,"VACCINES, PRODUCTS",GENERAL SUPPORT,https://projects.propublica.org/nonprofits/full_text/202523519349301407/IRS990ScheduleI
Petco Love,2025,990-SchI,INDEPENDENT ANIMAL RESCUE,56-1951483,DURHAM,NC,8200,4452,"VACCINES, PRODUCTS",GENERAL SUPPORT,https://projects.propublica.org/nonprofits/full_text/202523519349301407/IRS990ScheduleI
Petco Love,2025,990-SchI,FOX VALLEY HUMANE ASSOCIATION,39-0992559,APPLETON,WI,8193,3154,"VACCINES, PRODUCTS",GENERAL SUPPORT,https://projects.propublica.org/nonprofits/full_text/202523519349301407/IRS990ScheduleI
Petco Love,2025,990-SchI,HUMANE RESCUE ALLIANCE,53-0219724,WASHINGTON,DC,8000,2882,"VACCINES, PRODUCTS",GENERAL SUPPORT,https://projects.propublica.org/nonprofits/full_text/202523519349301407/IRS990ScheduleI
Petco Love,2025,990-SchI,PAWS 4 A CAUSE RESCUE,46-1954050,SAN BERNARDINO,CA,8000,284,"VACCINES, PRODUCTS",GENERAL SUPPORT,https://projects.propublica.org/nonprofits/full_text/202523519349301407/IRS990ScheduleI
Petco Love,2025,990-SchI,FRIENDS FOR LIFE CAT RESCUE IC,20-8218616,FREDERICK,MD,8000,95,"VACCINES, PRODUCTS",GENERAL SUPPORT,https://projects.propublica.org/nonprofits/full_text/202523519349301407/IRS990ScheduleI
Petco Love,2025,990-SchI,FLORIDA ANIMAL PROTECTION FOUNDATION,93-2133168,NAPLES,FL,8000,0,N/A,GENERAL SUPPORT,https://projects.propublica.org/nonprofits/full_text/202523519349301407/IRS990ScheduleI
Petco Love,2025,990-SchI,WOLF TRAP ANIMAL RESCUE,47-5126237,FAIRFAX,VA,8000,0,N/A,GENERAL SUPPORT,https://projects.propublica.org/nonprofits/full_text/202523519349301407/IRS990ScheduleI
Petco Love,2025,990-SchI,COMPASSION WITHOUT BORDERS,20-4698227,SANTA ROSA,CA,7800,4353,"VACCINES, PRODUCTS",GENERAL SUPPORT,https://projects.propublica.org/nonprofits/full_text/202523519349301407/IRS990ScheduleI
Petco Love,2025,990-SchI,PETS IN NEED OF GREATER CINCINNATI INC,45-5512473,CINCINNATI,OH,7750,0,N/A,GENERAL SUPPORT,https://projects.propublica.org/nonprofits/full_text/202523519349301407/IRS990ScheduleI
Petco Love,2025,990-SchI,CAPITAL AREA HUMANE SOCIETY,38-1601542,LANSING,MI,7749,3576,"VACCINES, PRODUCTS",GENERAL SUPPORT,https://projects.propublica.org/nonprofits/full_text/202523519349301407/IRS990ScheduleI
Petco Love,2025,990-SchI,PAW PROJECT OF GEORGIA INC,81-1884878,DULUTH,GA,7724,8295,"VACCINES, PRODUCTS",GENERAL SUPPORT,https://projects.propublica.org/nonprofits/full_text/202523519349301407/IRS990ScheduleI
Petco Love,2025,990-SchI,HUMANE SOCIETY OF GREATER DAYTON,31-0537073,DAYTON,OH,7700,2960,"VACCINES, PRODUCTS",GENERAL SUPPORT,https://projects.propublica.org/nonprofits/full_text/202523519349301407/IRS990ScheduleI
Petco Love,2025,990-SchI,LAMA ANIMAL RESCUE AND SUPPORT SERVICES,85-1161706,SPRINGHILL,LA,7700,2157,"VACCINES, PRODUCTS",GENERAL SUPPORT,https://projects.propublica.org/nonprofits/full_text/202523519349301407/IRS990ScheduleI
Petco Love,2025,990-SchI,ANSON COUNTY ANIMAL SHELTER,56-6000273,POLKTON,NC,7625,3349,"VACCINES, PRODUCTS",GENERAL SUPPORT,https://projects.propublica.org/nonprofits/full_text/202523519349301407/IRS990ScheduleI
Petco Love,2025,990-SchI,MIDDLE TENNESSEE SPAY AND NEUTER CLINIC,26-3365124,SHELBYVILLE,TN,7600,4938,"VACCINES, PRODUCTS",GENERAL SUPPORT,https://projects.propublica.org/nonprofits/full_text/202523519349301407/IRS990ScheduleI
Petco Love,2025,990-SchI,HAPPY HILLS ANIMAL FOUNDATION INC,56-1713289,STALEY,NC,7500,7535,"VACCINES, PRODUCTS",GENERAL SUPPORT,https://projects.propublica.org/nonprofits/full_text/202523519349301407/IRS990ScheduleI
Petco Love,2025,990-SchI,PAWS FOR LIFE K9 RESCUE,83-0757621,THOUSAND OAKS,CA,7500,3870,"VACCINES, PRODUCTS",GENERAL SUPPORT,https://projects.propublica.org/nonprofits/full_text/202523519349301407/IRS990ScheduleI
Petco Love,2025,990-SchI,FOR PETS SAKE RESCUE,84-4175505,LONG BEACH,MS,7500,3621,"VACCINES, PRODUCTS",GENERAL SUPPORT,https://projects.propublica.org/nonprofits/full_text/202523519349301407/IRS990ScheduleI
Petco Love,2025,990-SchI,FAYETTEVILLE ANIMAL PROTECTION SOCIETY,58-1483982,FAYETTEVILLE,NC,7500,3424,"VACCINES, PRODUCTS",GENERAL SUPPORT,https://projects.propublica.org/nonprofits/full_text/202523519349301407/IRS990ScheduleI
Petco Love,2025,990-SchI,ANIMAL HUMANE ASSOCIATION OF NEW MEXICO,85-0207652,ALBUQUERQUE,NM,7500,3030,"VACCINES, PRODUCTS",GENERAL SUPPORT,https://projects.propublica.org/nonprofits/full_text/202523519349301407/IRS990ScheduleI
Petco Love,2025,990-SchI,JUDY MANN CAT RESCUE,46-1404237,MONTCLAIR,CA,7500,1240,"VACCINES, PRODUCTS",GENERAL SUPPORT,https://projects.propublica.org/nonprofits/full_text/202523519349301407/IRS990ScheduleI
Petco Love,2025,990-SchI,ANIMAL REFUGEE RESPONSE,45-3248828,VACAVILLE,CA,7500,1191,"VACCINES, PRODUCTS",GENERAL SUPPORT,https://projects.propublica.org/nonprofits/full_text/202523519349301407/IRS990ScheduleI
Petco Love,2025,990-SchI,VUN-VEQ RESCUE,47-4206121,SAN ANTONIO,TX,7500,568,"VACCINES, PRODUCTS",GENERAL SUPPORT,https://projects.propublica.org/nonprofits/full_text/202523519349301407/IRS990ScheduleI
Petco Love,2025,990-SchI,SPOKANIMAL CARE,91-1223929,SPOKANE,WA,7500,471,"VACCINES, PRODUCTS",GENERAL SUPPORT,https://projects.propublica.org/nonprofits/full_text/202523519349301407/IRS990ScheduleI
Petco Love,2025,990-SchI,CHICAGO PET RESCUE,27-3072207,CHICAGO,IL,7500,350,"VACCINES, PRODUCTS",GENERAL SUPPORT,https://projects.propublica.org/nonprofits/full_text/202523519349301407/IRS990ScheduleI
Petco Love,2025,990-SchI,WHISKERS RESCUE INC,85-3413389,MOUNTAIN HOME,AR,7500,305,"VACCINES, PRODUCTS",GENERAL SUPPORT,https://projects.propublica.org/nonprofits/full_text/202523519349301407/IRS990ScheduleI
Petco Love,2025,990-SchI,BLOOMINGDALE REGIONAL ANIMAL SHELTER SOCIETY,22-3402212,BLOOMINGDALE,NJ,7500,253,"VACCINES, PRODUCTS",GENERAL SUPPORT,https://projects.propublica.org/nonprofits/full_text/202523519349301407/IRS990ScheduleI
Petco Love,2025,990-SchI,SMITTEN WITH KITTENS INC,27-5039851,TALLAHASSEE,FL,7500,242,"VACCINES, PRODUCTS",GENERAL SUPPORT,https://projects.propublica.org/nonprofits/full_text/202523519349301407/IRS990ScheduleI
Petco Love,2025,990-SchI,HAIRBALL HAVEN,47-2936943,MINOT,ND,7500,119,"VACCINES, PRODUCTS",GENERAL SUPPORT,https://projects.propublica.org/nonprofits/full_text/202523519349301407/IRS990ScheduleI
Petco Love,2025,990-SchI,RUTLAND COUNTY HUMANE SOCIETY,03-6006930,PITTSFORD,VT,7500,117,"VACCINES, PRODUCTS",GENERAL SUPPORT,https://projects.propublica.org/nonprofits/full_text/202523519349301407/IRS990ScheduleI
Petco Love,2025,990-SchI,HUMANE SOCIETY OF WARREN COUNTY INC,54-6044296,FRONT ROYAL,VA,7500,107,"VACCINES, PRODUCTS",GENERAL SUPPORT,https://projects.propublica.org/nonprofits/full_text/202523519349301407/IRS990ScheduleI
Petco Love,2025,990-SchI,CAT TALES RESCUE,26-4790262,VACAVILLE,CA,7500,75,"VACCINES, PRODUCTS",GENERAL SUPPORT,https://projects.propublica.org/nonprofits/full_text/202523519349301407/IRS990ScheduleI
Petco Love,2025,990-SchI,ACTION 4 ANIMALS HAWAII,88-3038470,VOLCANO,HI,7500,70,"VACCINES, PRODUCTS",GENERAL SUPPORT,https://projects.propublica.org/nonprofits/full_text/202523519349301407/IRS990ScheduleI
Petco Love,2025,990-SchI,OREGON HUMANE SOCIETY,93-0386880,PORTLAND,OR,7500,65,"VACCINES, PRODUCTS",GENERAL SUPPORT,https://projects.propublica.org/nonprofits/full_text/202523519349301407/IRS990ScheduleI
Petco Love,2025,990-SchI,RESCUE ME INC,20-4970139,NEW CARLISLE,OH,7500,51,"VACCINES, PRODUCTS",GENERAL SUPPORT,https://projects.propublica.org/nonprofits/full_text/202523519349301407/IRS990ScheduleI
Petco Love,2025,990-SchI,FELINE AND CANINE FRIENDS INC,39-1637054,ADAMS,WI,7500,49,"VACCINES, PRODUCTS",GENERAL SUPPORT,https://projects.propublica.org/nonprofits/full_text/202523519349301407/IRS990ScheduleI
Petco Love,2025,990-SchI,HUMANE SOCIETYSPCA OF SUMTER COUNTY INC DBA HUMANE SOCIETY SUMTER COUNTY,59-2999283,LAKE PANASOFFKEE,FL,7500,25,"VACCINES, PRODUCTS",GENERAL SUPPORT,https://projects.propublica.org/nonprofits/full_text/202523519349301407/IRS990ScheduleI
Petco Love,2025,990-SchI,HARNETT COUNTY ANIMAL SERVICES,56-6000306,LILLINGTON,NC,7500,15,"VACCINES, PRODUCTS",GENERAL SUPPORT,https://projects.propublica.org/nonprofits/full_text/202523519349301407/IRS990ScheduleI
Petco Love,2025,990-SchI,FOREVER FRIENDS FOUNDATION,04-3769578,NORTHFIELD,OH,7500,12,"VACCINES, PRODUCTS",GENERAL SUPPORT,https://projects.propublica.org/nonprofits/full_text/202523519349301407/IRS990ScheduleI
Petco Love,2025,990-SchI,COCO'S CUPBOARD INC,45-1952534,MOLENA,GA,7500,11,"VACCINES, PRODUCTS",GENERAL SUPPORT,https://projects.propublica.org/nonprofits/full_text/202523519349301407/IRS990ScheduleI
Petco Love,2025,990-SchI,ABANDONED ANIMAL RESCUE,94-3424576,TOMBALL,TX,7500,0,N/A,GENERAL SUPPORT,https://projects.propublica.org/nonprofits/full_text/202523519349301407/IRS990ScheduleI
Petco Love,2025,990-SchI,ANIMAL KEEPERS RESCUE,25-1819526,ACME,PA,7500,0,N/A,GENERAL SUPPORT,https://projects.propublica.org/nonprofits/full_text/202523519349301407/IRS990ScheduleI
Petco Love,2025,990-SchI,CANINES WITH A CAUSE,27-4402344,PARK CITY,UT,7500,0,N/A,GENERAL SUPPORT,https://projects.propublica.org/nonprofits/full_text/202523519349301407/IRS990ScheduleI
Petco Love,2025,990-SchI,CATS LEAGUE AND ASSISTANCE OF THE WESTERN SLOPE CLAWS,01-0884285,GRAND JUNCTION,CO,7500,0,N/A,GENERAL SUPPORT,https://projects.propublica.org/nonprofits/full_text/202523519349301407/IRS990ScheduleI
Petco Love,2025,990-SchI,CELL DOGS INC,02-0536487,SANTA ANA,CA,7500,0,N/A,GENERAL SUPPORT,https://projects.propublica.org/nonprofits/full_text/202523519349301407/IRS990ScheduleI
Petco Love,2025,990-SchI,CENTRAL NEW YORK CAT COALITION INC,06-1688749,SYRACUSE,NY,7500,0,N/A,GENERAL SUPPORT,https://projects.propublica.org/nonprofits/full_text/202523519349301407/IRS990ScheduleI
Petco Love,2025,990-SchI,CLEVELAND ANIMAL PROTECTIVE LEAGUE,34-0714644,CLEVELAND,OH,7500,0,N/A,GENERAL SUPPORT,https://projects.propublica.org/nonprofits/full_text/202523519349301407/IRS990ScheduleI
Petco Love,2025,990-SchI,DOGS PLAYING FOR LIFE,46-5559418,LONGMONT,CO,7500,0,N/A,GENERAL SUPPORT,https://projects.propublica.org/nonprofits/full_text/202523519349301407/IRS990ScheduleI
Petco Love,2025,990-SchI,EASEL ANIMAL RESCUE LEAGUE,80-0155306,EWING TOWNSHIP,NJ,7500,0,N/A,GENERAL SUPPORT,https://projects.propublica.org/nonprofits/full_text/202523519349301407/IRS990ScheduleI
Petco Love,2025,990-SchI,LOST OUR HOME PET FOUNDATION,37-1589959,TEMPE,AZ,7500,0,N/A,GENERAL SUPPORT,https://projects.propublica.org/nonprofits/full_text/202523519349301407/IRS990ScheduleI
Petco Love,2025,990-SchI,LOST PAWS ANIMAL RESCUE INC,26-0513416,PITTSTOWN,NJ,7500,0,N/A,GENERAL SUPPORT,https://projects.propublica.org/nonprofits/full_text/202523519349301407/IRS990ScheduleI
Petco Love,2025,990-SchI,MASON COUNTY ANIMAL SHELTER,55-6000352,PT PLEASANT,WV,7500,0,N/A,GENERAL SUPPORT,https://projects.propublica.org/nonprofits/full_text/202523519349301407/IRS990ScheduleI
Petco Love,2025,990-SchI,MIDCOAST HUMANE,01-6021200,BRUNSWICK,ME,7500,0,N/A,GENERAL SUPPORT,https://projects.propublica.org/nonprofits/full_text/202523519349301407/IRS990ScheduleI
Petco Love,2025,990-SchI,PAWS FUR THE CAUSE (AKA POUND ANIMALS WORTH SAVING),46-1189949,MESA,AZ,7500,0,N/A,GENERAL SUPPORT,https://projects.propublica.org/nonprofits/full_text/202523519349301407/IRS990ScheduleI
Petco Love,2025,990-SchI,PAWFECT MATCH RESCUE & REHABILITATION,20-4342710,HOLLY SPRINGS,NC,7500,0,N/A,GENERAL SUPPORT,https://projects.propublica.org/nonprofits/full_text/202523519349301407/IRS990ScheduleI
Petco Love,2025,990-SchI,RESCUE DOG & END OF LIFE SANCTUARY INC,46-4044457,MOUNTAIN CITY,TN,7500,0,N/A,GENERAL SUPPORT,https://projects.propublica.org/nonprofits/full_text/202523519349301407/IRS990ScheduleI
Petco Love,2025,990-SchI,RUFF START RESCUE,27-2545988,PRINCETON,MN,7500,0,N/A,GENERAL SUPPORT,https://projects.propublica.org/nonprofits/full_text/202523519349301407/IRS990ScheduleI
Petco Love,2025,990-SchI,SEATTLE AREA FELINE RESCUE (WAS ANIMAL TALK RESCUE),91-2041961,SHORELINE,WA,7500,0,N/A,GENERAL SUPPORT,https://projects.propublica.org/nonprofits/full_text/202523519349301407/IRS990ScheduleI
Petco Love,2025,990-SchI,SPCA ALBRECHT CENTER FOR ANIMAL WELFARE,57-0329782,AIKEN,SC,7500,0,N/A,GENERAL SUPPORT,https://projects.propublica.org/nonprofits/full_text/202523519349301407/IRS990ScheduleI
Petco Love,2025,990-SchI,STRAY CAT BLUES INC,23-2943833,COLMAR,PA,7500,0,N/A,GENERAL SUPPORT,https://projects.propublica.org/nonprofits/full_text/202523519349301407/IRS990ScheduleI
Petco Love,2025,990-SchI,THE ANIMAL MISSION,57-0921521,COLUMBIA,SC,7500,0,N/A,GENERAL SUPPORT,https://projects.propublica.org/nonprofits/full_text/202523519349301407/IRS990ScheduleI
Petco Love,2025,990-SchI,THE LITTLE LION FOUNDATION,81-3553796,LONG BEACH,CA,7500,0,N/A,GENERAL SUPPORT,https://projects.propublica.org/nonprofits/full_text/202523519349301407/IRS990ScheduleI
Petco Love,2025,990-SchI,VETERANS ASSISTANCE DOGS OF TEXAS,82-1822758,KERRVILLE,TX,7500,0,N/A,GENERAL SUPPORT,https://projects.propublica.org/nonprofits/full_text/202523519349301407/IRS990ScheduleI
Petco Love,2025,990-SchI,VETS TO VETS UNITED INC,35-2434695,DURHAM,NC,7500,0,N/A,GENERAL SUPPORT,https://projects.propublica.org/nonprofits/full_text/202523519349301407/IRS990ScheduleI
Petco Love,2025,990-SchI,HABERSHAM COUNTY ANIMAL CARE & CONTROL,58-6001495,CLARKESVILLE,GA,7425,10946,"VACCINES, PRODUCTS",GENERAL SUPPORT,https://projects.propublica.org/nonprofits/full_text/202523519349301407/IRS990ScheduleI
Petco Love,2025,990-SchI,MY PIT BULL IS FAMILY,47-2264053,MINNEAPOLIS,MN,7300,4574,"VACCINES, PRODUCTS",GENERAL SUPPORT,https://projects.propublica.org/nonprofits/full_text/202523519349301407/IRS990ScheduleI
Petco Love,2025,990-SchI,VENTURA COUNTY HUMANE SOCIETY FOR PREV OF CRUELTY TO CHILD & ANIMAL,95-2272598,OJAI,CA,7200,9645,"VACCINES, PRODUCTS",GENERAL SUPPORT,https://projects.propublica.org/nonprofits/full_text/202523519349301407/IRS990ScheduleI
Petco Love,2025,990-SchI,SNIP SOCIETY,83-4371566,FRANKFORT,IL,7200,3326,"VACCINES, PRODUCTS",GENERAL SUPPORT,https://projects.propublica.org/nonprofits/full_text/202523519349301407/IRS990ScheduleI
Petco Love,2025,990-SchI,RUFF HAVEN,85-0838808,S SALT LAKE,UT,7150,5623,"VACCINES, PRODUCTS",GENERAL SUPPORT,https://projects.propublica.org/nonprofits/full_text/202523519349301407/IRS990ScheduleI
Petco Love,2025,990-SchI,HUMANE SOCIETY OF AC,22-6085995,ATLANTIC CITY,NJ,7125,7742,"VACCINES, PRODUCTS",GENERAL SUPPORT,https://projects.propublica.org/nonprofits/full_text/202523519349301407/IRS990ScheduleI
Petco Love,2025,990-SchI,SECOND CHANCE SHERIDAN CAT RESCUE,27-1336749,SHERIDAN,WY,7000,2277,"VACCINES, PRODUCTS",GENERAL SUPPORT,https://projects.propublica.org/nonprofits/full_text/202523519349301407/IRS990ScheduleI
Petco Love,2025,990-SchI,HUMANE SOCIETY OF CEDAR CREEK LAKE,75-1889148,SEVEN POINTS,TX,7000,0,N/A,GENERAL SUPPORT,https://projects.propublica.org/nonprofits/full_text/202523519349301407/IRS990ScheduleI
Petco Love,2025,990-SchI,HUMANE SOCIETY OF MARION COUNTY,59-6196017,OCALA,FL,7000,0,N/A,GENERAL SUPPORT,https://projects.propublica.org/nonprofits/full_text/202523519349301407/IRS990ScheduleI
Petco Love,2025,990-SchI,LIVING THE DREAM RESCUE,82-2485963,PHOENIX,AZ,7000,0,N/A,GENERAL SUPPORT,https://projects.propublica.org/nonprofits/full_text/202523519349301407/IRS990ScheduleI
Petco Love,2025,990-SchI,ST FRANCIS ANIMAL SHELTER,84-1393800,BUFFALO,WY,7000,0,N/A,GENERAL SUPPORT,https://projects.propublica.org/nonprofits/full_text/202523519349301407/IRS990ScheduleI
Petco Love,2025,990-SchI,WARREN COUNTY ANIMAL CONTROL,56-6000348,WARRENTON,NC,7000,0,N/A,GENERAL SUPPORT,https://projects.propublica.org/nonprofits/full_text/202523519349301407/IRS990ScheduleI
Petco Love,2025,990-SchI,WILD BLUE ANIMAL RESCUE AND SANCTUARY,27-1184549,COLORADO SPRINGS,CO,6920,2929,"VACCINES, PRODUCTS",GENERAL SUPPORT,https://projects.propublica.org/nonprofits/full_text/202523519349301407/IRS990ScheduleI
Petco Love,2025,990-SchI,TAILS (THE ALLIANCE IN LIMITING STRAYS),06-1616864,WESTPORT,CT,6900,98,"VACCINES, PRODUCTS",GENERAL SUPPORT,https://projects.propublica.org/nonprofits/full_text/202523519349301407/IRS990ScheduleI
Petco Love,2025,990-SchI,PET PREVENT A LITTER (PALS) OF CENTRAL TEXAS,74-2586062,SAN MARCOS,TX,6850,2850,"VACCINES, PRODUCTS",GENERAL SUPPORT,https://projects.propublica.org/nonprofits/full_text/202523519349301407/IRS990ScheduleI
Petco Love,2025,990-SchI,ANIMAL WELFARE ASSOCIATION,22-1752792,VOORHEES,NJ,6800,5340,"VACCINES, PRODUCTS",GENERAL SUPPORT,https://projects.propublica.org/nonprofits/full_text/202523519349301407/IRS990ScheduleI
Petco Love,2025,990-SchI,HEARTS ALIVE VILLAGE,46-3622732,LAS VEGAS,NV,6800,0,N/A,GENERAL SUPPORT,https://projects.propublica.org/nonprofits/full_text/202523519349301407/IRS990ScheduleI
Petco Love,2025,990-SchI,LIFELINE OF GALVESTON COUNTY,85-2907875,TEXAS CITY,TX,6800,0,N/A,GENERAL SUPPORT,https://projects.propublica.org/nonprofits/full_text/202523519349301407/IRS990ScheduleI
Petco Love,2025,990-SchI,PAL-PET ALIVE LAREDO,81-2894572,LAREDO,TX,6579,9720,"VACCINES, PRODUCTS",GENERAL SUPPORT,https://projects.propublica.org/nonprofits/full_text/202523519349301407/IRS990ScheduleI
Petco Love,2025,990-SchI,TULSA SPCA,73-0608144,TULSA,OK,6500,3397,"VACCINES, PRODUCTS",GENERAL SUPPORT,https://projects.propublica.org/nonprofits/full_text/202523519349301407/IRS990ScheduleI
Petco Love,2025,990-SchI,FELINE URBAN RESCUE AND REHAB,04-3753676,STEWARTSVILLE,NJ,6500,3024,"VACCINES, PRODUCTS",GENERAL SUPPORT,https://projects.propublica.org/nonprofits/full_text/202523519349301407/IRS990ScheduleI
Petco Love,2025,990-SchI,FREDERICKSBURG REGIONAL SPCA,54-0648185,SPOTSYLVANIA,VA,6500,1978,"VACCINES, PRODUCTS",GENERAL SUPPORT,https://projects.propublica.org/nonprofits/full_text/202523519349301407/IRS990ScheduleI
Petco Love,2025,990-SchI,HUMANE SOCIETY FOR BOONE COUNTY INC,26-1122066,LEBANON,IN,6500,1049,"VACCINES, PRODUCTS",GENERAL SUPPORT,https://projects.propublica.org/nonprofits/full_text/202523519349301407/IRS990ScheduleI
Petco Love,2025,990-SchI,WEST COLUMBIA GORGE HUMANE SOCIETY,91-1634652,WASHOUGAL,WA,6500,511,"VACCINES, PRODUCTS",GENERAL SUPPORT,https://projects.propublica.org/nonprofits/full_text/202523519349301407/IRS990ScheduleI
Petco Love,2025,990-SchI,CENLA CAT PROJECT,81-4991734,PINEVILLE,LA,6500,18,"VACCINES, PRODUCTS",GENERAL SUPPORT,https://projects.propublica.org/nonprofits/full_text/202523519349301407/IRS990ScheduleI
Petco Love,2025,990-SchI,AMORY HUMANE SOCIETY,64-0753915,AMORY,MS,6500,0,N/A,GENERAL SUPPORT,https://projects.propublica.org/nonprofits/full_text/202523519349301407/IRS990ScheduleI
Petco Love,2025,990-SchI,FELINE RESCUE IN THE FERRY,87-2034127,SNEADS FERRY,NC,6500,0,N/A,GENERAL SUPPORT,https://projects.propublica.org/nonprofits/full_text/202523519349301407/IRS990ScheduleI
Petco Love,2025,990-SchI,HAPPY LIFE ANIMAL RESCUE INC,81-1804421,PATTERSON,NY,6500,0,N/A,GENERAL SUPPORT,https://projects.propublica.org/nonprofits/full_text/202523519349301407/IRS990ScheduleI
Petco Love,2025,990-SchI,KREITZER'S CRITTER CORRAL PUPPY RESCUE,20-4740131,KANNAPOLIS,NC,6500,0,N/A,GENERAL SUPPORT,https://projects.propublica.org/nonprofits/full_text/202523519349301407/IRS990ScheduleI
Petco Love,2025,990-SchI,PAWS FOR LIFE UTAH,45-5358361,HEBER,UT,6500,0,N/A,GENERAL SUPPORT,https://projects.propublica.org/nonprofits/full_text/202523519349301407/IRS990ScheduleI
Petco Love,2025,990-SchI,STONE COUNTY SPCA,27-1359759,WIGGINS,MS,6500,0,N/A,GENERAL SUPPORT,https://projects.propublica.org/nonprofits/full_text/202523519349301407/IRS990ScheduleI
Petco Love,2025,990-SchI,THE PIXEL FUND (UNDER PIXELS POSSE INC),45-3787305,GORHAM,ME,6500,0,N/A,GENERAL SUPPORT,https://projects.propublica.org/nonprofits/full_text/202523519349301407/IRS990ScheduleI
Petco Love,2025,990-SchI,VIRGINIA BEACH SPCA,54-6061532,VIRGINIA BEACH,VA,6500,0,N/A,GENERAL SUPPORT,https://projects.propublica.org/nonprofits/full_text/202523519349301407/IRS990ScheduleI
Petco Love,2025,990-SchI,PET SAVERS,91-1741239,SPOKANE VALLEY,WA,6425,2573,"VACCINES, PRODUCTS",GENERAL SUPPORT,https://projects.propublica.org/nonprofits/full_text/202523519349301407/IRS990ScheduleI
Petco Love,2025,990-SchI,FERALLIFE GUARDS,84-2531423,LEANDER,TX,6400,1710,"VACCINES, PRODUCTS",GENERAL SUPPORT,https://projects.propublica.org/nonprofits/full_text/202523519349301407/IRS990ScheduleI
Petco Love,2025,990-SchI,RIDGECREST ANIMAL SHELTER,95-2280930,RIDGECREST,CA,6300,6161,"VACCINES, PRODUCTS",GENERAL SUPPORT,https://projects.propublica.org/nonprofits/full_text/202523519349301407/IRS990ScheduleI
Petco Love,2025,990-SchI,HELPING PAWS ACROSS BORDERS,46-4129178,PLACTIAS,NM,6300,5766,"VACCINES, PRODUCTS",GENERAL SUPPORT,https://projects.propublica.org/nonprofits/full_text/202523519349301407/IRS990ScheduleI
Petco Love,2025,990-SchI,DENVER ANIMAL SHELTER,84-6000580,DENVER,CO,6300,1117,"VACCINES, PRODUCTS",GENERAL SUPPORT,https://projects.propublica.org/nonprofits/full_text/202523519349301407/IRS990ScheduleI
Petco Love,2025,990-SchI,HELP FOR ANIMALS INC,31-1000816,BARBOURSVILLE,WV,6255,4970,"VACCINES, PRODUCTS",GENERAL SUPPORT,https://projects.propublica.org/nonprofits/full_text/202523519349301407/IRS990ScheduleI
Petco Love,2025,990-SchI,NO KILL COLUMBIA,35-2469818,COLUMBIA,MO,6150,5473,"VACCINES, PRODUCTS",GENERAL SUPPORT,https://projects.propublica.org/nonprofits/full_text/202523519349301407/IRS990ScheduleI
Petco Love,2025,990-SchI,SECOND CHANCE PETS,76-0463217,LEAGUE CITY,TX,6086,48,"VACCINES, PRODUCTS",GENERAL SUPPORT,https://projects.propublica.org/nonprofits/full_text/202523519349301407/IRS990ScheduleI
Petco Love,2025,990-SchI,CATNIP FOUNDATION,47-4528787,FOLSOM,LA,6075,5177,"VACCINES, PRODUCTS",GENERAL SUPPORT,https://projects.propublica.org/nonprofits/full_text/202523519349301407/IRS990ScheduleI
Petco Love,2025,990-SchI,ALASKA NATIVE RURAL VETERINARY INC,45-5167681,FAIRNBANKS,AK,6000,6764,"VACCINES, PRODUCTS",GENERAL SUPPORT,https://projects.propublica.org/nonprofits/full_text/202523519349301407/IRS990ScheduleI
Petco Love,2025,990-SchI,DENKAI ANIMAL SANCTUARY,73-1706969,HESPERUS,CO,6000,6753,"VACCINES, PRODUCTS",GENERAL SUPPORT,https://projects.propublica.org/nonprofits/full_text/202523519349301407/IRS990ScheduleI
Petco Love,2025,990-SchI,NUTMEG SPAYNEUTER CLINIC,38-3746984,STRATFORD,CT,6000,5812,"VACCINES, PRODUCTS",GENERAL SUPPORT,https://projects.propublica.org/nonprofits/full_text/202523519349301407/IRS990ScheduleI
Petco Love,2025,990-SchI,SOLANO COUNTY ANIMAL CARE,94-6000538,FARIFELD,CA,6000,5088,"VACCINES, PRODUCTS",GENERAL SUPPORT,https://projects.propublica.org/nonprofits/full_text/202523519349301407/IRS990ScheduleI
Petco Love,2025,990-SchI,CATRANGERS,20-3963127,BUFORD,GA,6000,87,"VACCINES, PRODUCTS",GENERAL SUPPORT,https://projects.propublica.org/nonprofits/full_text/202523519349301407/IRS990ScheduleI
Petco Love,2025,990-SchI,CATNAP FROM THE HEART INC,22-3860113,LA GRANGE PARK,IL,6000,31,"VACCINES, PRODUCTS",GENERAL SUPPORT,https://projects.propublica.org/nonprofits/full_text/202523519349301407/IRS990ScheduleI
Petco Love,2025,990-SchI,LICKING COUNTY HUMANE SOCIETY,31-6062704,HEATH,OH,6000,0,N/A,GENERAL SUPPORT,https://projects.propublica.org/nonprofits/full_text/202523519349301407/IRS990ScheduleI
Petco Love,2025,990-SchI,PAWS AND STRIPES,27-2908352,ALBUQUERQUE,NM,6000,0,N/A,GENERAL SUPPORT,https://projects.propublica.org/nonprofits/full_text/202523519349301407/IRS990ScheduleI
Petco Love,2025,990-SchI,SOUTH HOUSTON ANIMAL SHELTER,74-6002330,SOUTH HOUSTON,TX,6000,0,N/A,GENERAL SUPPORT,https://projects.propublica.org/nonprofits/full_text/202523519349301407/IRS990ScheduleI
Petco Love,2025,990-SchI,TCRAS - TELLER COUNTY REGIONAL ANIMAL SHELTER,84-1584194,DIVIDE,CO,6000,0,N/A,GENERAL SUPPORT,https://projects.propublica.org/nonprofits/full_text/202523519349301407/IRS990ScheduleI
Petco Love,2025,990-SchI,TINY PAWS KITTEN RESCUE,20-2636365,STILLWATER,OK,6000,0,N/A,GENERAL SUPPORT,https://projects.propublica.org/nonprofits/full_text/202523519349301407/IRS990ScheduleI
Petco Love,2025,990-SchI,ULSTER COUNTY SPCA,14-1422082,KINGSTON,NY,6000,0,N/A,GENERAL SUPPORT,https://projects.propublica.org/nonprofits/full_text/202523519349301407/IRS990ScheduleI
Petco Love,2025,990-SchI,WHITMAN COUNTY HUMANE SOCIETY,91-2054548,PULLMAN,WA,6000,0,N/A,GENERAL SUPPORT,https://projects.propublica.org/nonprofits/full_text/202523519349301407/IRS990ScheduleI
Petco Love,2025,990-SchI,ANIMAL FRIENDS RESCUE PROJECT (AFRP),77-0491141,PACIFIC GROVE,CA,5925,5860,"VACCINES, PRODUCTS",GENERAL SUPPORT,https://projects.propublica.org/nonprofits/full_text/202523519349301407/IRS990ScheduleI
Petco Love,2025,990-SchI,HUMANE SOCIETY OF BLUE RIDGE,26-1144891,BLUE RIDGE,GA,5906,3349,"VACCINES, PRODUCTS",GENERAL SUPPORT,https://projects.propublica.org/nonprofits/full_text/202523519349301407/IRS990ScheduleI
Petco Love,2025,990-SchI,PROJECT STREET VET,85-1158446,ALBUQUERQUE,NM,5900,1113,"VACCINES, PRODUCTS",GENERAL SUPPORT,https://projects.propublica.org/nonprofits/full_text/202523519349301407/IRS990ScheduleI
Petco Love,2025,990-SchI,TUBA CITY HUMANE SOCIETY,86-0715785,TUBA CITY,AZ,5700,2161,"VACCINES, PRODUCTS",GENERAL SUPPORT,https://projects.propublica.org/nonprofits/full_text/202523519349301407/IRS990ScheduleI
Petco Love,2025,990-SchI,VALLEY OAK SPCA,94-2770238,VISALIA,CA,5685,9263,"VACCINES, PRODUCTS",GENERAL SUPPORT,https://projects.propublica.org/nonprofits/full_text/202523519349301407/IRS990ScheduleI
Petco Love,2025,990-SchI,SPCA OF TEXAS,75-1216660,DALLAS,TX,5652,6716,"VACCINES, PRODUCTS",GENERAL SUPPORT,https://projects.propublica.org/nonprofits/full_text/202523519349301407/IRS990ScheduleI
Petco Love,2025,990-SchI,WASHINGTON HEALTH OUTREACH,92-2713934,SEATTLE,WA,5527,3765,"VACCINES, PRODUCTS",GENERAL SUPPORT,https://projects.propublica.org/nonprofits/full_text/202523519349301407/IRS990ScheduleI
Petco Love,2025,990-SchI,HAPPY HOMES ANIMAL RESCUE INC,45-4087542,OLD BRIDGE,NJ,5500,687,"VACCINES, PRODUCTS",GENERAL SUPPORT,https://projects.propublica.org/nonprofits/full_text/202523519349301407/IRS990ScheduleI
Petco Love,2025,990-SchI,DALLAS CAT RESCUE DBA CAT MATCHERS,35-2302714,PLANO,TX,5500,355,"VACCINES, PRODUCTS",GENERAL SUPPORT,https://projects.propublica.org/nonprofits/full_text/202523519349301407/IRS990ScheduleI
Petco Love,2025,990-SchI,CAT TAILS INC,30-0137346,CROFTON,MD,5500,190,"VACCINES, PRODUCTS",GENERAL SUPPORT,https://projects.propublica.org/nonprofits/full_text/202523519349301407/IRS990ScheduleI
Petco Love,2025,990-SchI,HIGH PLATEAU HUMANE SOCIETY,68-0083409,ALTURAS,CA,5500,118,"VACCINES, PRODUCTS",GENERAL SUPPORT,https://projects.propublica.org/nonprofits/full_text/202523519349301407/IRS990ScheduleI
Petco Love,2025,990-SchI,CAPED CRUSADERS CAT RESCUE,87-1835590,UNION,MO,5500,110,"VACCINES, PRODUCTS",GENERAL SUPPORT,https://projects.propublica.org/nonprofits/full_text/202523519349301407/IRS990ScheduleI
Petco Love,2025,990-SchI,HUMANE SOCIETY OF GREENE COUNTY,25-1553103,WAYNESBURG,PA,5500,87,"VACCINES, PRODUCTS",GENERAL SUPPORT,https://projects.propublica.org/nonprofits/full_text/202523519349301407/IRS990ScheduleI
Petco Love,2025,990-SchI,RICHARDSONS RESCUE,47-5320818,QUINTON,VA,5500,37,"VACCINES, PRODUCTS",GENERAL SUPPORT,https://projects.propublica.org/nonprofits/full_text/202523519349301407/IRS990ScheduleI
Petco Love,2025,990-SchI,ALMOST HOME FOUNDATION,04-3805366,ELK GROVE VILLAGE,IL,5500,0,N/A,GENERAL SUPPORT,https://projects.propublica.org/nonprofits/full_text/202523519349301407/IRS990ScheduleI
Petco Love,2025,990-SchI,SOUTH GEORGIA EQUINE RESCUE INC,83-4670451,WAYNESVILLE,GA,5425,2028,"VACCINES, PRODUCTS",GENERAL SUPPORT,https://projects.propublica.org/nonprofits/full_text/202523519349301407/IRS990ScheduleI
Petco Love,2025,990-SchI,ANIMAL PROTECTION LEAGUE,68-0193683,STOCKTON,CA,5400,8784,"VACCINES, PRODUCTS",GENERAL SUPPORT,https://projects.propublica.org/nonprofits/full_text/202523519349301407/IRS990ScheduleI
Petco Love,2025,990-SchI,FRANKLIN COUNTY HUMANE SOCIETY,61-0498423,FRANKFORT,KY,5400,2838,"VACCINES, PRODUCTS",GENERAL SUPPORT,https://projects.propublica.org/nonprofits/full_text/202523519349301407/IRS990ScheduleI
Petco Love,2025,990-SchI,KANSAS HUMANE SOCIETY,48-0554339,WICHITA,KS,5400,2219,"VACCINES, PRODUCTS",GENERAL SUPPORT,https://projects.propublica.org/nonprofits/full_text/202523519349301407/IRS990ScheduleI
Petco Love,2025,990-SchI,ROCHESTER ANIMAL SERVICES,16-6002551,ROCHESTER,NY,5400,2089,"VACCINES, PRODUCTS",GENERAL SUPPORT,https://projects.propublica.org/nonprofits/full_text/202523519349301407/IRS990ScheduleI
Petco Love,2025,990-SchI,BEAUMONT PETS ALIVE,82-4798808,WINNIE,TX,5400,0,N/A,GENERAL SUPPORT,https://projects.propublica.org/nonprofits/full_text/202523519349301407/IRS990ScheduleI
Petco Love,2025,990-SchI,BECAUSE YOU CARE INC,25-1431378,MC KEAN,PA,5300,1878,"VACCINES, PRODUCTS",GENERAL SUPPORT,https://projects.propublica.org/nonprofits/full_text/202523519349301407/IRS990ScheduleI
Petco Love,2025,990-SchI,STANLY COUNTY ANIMAL PROTECTIVE SERVICES,56-6001537,ALBEMARLE,NC,5300,0,N/A,GENERAL SUPPORT,https://projects.propublica.org/nonprofits/full_text/202523519349301407/IRS990ScheduleI
Petco Love,2025,990-SchI,SPAY CAMPBELL COUNTY TENNESSEE PETS,81-1545343,LA FOLLETTE,TN,5250,4540,"VACCINES, PRODUCTS",GENERAL SUPPORT,https://projects.propublica.org/nonprofits/full_text/202523519349301407/IRS990ScheduleI
Petco Love,2025,990-SchI,CUDDLES CAT CAFE,85-1081746,EAGLE MOUNTAIN,UT,5239,3484,"VACCINES, PRODUCTS",GENERAL SUPPORT,https://projects.propublica.org/nonprofits/full_text/202523519349301407/IRS990ScheduleI
Petco Love,2025,990-SchI,ANIMAL ADOPTION CENTER INC,20-0629074,JACKSON,WY,5226,3905,"VACCINES, PRODUCTS",GENERAL SUPPORT,https://projects.propublica.org/nonprofits/full_text/202523519349301407/IRS990ScheduleI
Petco Love,2025,990-SchI,ANIMAL PROTECTION ASSOCIATION DBA SPAY MEMPHIS,62-1067900,MEMPHIS,TN,5025,3671,"VACCINES, PRODUCTS",GENERAL SUPPORT,https://projects.propublica.org/nonprofits/full_text/202523519349301407/IRS990ScheduleI
Petco Love,2025,990-SchI,HUMANE SOCIETY OF CHITTENDEN COUNTY,03-0193150,SOUTH BURLINGTON,VT,5000,3130,"VACCINES, PRODUCTS",GENERAL SUPPORT,https://projects.propublica.org/nonprofits/full_text/202523519349301407/IRS990ScheduleI
Petco Love,2025,990-SchI,THE FIX 'EM CLINIC,46-3553568,CHARLESTON,WV,5000,2947,"VACCINES, PRODUCTS",GENERAL SUPPORT,https://projects.propublica.org/nonprofits/full_text/202523519349301407/IRS990ScheduleI
Petco Love,2025,990-SchI,PALM VALLEY ANIMAL SOCIETY,74-1819910,EDINBURG,TX,5000,2120,"VACCINES, PRODUCTS",GENERAL SUPPORT,https://projects.propublica.org/nonprofits/full_text/202523519349301407/IRS990ScheduleI
Petco Love,2025,990-SchI,THE INNER PUP OF NEW ORLEANS,47-1728816,NEW ORLEANS,LA,5000,1682,"VACCINES, PRODUCTS",GENERAL SUPPORT,https://projects.propublica.org/nonprofits/full_text/202523519349301407/IRS990ScheduleI
Petco Love,2025,990-SchI,TWIN COUNTY HUMANE SOCIETY,54-2031424,HILLSVILLE,VA,5000,1348,"VACCINES, PRODUCTS",GENERAL SUPPORT,https://projects.propublica.org/nonprofits/full_text/202523519349301407/IRS990ScheduleI
Petco Love,2025,990-SchI,OCSP CAT RESCUE,26-4798597,FOUNTAIN VALLEY,CA,5000,1133,"VACCINES, PRODUCTS",GENERAL SUPPORT,https://projects.propublica.org/nonprofits/full_text/202523519349301407/IRS990ScheduleI
Petco Love,2025,990-SchI,SECOND CHANCE DOG RESCUE (TX),46-2895652,SNYDER,TX,5000,967,"VACCINES, PRODUCTS",GENERAL SUPPORT,https://projects.propublica.org/nonprofits/full_text/202523519349301407/IRS990ScheduleI
Petco Love,2025,990-SchI,ANIMAL RESCUE CRUSADERS OF TEXAS,82-4855733,PARKER,TX,5000,812,"VACCINES, PRODUCTS",GENERAL SUPPORT,https://projects.propublica.org/nonprofits/full_text/202523519349301407/IRS990ScheduleI
Petco Love,2025,990-SchI,HAPPY JACK CATS INC,47-5455805,MERIDIAN,ID,5000,700,"VACCINES, PRODUCTS",GENERAL SUPPORT,https://projects.propublica.org/nonprofits/full_text/202523519349301407/IRS990ScheduleI
Petco Love,2025,990-SchI,AMAZING MUTTS AND WIGGLE BUTTS CO,87-1401213,ACWORTH,GA,5000,538,"VACCINES, PRODUCTS",GENERAL SUPPORT,https://projects.propublica.org/nonprofits/full_text/202523519349301407/IRS990ScheduleI
Petco Love,2025,990-SchI,DOGGY SMILES RESCUE,46-3259773,LANCASTER,CA,5000,345,"VACCINES, PRODUCTS",GENERAL SUPPORT,https://projects.propublica.org/nonprofits/full_text/202523519349301407/IRS990ScheduleI
Petco Love,2025,990-SchI,FELINE RESCUE NETWORK DBA LOOKWHATTHECATBROUGHTINORG,26-2397025,COLORADO SPRINGS,CO,5000,319,"VACCINES, PRODUCTS",GENERAL SUPPORT,https://projects.propublica.org/nonprofits/full_text/202523519349301407/IRS990ScheduleI
Petco Love,2025,990-SchI,STANISLAUS ANIMAL SERVICES AGENCY,94-6000540,MODESTO,CA,5000,216,"VACCINES, PRODUCTS",GENERAL SUPPORT,https://projects.propublica.org/nonprofits/full_text/202523519349301407/IRS990ScheduleI
Petco Love,2025,990-SchI,FOREVER FORTUNATE FELINES,83-3219531,PALATINE,IL,5000,209,"VACCINES, PRODUCTS",GENERAL SUPPORT,https://projects.propublica.org/nonprofits/full_text/202523519349301407/IRS990ScheduleI
Petco Love,2025,990-SchI,NEW BEGINNINGS SPCA,93-1058945,ROSEBURG,OR,5000,203,"VACCINES, PRODUCTS",GENERAL SUPPORT,https://projects.propublica.org/nonprofits/full_text/202523519349301407/IRS990ScheduleI
Petco Love,2025,990-SchI,GRAFELMAN FARMS RESCUE,81-2329677,PEORIA,IL,5000,176,"VACCINES, PRODUCTS",GENERAL SUPPORT,https://projects.propublica.org/nonprofits/full_text/202523519349301407/IRS990ScheduleI
Petco Love,2025,990-SchI,ALLEY CATS AND DESERT DOGS,83-0582925,BROOKSVILLE,FL,5000,131,"VACCINES, PRODUCTS",GENERAL SUPPORT,https://projects.propublica.org/nonprofits/full_text/202523519349301407/IRS990ScheduleI
Petco Love,2025,990-SchI,ANIMAL ALLIES HUMANE SOCIETY,41-0917362,DULUTH,MN,5000,129,"VACCINES, PRODUCTS",GENERAL SUPPORT,https://projects.propublica.org/nonprofits/full_text/202523519349301407/IRS990ScheduleI
Petco Love,2025,990-SchI,LAST CHANCE PET RESCUE INC,45-1103774,WHITE BLUFF,TN,5000,127,"VACCINES, PRODUCTS",GENERAL SUPPORT,https://projects.propublica.org/nonprofits/full_text/202523519349301407/IRS990ScheduleI
Petco Love,2025,990-SchI,HARRIS COUNTY VETERINARY PUBLIC HEALTH DBA HARRIS COUNTY PETS,76-0454514,HOUSTON,TX,5000,118,"VACCINES, PRODUCTS",GENERAL SUPPORT,https://projects.propublica.org/nonprofits/full_text/202523519349301407/IRS990ScheduleI
Petco Love,2025,990-SchI,FELINE FRIENDZ IN NE,20-0085334,OMAHA,NE,5000,67,"VACCINES, PRODUCTS",GENERAL SUPPORT,https://projects.propublica.org/nonprofits/full_text/202523519349301407/IRS990ScheduleI
Petco Love,2025,990-SchI,KITTEN SCOOP,86-2199262,GREENSBURG,PA,5000,61,"VACCINES, PRODUCTS",GENERAL SUPPORT,https://projects.propublica.org/nonprofits/full_text/202523519349301407/IRS990ScheduleI
Petco Love,2025,990-SchI,FELINE LIFELINE SC,26-0529752,EASLEY,SC,5000,57,"VACCINES, PRODUCTS",GENERAL SUPPORT,https://projects.propublica.org/nonprofits/full_text/202523519349301407/IRS990ScheduleI
Petco Love,2025,990-SchI,AIDING 2 ADOPTION RESCUE,86-1780474,POCATELLO,ID,5000,51,"VACCINES, PRODUCTS",GENERAL SUPPORT,https://projects.propublica.org/nonprofits/full_text/202523519349301407/IRS990ScheduleI
Petco Love,2025,990-SchI,HUMANE SOCIETY OF GRAND FORKS DBA CIRCLE OF FRIENDS ANIMAL SHELTER,23-7367340,GRAND FORKS,ND,5000,30,"VACCINES, PRODUCTS",GENERAL SUPPORT,https://projects.propublica.org/nonprofits/full_text/202523519349301407/IRS990ScheduleI
Petco Love,2025,990-SchI,GREECE RESIDENTS ASSISTING STRAY PETS (GRASP),16-1497039,ROCHESTER,NY,5000,14,"VACCINES, PRODUCTS",GENERAL SUPPORT,https://projects.propublica.org/nonprofits/full_text/202523519349301407/IRS990ScheduleI
Petco Love,2025,990-SchI,CITY OF DENHAM SPRINGS-DENHAM SPRINGS ANIMAL SHELTER,72-6000333,DENHAM SPRINGS,LA,5000,4,"VACCINES, PRODUCTS",GENERAL SUPPORT,https://projects.propublica.org/nonprofits/full_text/202523519349301407/IRS990ScheduleI
Petco Love,2025,990-SchI,WONDERFUL ANIMALS GET SPAYED,14-1933768,MARBLE FALLS,TX,4950,3672,"VACCINES, PRODUCTS",GENERAL SUPPORT,https://projects.propublica.org/nonprofits/full_text/202523519349301407/IRS990ScheduleI
Petco Love,2025,990-SchI,CITY OF WEATHERFORD,75-6000707,WEATHERFORD,TX,4925,6900,"VACCINES, PRODUCTS",GENERAL SUPPORT,https://projects.propublica.org/nonprofits/full_text/202523519349301407/IRS990ScheduleI
Petco Love,2025,990-SchI,KAUAI HUMANE SOCIETY,99-0089250,LIHUE,HI,4900,1710,"VACCINES, PRODUCTS",GENERAL SUPPORT,https://projects.propublica.org/nonprofits/full_text/202523519349301407/IRS990ScheduleI
Petco Love,2025,990-SchI,TAILS OF HOPE,81-1070254,HERMITAGE,PA,4884,4513,"VACCINES, PRODUCTS",GENERAL SUPPORT,https://projects.propublica.org/nonprofits/full_text/202523519349301407/IRS990ScheduleI
Petco Love,2025,990-SchI,HOMERS HELPERS,85-0731863,ALEXANDRIA,IN,4800,4689,"VACCINES, PRODUCTS",GENERAL SUPPORT,https://projects.propublica.org/nonprofits/full_text/202523519349301407/IRS990ScheduleI
Petco Love,2025,990-SchI,OPERATION CATSNIP OF KY INC,26-4202367,SHELBYVILLE,KY,4800,4198,"VACCINES, PRODUCTS",GENERAL SUPPORT,https://projects.propublica.org/nonprofits/full_text/202523519349301407/IRS990ScheduleI
Petco Love,2025,990-SchI,CRITTERS AND CREATURES CO,86-2943817,SALVISA,KY,4800,4159,"VACCINES, PRODUCTS",GENERAL SUPPORT,https://projects.propublica.org/nonprofits/full_text/202523519349301407/IRS990ScheduleI
Petco Love,2025,990-SchI,PORTLAND ANIMAL WELFARE TEAM,73-1684628,PORTLAND,OR,4800,2418,"VACCINES, PRODUCTS",GENERAL SUPPORT,https://projects.propublica.org/nonprofits/full_text/202523519349301407/IRS990ScheduleI
Petco Love,2025,990-SchI,FAITHFUL FRIENDS INC (AKA FAITHFUL FRIENDS ANIMAL SOCIETY),51-0410508,WILMINGTON,DE,4800,1566,"VACCINES, PRODUCTS",GENERAL SUPPORT,https://projects.propublica.org/nonprofits/full_text/202523519349301407/IRS990ScheduleI
Petco Love,2025,990-SchI,ALL FUR ONE PET RESCUE & ADOPTIONS,83-1926624,TOMS RIVER,NJ,4767,1001,"VACCINES, PRODUCTS",GENERAL SUPPORT,https://projects.propublica.org/nonprofits/full_text/202523519349301407/IRS990ScheduleI
Petco Love,2025,990-SchI,ANIMAL WELFARE LEAGUE OF ALEXANDRIA VIRGINIA INCORPORATED,54-0796610,ALEXANDRIA,VA,4750,4645,"VACCINES, PRODUCTS",GENERAL SUPPORT,https://projects.propublica.org/nonprofits/full_text/202523519349301407/IRS990ScheduleI
Petco Love,2025,990-SchI,NORTHERN COLORADO FRIENDS OF FERALS,27-3391247,FORT COLLINS,CO,4700,4092,"VACCINES, PRODUCTS",GENERAL SUPPORT,https://projects.propublica.org/nonprofits/full_text/202523519349301407/IRS990ScheduleI
Petco Love,2025,990-SchI,FLAGLER CATS INC,54-2131972,BUNNELL,FL,4700,1830,"VACCINES, PRODUCTS",GENERAL SUPPORT,https://projects.propublica.org/nonprofits/full_text/202523519349301407/IRS990ScheduleI
Petco Love,2025,990-SchI,SPAY NEUTER INCENTIVE PROGRAM OF WEST VIRGINIA,84-4347951,MORGANTOWN,WV,4500,8973,"VACCINES, PRODUCTS",GENERAL SUPPORT,https://projects.propublica.org/nonprofits/full_text/202523519349301407/IRS990ScheduleI
Petco Love,2025,990-SchI,LEFTOVER PETS INC,20-3077286,WINDER,GA,4500,5722,"VACCINES, PRODUCTS",GENERAL SUPPORT,https://projects.propublica.org/nonprofits/full_text/202523519349301407/IRS990ScheduleI
Petco Love,2025,990-SchI,HUMANE SOCIETY OF MEMPHIS & SHELBY COUNTY,23-7236238,MEMPHIS,TN,4500,3121,"VACCINES, PRODUCTS",GENERAL SUPPORT,https://projects.propublica.org/nonprofits/full_text/202523519349301407/IRS990ScheduleI
Petco Love,2025,990-SchI,NORTHEAST MISSOURI HUMANE SOCIETY,43-6063703,HANNIBAL,MO,4425,6278,"VACCINES, PRODUCTS",GENERAL SUPPORT,https://projects.propublica.org/nonprofits/full_text/202523519349301407/IRS990ScheduleI
Petco Love,2025,990-SchI,PETOPIA INC,86-2792692,CHAPEL HILL,NC,4356,10704,"VACCINES, PRODUCTS",GENERAL SUPPORT,https://projects.propublica.org/nonprofits/full_text/202523519349301407/IRS990ScheduleI
Petco Love,2025,990-SchI,GOOD MEWS ANIMAL FOUNDATION,58-1790828,MARIETTA,GA,4350,3534,"VACCINES, PRODUCTS",GENERAL SUPPORT,https://projects.propublica.org/nonprofits/full_text/202523519349301407/IRS990ScheduleI
Petco Love,2025,990-SchI,OPERATION SPOT,43-1722078,ST LOUIS,MO,4300,2796,"VACCINES, PRODUCTS",GENERAL SUPPORT,https://projects.propublica.org/nonprofits/full_text/202523519349301407/IRS990ScheduleI
Petco Love,2025,990-SchI,OKANOGAN REGIONAL HUMANE,01-0555614,OMAK,WA,4300,2036,"VACCINES, PRODUCTS",GENERAL SUPPORT,https://projects.propublica.org/nonprofits/full_text/202523519349301407/IRS990ScheduleI
Petco Love,2025,990-SchI,BETTER TOGETHER ANIMAL ALLIANCE,94-3071245,SANDPOINT,ID,4300,1991,"VACCINES, PRODUCTS",GENERAL SUPPORT,https://projects.propublica.org/nonprofits/full_text/202523519349301407/IRS990ScheduleI
Petco Love,2025,990-SchI,IOWA HUMANE ALLIANCE,26-1992986,CEDAR RAPIDS,IA,4275,1707,"VACCINES, PRODUCTS",GENERAL SUPPORT,https://projects.propublica.org/nonprofits/full_text/202523519349301407/IRS990ScheduleI
Petco Love,2025,990-SchI,HUMBOLDT SPAYNEUTER NETWORK,20-0729293,EUREKA,CA,4225,1917,"VACCINES, PRODUCTS",GENERAL SUPPORT,https://projects.propublica.org/nonprofits/full_text/202523519349301407/IRS990ScheduleI
Petco Love,2025,990-SchI,BIG LAKE HUMANE SOCIETY,23-7198752,MUSKEGON,MI,4220,5190,"VACCINES, PRODUCTS",GENERAL SUPPORT,https://projects.propublica.org/nonprofits/full_text/202523519349301407/IRS990ScheduleI
Petco Love,2025,990-SchI,ANIMAL PROTECTIVE FOUNDATION,14-0472728,GLENVILLE,NY,4200,6615,"VACCINES, PRODUCTS",GENERAL SUPPORT,https://projects.propublica.org/nonprofits/full_text/202523519349301407/IRS990ScheduleI
Petco Love,2025,990-SchI,THE ANIMAL FOUNDATION,88-0144253,LAS VEGAS,NV,4140,3605,"VACCINES, PRODUCTS",GENERAL SUPPORT,https://projects.propublica.org/nonprofits/full_text/202523519349301407/IRS990ScheduleI
Petco Love,2025,990-SchI,RAWLEY PROJECT,86-2306556,BEND,OR,4050,5013,"VACCINES, PRODUCTS",GENERAL SUPPORT,https://projects.propublica.org/nonprofits/full_text/202523519349301407/IRS990ScheduleI
Petco Love,2025,990-SchI,K9 BATTLE BUDDIES INC,47-4428195,HINESVILLE,GA,4050,3305,"VACCINES, PRODUCTS",GENERAL SUPPORT,https://projects.propublica.org/nonprofits/full_text/202523519349301407/IRS990ScheduleI
Petco Love,2025,990-SchI,CAUSE 4PAWS GARY INC,47-3443113,GARY,IN,4000,4751,"VACCINES, PRODUCTS",GENERAL SUPPORT,https://projects.propublica.org/nonprofits/full_text/202523519349301407/IRS990ScheduleI
Petco Love,2025,990-SchI,BUSTERS PAW PRINTS,86-2134265,RED BLUFF,CA,4000,1627,"VACCINES, PRODUCTS",GENERAL SUPPORT,https://projects.propublica.org/nonprofits/full_text/202523519349301407/IRS990ScheduleI
Petco Love,2025,990-SchI,COMPANION PET RESCUE & TRANSPORT,20-3595457,JACKSON,TN,4000,1279,"VACCINES, PRODUCTS",GENERAL SUPPORT,https://projects.propublica.org/nonprofits/full_text/202523519349301407/IRS990ScheduleI
Petco Love,2025,990-SchI,SPCA OF WAKE COUNTY,56-0891732,RALEIGH,NC,3984,3922,"VACCINES, PRODUCTS",GENERAL SUPPORT,https://projects.propublica.org/nonprofits/full_text/202523519349301407/IRS990ScheduleI
Petco Love,2025,990-SchI,BRECKINRIDGE COUNTY ANIMAL SHELTER,61-6000794,HARDINSBURG,KY,3975,3845,"VACCINES, PRODUCTS",GENERAL SUPPORT,https://projects.propublica.org/nonprofits/full_text/202523519349301407/IRS990ScheduleI
Petco Love,2025,990-SchI,TRI-COUNTY HUMANE SOCIETY,65-0719233,BOCA RATON,FL,3900,9748,"VACCINES, PRODUCTS",GENERAL SUPPORT,https://projects.propublica.org/nonprofits/full_text/202523519349301407/IRS990ScheduleI
Petco Love,2025,990-SchI,THE HUMANE SOCIETY OF ELKHART COUNTY INCORPORATED,35-0996134,BRISTOL,IN,3900,3272,"VACCINES, PRODUCTS",GENERAL SUPPORT,https://projects.propublica.org/nonprofits/full_text/202523519349301407/IRS990ScheduleI
Petco Love,2025,990-SchI,COMPANION ANIMAL ALLIANCE,27-1204719,BATON ROUGE,LA,3825,1490,"VACCINES, PRODUCTS",GENERAL SUPPORT,https://projects.propublica.org/nonprofits/full_text/202523519349301407/IRS990ScheduleI
Petco Love,2025,990-SchI,PET CONNECT RESCUE INC,32-0280836,BELTON,TX,3774,2290,"VACCINES, PRODUCTS",GENERAL SUPPORT,https://projects.propublica.org/nonprofits/full_text/202523519349301407/IRS990ScheduleI
Petco Love,2025,990-SchI,ALL PAWS ON DECK PET RESCUE & TNR,85-0532935,DE LEON SPRINGS,FL,3750,3178,"VACCINES, PRODUCTS",GENERAL SUPPORT,https://projects.propublica.org/nonprofits/full_text/202523519349301407/IRS990ScheduleI
Petco Love,2025,990-SchI,FURKIDS,01-0766844,CUMMING,GA,3702,4178,"VACCINES, PRODUCTS",GENERAL SUPPORT,https://projects.propublica.org/nonprofits/full_text/202523519349301407/IRS990ScheduleI
Petco Love,2025,990-SchI,GREEN ACRES ANIMAL RESCUE,84-4742114,SAINT AUGUSTA,MN,3650,3265,"VACCINES, PRODUCTS",GENERAL SUPPORT,https://projects.propublica.org/nonprofits/full_text/202523519349301407/IRS990ScheduleI
Petco Love,2025,990-SchI,SEATTLE HUMANE SOCIETY,91-0282060,BELLEVUE,WA,3600,7935,"VACCINES, PRODUCTS",GENERAL SUPPORT,https://projects.propublica.org/nonprofits/full_text/202523519349301407/IRS990ScheduleI
Petco Love,2025,990-SchI,FOSTERS & PAWS,46-0552423,SACRAMENTO,CA,3570,3307,"VACCINES, PRODUCTS",GENERAL SUPPORT,https://projects.propublica.org/nonprofits/full_text/202523519349301407/IRS990ScheduleI
Petco Love,2025,990-SchI,THE STREET DOG COALITION,81-0793989,FORT COLLINS,CO,3400,5266,"VACCINES, PRODUCTS",GENERAL SUPPORT,https://projects.propublica.org/nonprofits/full_text/202523519349301407/IRS990ScheduleI
Petco Love,2025,990-SchI,ERIE COUNTY SPCA,16-0425315,WEST SENECA,NY,3326,5543,"VACCINES, PRODUCTS",GENERAL SUPPORT,https://projects.propublica.org/nonprofits/full_text/202523519349301407/IRS990ScheduleI
Petco Love,2025,990-SchI,MONROE COUNTY HUMANE ASSOCIATION,35-6064277,BLOOMINGTON,IN,3300,4354,"VACCINES, PRODUCTS",GENERAL SUPPORT,https://projects.propublica.org/nonprofits/full_text/202523519349301407/IRS990ScheduleI
Petco Love,2025,990-SchI,DORCHESTER PAWS,57-0620182,SUMMERVILLE,SC,3300,3698,"VACCINES, PRODUCTS",GENERAL SUPPORT,https://projects.propublica.org/nonprofits/full_text/202523519349301407/IRS990ScheduleI
Petco Love,2025,990-SchI,COMPANION ANIMAL MEDICAL PROJECT,85-2876037,BEND,OR,3160,4293,"VACCINES, PRODUCTS",GENERAL SUPPORT,https://projects.propublica.org/nonprofits/full_text/202523519349301407/IRS990ScheduleI
Petco Love,2025,990-SchI,WILLIAMSON COUNTY REGIONAL ANIMAL SHELTER,74-6000978,GEORGETOWN,TX,3156,3715,"VACCINES, PRODUCTS",GENERAL SUPPORT,https://projects.propublica.org/nonprofits/full_text/202523519349301407/IRS990ScheduleI
Petco Love,2025,990-SchI,FRIENDS OF BUTLER COUNTY ANIMALS INC,83-2168361,MORGANTOWN,KY,3000,11390,"VACCINES, PRODUCTS",GENERAL SUPPORT,https://projects.propublica.org/nonprofits/full_text/202523519349301407/IRS990ScheduleI
Petco Love,2025,990-SchI,WILSON COUNTY AREA ALLIANCE FOR ANIMAL WELL-BEING,92-2852934,FLORESVILLE,TX,3000,9384,"VACCINES, PRODUCTS",GENERAL SUPPORT,https://projects.propublica.org/nonprofits/full_text/202523519349301407/IRS990ScheduleI
Petco Love,2025,990-SchI,FIXING THE BORO,82-0903634,STATESBORO,GA,3000,6302,"VACCINES, PRODUCTS",GENERAL SUPPORT,https://projects.propublica.org/nonprofits/full_text/202523519349301407/IRS990ScheduleI
Petco Love,2025,990-SchI,MOHAWK HUDSON HUMANE SOCIETY,14-1338459,MENANDS,NY,3000,5501,"VACCINES, PRODUCTS",GENERAL SUPPORT,https://projects.propublica.org/nonprofits/full_text/202523519349301407/IRS990ScheduleI
Petco Love,2025,990-SchI,PROTECTORS OF ANIMAL LIFE SOCIETY,01-0369020,WINTHROP,ME,3000,3338,"VACCINES, PRODUCTS",GENERAL SUPPORT,https://projects.propublica.org/nonprofits/full_text/202523519349301407/IRS990ScheduleI
Petco Love,2025,990-SchI,JAMESON HUMANE,47-1230166,NAPA,CA,3000,3312,"VACCINES, PRODUCTS",GENERAL SUPPORT,https://projects.propublica.org/nonprofits/full_text/202523519349301407/IRS990ScheduleI
Petco Love,2025,990-SchI,TRI-STATE SPAY AND NEUTER CORPORATION,81-2169401,ASHLAND,KY,3000,3172,"VACCINES, PRODUCTS",GENERAL SUPPORT,https://projects.propublica.org/nonprofits/full_text/202523519349301407/IRS990ScheduleI
Petco Love,2025,990-SchI,SPAY MONTANA,80-0165195,HELENA,MT,3000,3130,"VACCINES, PRODUCTS",GENERAL SUPPORT,https://projects.propublica.org/nonprofits/full_text/202523519349301407/IRS990ScheduleI
Petco Love,2025,990-SchI,BLUE COLLAR MUTTS RESCUE INC,85-0893907,POLLOK,TX,3000,2418,"VACCINES, PRODUCTS",GENERAL SUPPORT,https://projects.propublica.org/nonprofits/full_text/202523519349301407/IRS990ScheduleI
Petco Love,2025,990-SchI,THE CITY OF RANCHO CORDOVA ANIMAL SERVICES,80-0058934,RANCHO CORDOVA,CA,3000,2397,"VACCINES, PRODUCTS",GENERAL SUPPORT,https://projects.propublica.org/nonprofits/full_text/202523519349301407/IRS990ScheduleI
Petco Love,2025,990-SchI,OAHU SPCA,61-1569948,WAHIAWA,HI,3000,2339,"VACCINES, PRODUCTS",GENERAL SUPPORT,https://projects.propublica.org/nonprofits/full_text/202523519349301407/IRS990ScheduleI
Petco Love,2025,990-SchI,KILLEEN ANIMAL SERVICES,74-6001504,KILLEEN,TX,2900,4159,"VACCINES, PRODUCTS",GENERAL SUPPORT,https://projects.propublica.org/nonprofits/full_text/202523519349301407/IRS990ScheduleI
Petco Love,2025,990-SchI,ALASKA RURAL VETERINARY OUTREACH INC,45-4779560,ANCHORAGE,AK,2800,3027,"VACCINES, PRODUCTS",GENERAL SUPPORT,https://projects.propublica.org/nonprofits/full_text/202523519349301407/IRS990ScheduleI
Petco Love,2025,990-SchI,HOMEWARD TRAILS ANIMAL RESCUE,32-0086330,ARLINGTON,VA,2700,12853,"VACCINES, PRODUCTS",GENERAL SUPPORT,https://projects.propublica.org/nonprofits/full_text/202523519349301407/IRS990ScheduleI
Petco Love,2025,990-SchI,JOPLIN HUMANE SOCIETY INC,44-0664226,JOPLIN,MO,2700,6611,"VACCINES, PRODUCTS",GENERAL SUPPORT,https://projects.propublica.org/nonprofits/full_text/202523519349301407/IRS990ScheduleI
Petco Love,2025,990-SchI,MARLEY'S MUTTS DOG RESCUE,30-0636031,TEHACHAPI,CA,2700,2771,"VACCINES, PRODUCTS",GENERAL SUPPORT,https://projects.propublica.org/nonprofits/full_text/202523519349301407/IRS990ScheduleI
Petco Love,2025,990-SchI,ANIMAL WELFARE LEAGUE OF ARLINGTON,54-0603502,ARLINGTON,VA,2625,5308,"VACCINES, PRODUCTS",GENERAL SUPPORT,https://projects.propublica.org/nonprofits/full_text/202523519349301407/IRS990ScheduleI
Petco Love,2025,990-SchI,SANTA BARBARA COUNTY ANIMAL SERVICES,95-6002833,SANTA MARIA,CA,2625,4757,"VACCINES, PRODUCTS",GENERAL SUPPORT,https://projects.propublica.org/nonprofits/full_text/202523519349301407/IRS990ScheduleI
Petco Love,2025,990-SchI,LSU FOUNDATION (LOUISIANA STATE UNIVERSITY SCHOOL OF VETERINARY MEDICINE),72-6020969,BATON ROUGE,LA,2505,5691,"VACCINES, PRODUCTS",GENERAL SUPPORT,https://projects.propublica.org/nonprofits/full_text/202523519349301407/IRS990ScheduleI
Petco Love,2025,990-SchI,JELLYS PLACE,81-4784373,SAN PABLO,CA,2475,4577,"VACCINES, PRODUCTS",GENERAL SUPPORT,https://projects.propublica.org/nonprofits/full_text/202523519349301407/IRS990ScheduleI
Petco Love,2025,990-SchI,ALL ABOUT CATS RESCUE,45-2601858,FREEPORT,NY,2400,7120,"VACCINES, PRODUCTS",GENERAL SUPPORT,https://projects.propublica.org/nonprofits/full_text/202523519349301407/IRS990ScheduleI
Petco Love,2025,990-SchI,GREATER BIRMINGHAM HUMANE SOCIETY,63-0288810,BIRMINGHAM,AL,2400,3443,"VACCINES, PRODUCTS",GENERAL SUPPORT,https://projects.propublica.org/nonprofits/full_text/202523519349301407/IRS990ScheduleI
Petco Love,2025,990-SchI,HUMANE SOCIETY MANATEE COUNTY,59-1819652,BRADENTON,FL,2400,2723,"VACCINES, PRODUCTS",GENERAL SUPPORT,https://projects.propublica.org/nonprofits/full_text/202523519349301407/IRS990ScheduleI
Petco Love,2025,990-SchI,PAWS ANIMAL ADOPTION CENTER,23-7423028,ROCKPORT,ME,2310,4293,"VACCINES, PRODUCTS",GENERAL SUPPORT,https://projects.propublica.org/nonprofits/full_text/202523519349301407/IRS990ScheduleI
Petco Love,2025,990-SchI,CITY OF PASADENA TX ANIMAL CONTROL AND ADOPTION,74-6001846,PASADENA,TX,2184,3953,"VACCINES, PRODUCTS",GENERAL SUPPORT,https://projects.propublica.org/nonprofits/full_text/202523519349301407/IRS990ScheduleI
Petco Love,2025,990-SchI,HENDRICKS COUNTY HUMANE SOCIETY,35-1384739,DANVILLE,IN,2109,3050,"VACCINES, PRODUCTS",GENERAL SUPPORT,https://projects.propublica.org/nonprofits/full_text/202523519349301407/IRS990ScheduleI
Petco Love,2025,990-SchI,COMPANION ANIMAL WELFARE ALLIANCE,46-1695515,CHICO,CA,2100,5630,"VACCINES, PRODUCTS",GENERAL SUPPORT,https://projects.propublica.org/nonprofits/full_text/202523519349301407/IRS990ScheduleI
Petco Love,2025,990-SchI,CHARLOTTESVILLE-ALBEMARLE SPCA,54-0595009,CHARLOTTESVILLE,VA,2100,2996,"VACCINES, PRODUCTS",GENERAL SUPPORT,https://projects.propublica.org/nonprofits/full_text/202523519349301407/IRS990ScheduleI
Petco Love,2025,990-SchI,TIFT ANIMAL RESCUE INC,83-0771248,TIFTON,GA,1800,11241,"VACCINES, PRODUCTS",GENERAL SUPPORT,https://projects.propublica.org/nonprofits/full_text/202523519349301407/IRS990ScheduleI
Petco Love,2025,990-SchI,GOOD SHEPHERD HUMANE SOCIETY INC,71-0458910,EUREKA SPRINGS,AR,1800,5557,"VACCINES, PRODUCTS",GENERAL SUPPORT,https://projects.propublica.org/nonprofits/full_text/202523519349301407/IRS990ScheduleI
Petco Love,2025,990-SchI,PIONEER SPAY NEUTER CLINIC INC DBA CRITTERS WITHOUT LITTERS,26-3212836,HARRODSBURG,KY,1800,3318,"VACCINES, PRODUCTS",GENERAL SUPPORT,https://projects.propublica.org/nonprofits/full_text/202523519349301407/IRS990ScheduleI
Petco Love,2025,990-SchI,OSHKOSH AREA HUMANE SOCIETY,39-1709813,OSHKOSH,WI,1800,3287,"VACCINES, PRODUCTS",GENERAL SUPPORT,https://projects.propublica.org/nonprofits/full_text/202523519349301407/IRS990ScheduleI
Petco Love,2025,990-SchI,WASHINGTON HUMANE SOCIETY,72-1211247,FRANKLINTON,LA,1770,5074,"VACCINES, PRODUCTS",GENERAL SUPPORT,https://projects.propublica.org/nonprofits/full_text/202523519349301407/IRS990ScheduleI
Petco Love,2025,990-SchI,JANDYS HOME,38-3714965,ALTO,MI,1650,8398,"VACCINES, PRODUCTS",GENERAL SUPPORT,https://projects.propublica.org/nonprofits/full_text/202523519349301407/IRS990ScheduleI
Petco Love,2025,990-SchI,SPCA OF NORTHERN NEVADA,88-0386601,RENO,NV,1500,8932,"VACCINES, PRODUCTS",GENERAL SUPPORT,https://projects.propublica.org/nonprofits/full_text/202523519349301407/IRS990ScheduleI
Petco Love,2025,990-SchI,WENDYS MISFITS,81-3544232,LUFKIN,TX,1500,4195,"VACCINES, PRODUCTS",GENERAL SUPPORT,https://projects.propublica.org/nonprofits/full_text/202523519349301407/IRS990ScheduleI
Petco Love,2025,990-SchI,GIMME LOVE ANIMAL SHELTER,83-4067307,COALINGA,CA,1200,4293,"VACCINES, PRODUCTS",GENERAL SUPPORT,https://projects.propublica.org/nonprofits/full_text/202523519349301407/IRS990ScheduleI
Petco Love,2025,990-SchI,ST BERNARD PARISH ANIMAL SHELTER,72-6001193,VIOLET,LA,1200,3940,"VACCINES, PRODUCTS",GENERAL SUPPORT,https://projects.propublica.org/nonprofits/full_text/202523519349301407/IRS990ScheduleI
Petco Love,2025,990-SchI,SEATTLE VETERINARY OUTREACH,83-2653099,SEATTLE,WA,900,6236,"VACCINES, PRODUCTS",GENERAL SUPPORT,https://projects.propublica.org/nonprofits/full_text/202523519349301407/IRS990ScheduleI
Petco Love,2025,990-SchI,DEHART VETERINARY FOUNDATION,93-1469704,REKLAW,TX,0,12520,"VACCINES, PRODUCTS",GENERAL SUPPORT,https://projects.propublica.org/nonprofits/full_text/202523519349301407/IRS990ScheduleI
